id,display_name,display_name_alternatives,orcid
A5061582462,K. Reeves,Kendall Brad Reeves; K. Reeves; Kerri Reeves; Katherine W. Reeves; Kendall Reeves,https://orcid.org/0000-0003-3504-4882
A5070093678,J. R. Bensinger,Jim Bensinger; J. R. Bensinger; J.R Bensinger; J. Bensinger,
A5026410195,Sean C. Solomon,S. C. Solomon; Samuel Solomon; Sean Solomon; S. Solomon; Sean C. Solomon,https://orcid.org/0000-0001-8328-7251
A5059010578,A. Apyan,Aram Apyan; A. Apyan,https://orcid.org/0000-0002-9418-6656
A5052171520,Bruce M. Foxman,B. Foxman; Bruce Foxman; Bruce M. Foxman; B. M. Foxman,https://orcid.org/0000-0001-5707-8341
A5107829743,G. Sciolla,G. Sciolla,
A5032293034,D. Camarero Munoz,Daniel Camarero Munoz; D. Camarero Munoz; Daniel Muñoz; A. Camarero Munoz; A. Munoz; D. Muñoz; D. Camarero,https://orcid.org/0000-0002-2855-7738
A5107848345,L. Kirsch,L. E. Kirsch; L. Kirsch,
A5105829959,G. Frattari,G. Frattari; Guglielmo Frattari,https://orcid.org/0000-0002-7829-6564
A5107876414,S. Dhaliwal,S. Dhaliwal; Saminder Dhaliwal,
A5048113506,James E. Haber,N. Habermann; Nina Habermann; James E. Haber; J. Haber; J. E. Haber; James Haber,https://orcid.org/0000-0002-1878-0610
A5013954074,Irving R. Epstein,Irving Epstein; I. Epstein; I. R. Epstein; Iiving R. Epstein; Irving R. Epstein,https://orcid.org/0000-0003-3180-4055
A5014111316,Albert Guérard,Albert Leon Guerard; A. Guérard; A.L. Guerard; Albert L. Guerard; A. Guerard; Albert Guerard; Albert Guérard; A. L. Guérard; Albert Guêrard; Albert Léon Guérard,
A5041353759,Barry B. Snider,B. B. Snider; B.B Snider; B. Snider; Barry Snider; Barry. B. Snider; Barry B. Snider; B. B SNIDER; Barry B . Snider,
A5024858502,C. Blocker,Craig A. Blocker; C. A. Blocker; Craig Alan Blocker; Craig Blocker; C. Blocker,https://orcid.org/0000-0001-6898-5633
A5054511305,Eve Marder,E. Marder; Eve E. Marder; Eve Marder,https://orcid.org/0000-0001-9632-5448
A5003561069,G. Sciolla,G. Sciolla; Gabriella Sciolla,https://orcid.org/0000-0002-8482-1775
A5082160309,Sacha B. Nelson,J. S. Nelson; Nelson Y.‐S. Kiang; Ion S. Nelson; J. Nelson; Sacha Nelson; N.Y.S Kiang; Stephanie Nelson; Timothy S. Nelson; S. B. Nelson; S. R. Nelson; Brian S. Nelson; S. Nelson; Nelson Y.‐S. Klang; Joel S. E. Nelson; Jon S. Nelson; Stephanie S. Nelson; B. S. Nelson; Jon Nelson; BRIAN S NELSON; Nelson Y.S Kiang; Nelson Y.S. Klang; N. Y.‐S. Kiang; N. Y. S. Kiang; S. B Nelson; Nelson Yuan‐Sheng Kiang; Brian Nelson; Sarah Nelson; N.‐Y. S. Kiang; T Nelson; N.Y. Kiang; Sacha B. Nelson; T. S. Nelson; N. Kiang; N.Y.‐S. Kiang; Sam Nelson; Samuel H. Nelson; Nelson Y. S. Kiang; Sacha B. Nelson,https://orcid.org/0000-0002-0108-8599
A5018008959,Paul Miller,P. C. H. Miller; Paul Ch Miller; Paul C. Miller; Paul C.H. Miller; P. C. Miller; P C. Miller; Paul Miller; P. Miller,https://orcid.org/0000-0002-9280-000X
A5047341182,S. Deser,S. Deser; Stanley D Deser; Stanley Deser,https://orcid.org/0000-0001-9285-9434
A5078404399,Ashton Graybiel,Ashton Lynd Graybiel; Ashton Graybiel; A. Graybiel,
A5110076486,William P. Jencks,W. Jencks; William Jencks; W. P. Jencks; William Platt Jencks; William P. Jencks,
A5068402917,Michael Rosbash,M. M. Rosbash; Michael Rosbash; Michaek Rosbash; M. Rosbash,https://orcid.org/0000-0003-3366-1780
A5102888336,D. A. Trischuk,D.A Trischuk; D. Trischuk; Dominique Anderson Trischuk; Dominique Trischuk; W. Trischuk; D. A. Trischuk,https://orcid.org/0000-0001-6204-4445
A5012141433,James Pustejovsky,James David Pustejovsky; J. Pustejovsky; James D. Pustejovsky; James Pustejovsky,https://orcid.org/0000-0003-2233-9761
A5091062114,M. Goblirsch-Kolb,Maximilian Emanuel Goblirsch‐Kolb; M. Goblirsch‐Kolb; Maximilian Goblirsch‐Kolb,https://orcid.org/0000-0002-2785-9654
A5088911788,S. Solomon,Shalu Solomon; S. Solomon,https://orcid.org/0000-0002-7378-4454
A5107829481,G. Sciolla,G. Sciolla; Gabriella Sciolla,
A5014900252,Dagmar Ringe,D. Ringe; Dagmar Ringe,
A5105666059,S. V. Addepalli,S. V. Addepalli; Sagar Vidya Addepalli; S. Addepalli; S.V Addepalli; Sagar Addepalli,https://orcid.org/0000-0002-2919-6663
A5013526513,Howard J. Schnitzer,Howard J. Schnitzer; Howard Schnitzer; H. Schnitzer; H. J. Schnitzer,https://orcid.org/0000-0002-7898-2855
A5046416146,F. Capocasa,Francesca Capocasa; F. Capocasa,https://orcid.org/0000-0002-3562-9592
A5004494409,Klaus Schmidt‐Rohr,K. Schmidt‐Rohr; Klaus Schmidt‐Rohr; K SCHMIDTROHR; K. Schmidtrohr,https://orcid.org/0000-0002-3188-4828
A5087526768,Gerald D. Fasman,G. Fasman; Gerald D. Fasman; Gerald Fasman; G. D. Fasman,
A5012246649,Stephen J. Whitfield,S. J. Whitfield; S. Whitfield; Stephen J. Whitfield; Stephen Whitfield,https://orcid.org/0000-0002-9430-2290
A5013486786,Margie E. Lachman,M. Lachman; Margie Lachman; Marjorie Lachman; Margie E. Lachman; E. Lachman Margie; M. E. Lachman,https://orcid.org/0000-0003-3027-8735
A5111855740,Stephen G. Cecchetti,Stephen G. Cecchetti; S. G. Cecchetti; S. Cecchetti; Stephen Cecchetti,
A5060678650,Donald S. Shepard,P.D Shepard; Donald Sloane Shepard; DonaldS. Shepard; D. S. Shepard; Donald S. Vian Shepard; D. Shepard; Don Shepard; P. D. Shepard; Donald S Shepard Shepard; Shepard Ds; Donald Shepard; Professor Donald S. Shepard; Don S. Shepard; Donald S. Shepard,https://orcid.org/0000-0003-2187-0593
A5062407037,Carol A. Fierke,C. A. Fierke; Carol A. Fierke; C FIERKE; Carol Ann Fierke; Carol Fierke,https://orcid.org/0000-0002-1481-0579
A5110878487,Editorial Staff,Editorial Staff,
A5105520517,Emily Rose Duden,Emily Duden Duden; E. R. Duden; Emily Rose Duden; E. Duden; E.R Duden; Emily Duden,https://orcid.org/0000-0002-9092-9344
A5045608934,Michael W. Marcellin,M. W. Marcellin; M. Marcellin; Michael Marcellin; Michael W. Marcellin,https://orcid.org/0000-0001-9606-134X
A5065211438,Jordan Pollack,J. B. Pollack; Jordan Pollack; J. Pollack; Jordan B. Pollack,https://orcid.org/0009-0008-0819-3819
A5071574342,John Lisman,J. E. Lisman; J. Lisman; John Lisman; John E. Lisman,https://orcid.org/0000-0003-2676-225X
A5105417387,S. Behrends,Steve Behrends; S. Behrends,
A5029107179,Robert Sekuler,R. W. Sekuler; R. Sekuler; Robert Sekuler; Robert William Sekuler; Robert W. Sekuler,https://orcid.org/0000-0002-2519-4943
A5002081198,Aldo Musacchio,A. Musacchio; Aldo Musacchio And Aurora Gómez Galvarriato; Aldo Musacchio,https://orcid.org/0000-0003-3400-9938
A5054983968,D. Clark,D.K. Clark; David K. Clark; D. Clark; David Kendall Clark,
A5068795367,Elina Ikonen,Elina Ikonen; E. Ikonen; Essi Ikonen; Eden Ikonen; E M Ikonen; Elina Maria Ikonen,https://orcid.org/0000-0001-8382-1135
A5043078069,J. F. C. Wardle,J. F. Wardle; J. Wardle; John Wardle; John F. C. Wardle; John F. Wardle; J. F. C. Wardle,https://orcid.org/0000-0002-8960-2942
A5023444438,Serge N. Timasheff,S. N Timasheff; S. N. Timasheff; Serge Timasheff; Serge N. Timasheff,
A5034525299,D. Dodsworth,D. Dodsworth; David Dodsworth; David Michael Dodsworth,https://orcid.org/0000-0002-6720-9883
A5013789390,George L. Kenyon,George Kenyon; G. Daniel Kenyon; G. L. Kenyon; George L. Kenyon,
A5083616699,Michael F. Hagan,M Hagan; M. F. Hagan; Michael Hagan; Michael Francis Hagan; Michael F. Hagan; Michael. F. Hagan,https://orcid.org/0000-0002-9211-2434
A5055450661,Susan T. Lovett,Sean P Lovett; Susan Lovett; P. S. Lovett; S. P. Lovett; S. Lovett; Lovett Ps; Paul S. Lovett; Susan T. Lovett; S. T. Lovett,https://orcid.org/0000-0003-2792-1857
A5082895486,Bulbul Chakraborty,Bulbul Chakraborty; B. Chakraborty; B. K. Chakraborty,https://orcid.org/0000-0002-3589-8207
A5107863061,G. Amundsen,G. Amundsen,
A5088368205,Rashid Khalidi,Rashid Ismail Khalidi; Rashid Khalidi; Rashid I. Khalidi,
A5109569248,Aimee Slater,Aimee Slater; A Slater; A. L. Slater,
A5079961070,Antony Polonsky,A. Polonsky; A. B. Polonsky; Antony. Polonsky,
A5105718673,P. A. Gorbounov,Petr Andreevich Gorbounov; P. A. Gorbounov; P.A Gorbounov; P. Gorbounov; Petr Gorbounov,https://orcid.org/0000-0001-9135-1516
A5077276358,John Lewis Gaddis,John Gaddis; J.L. Gaddis; John L. Gaddis; John Lewis Gaddis.,
A5030305482,Harry Zohn,Harry Zohn; H. Zohn,
A5110656317,S. Gozpinar,S. Gozpinar; Serdar Gozpinar,
A5055490211,Leonard Saxe,Saxe; L. Saxe; Leonard S. Saxe; Leonard Saxe; Len Saxe,https://orcid.org/0000-0003-3381-8637
A5003615875,Kenneth Kustin,Kenneth. Kustin; K. Kustin,
A5109056677,H. Wellenstein,H. F. Wellenstein; Hermann F. Wellenstein; Hermann Wellenstein; H. Wellenstein; Hermann Fridenant Wellenstein,
A5012964442,James R. Lackner,James Lackner; J. Lackner; James R. Lackner; J. R. Lackner,https://orcid.org/0000-0002-5383-0302
A5105675045,A. Venturini,Alessio Venturini; A. Venturini,
A5023102369,Judith Herzfeld,Judith. Herzfeld; J. Herzfeld,https://orcid.org/0000-0001-8664-3995
A5025719333,Jacques Gutwirth,Jacques Gutwirth; J. Gutwirth,
A5109034021,John F. Kain,J Kain; JOHN F. ΚΑΙΝ; John Forrest Kain; John Kain; J. F. Kain; John F. Kain,
A5106858548,E. A. Fitzgerald,Eric Andrew Fitzgerald; E. A. Fitzgerald; Eric Fitzgerald; Eric Andrew Vitus Fitzgerald,
A5011399310,Traci C. Green,Traci C. Green; Traci Green; Traci Craig Green,https://orcid.org/0000-0001-9105-6904
A5052731325,K. O’Connor,K. O'Connor; K. O’Connor; Kelsey O'Connor; Kelsey Shea O'Connor,https://orcid.org/0000-0002-4036-5317
A5067552086,Joel Cutcher‐Gershenfeld,Joel Ethan Cutcher‐Gershenfeld; Joel. Cutcher‐Gershenfeld; Joel E. Cutcher‐Gershenfeld; J. Cutcher‐Gershenfeld,https://orcid.org/0000-0001-7659-7024
A5062965638,John L. Black,J.L Black; John L. C. Black; J. Black; John Black; J. L. Black; John Logan Black; John L. Black,https://orcid.org/0000-0001-6726-7293
A5064408362,Arthur Wingfield,Wingfield Arthur; A. Wingfield; Arthur Wingfield,https://orcid.org/0000-0003-3887-3483
A5013114433,Kurt H. Wolff,Kurt H. Wolff; Kurt Wolff; K. H. Wolff; K Wolff; K.‐H. Wolff,
A5026444055,Ricardo Godoy,Ricardo Godoy; R. A. Godoy; R. Godoy; Ricardo Alfonso Godoy; Ricardo A. Godoy,https://orcid.org/0000-0003-0121-6949
A5022221004,Ernest Grunwald,Ernest. Grunwald; E. Grunwald,
A5087486799,Brian Swingle,B G Swingle; Brian G. Swingle; Brian Gordon Swingle; Brian Swingle; B. Swingle,https://orcid.org/0000-0003-0334-3108
A5107876416,M. Goblirsch-Kolb,Maximilian Emanuel Goblirsch‐Kolb; M. Goblirsch‐Kolb; Maximilian Goblirsch‐Kolb,
A5049913352,Raymond A. Knight,R. A. Knight; Raymond Knight; R. Knight; Raymond A. Knight,https://orcid.org/0000-0002-9521-1921
A5056710304,Manning Marable,M. M. Marable; Manning Marable,
A5026919394,Qing Xie,Q. Xie; Qing Mei Xie; Qing Xie; Qingjian Xie; Qi‐Zhong Xie; Qihao Xie,https://orcid.org/0000-0003-2889-5670
A5013170242,Seth Fraden,Seth Fraden; S. Fraden,https://orcid.org/0000-0002-2420-9939
A5064337354,Stephen McBride,Stephen Mcbride; Stephen K. McBride; S. McBride,https://orcid.org/0009-0008-5222-0474
A5083404534,Lizbeth Hedstrom,L. Hedstrom; L.K. Hedstrom; Lizbeth Hedstrom,https://orcid.org/0000-0001-8432-3322
A5029016892,Jané Kondev,J. Kondev; Jane Kondev; Jane' Kondev; Jané Kondev; Kondev Jane,https://orcid.org/0000-0001-7522-7144
A5089000128,Myron Rosenblum,Myron. Rosenblum; M. Rosenblum,
A5101799954,K O'Malley,Katherine E O'Malley; K. O'Malley; K. O’Malley; Kevin OʼMalley; K. E. O’Malley; K. O′Malley; Kevin O’Malley; Kevin O'Malley,https://orcid.org/0000-0002-4868-8137
A5107868060,G. Sciolla,G. Sciolla,
A5105519987,D. T. Zenger,D.T Zenger; Douglas Todd Zenger; D. T. Zenger; Douglas Todd Zenger Jr; Todd Zenger,https://orcid.org/0000-0002-4867-3138
A5051802716,Naresh Kumar,N. Ravi Kumar; Nithish Kumar; Naresh Kumar; N. Kumar; Nina Sankriti Kumar,https://orcid.org/0000-0001-6200-9172
A5107854497,N. Miladinovic,N. Miladinovic,
A5037961010,Victor H. Matthews,V. H. Matthews; Victor Matthews; V. Matthews; Victor Harold Matthews; Victor H. Matthews,
A5042896421,Cyrus H. Gordon,Cyrus Herzl Gordon; C. H. Gordon; Cyrus Gordon; Cyrus H. Gordon,
A5062225126,Bruce L. Goode,B. L. Goode; B. Goode; Goode Bl; Bruce L. Goode; Bruce Goode,https://orcid.org/0000-0002-6443-5893
A5037189248,Tzvi Abusch,Tzvi Abusch; T. Abusch,
A5008225248,Jonathan Touboul,Jonathan D. Touboul; J. Touboul; Jonathan Touboul; Jonathan David Touboul,https://orcid.org/0000-0003-1366-0414
A5050163260,Ira M. Gessel,Ira Martin Gessel; I Gessel; Ira Gessel; Ira M. Gessel,https://orcid.org/0000-0003-1061-5095
A5070276445,C. Blocker,C. A. Blocker; Calif Blocker; C. Blocker,
A5060006673,Jutta M. Wolf,Jutta M. Wolf; Jutta Manuela Wolf; Jutta Wolf; J.M. Wolf,
A5114013664,Saul G. Cohen,S. Cohen; S. G. Cohen; Saul Cohen; Saul Gerald. Cohen; Saul G. Cohen,
A5090140696,Eugene Goodheart,Eugene Goodheart,
A5107145791,J. I. Lamoureux,Ji Lamoureux; J. Lamoureux; J. I. Lamoureux,
A5011929421,Joanne Nicholson,J M Nicholson; J. Nicholson; Joanne Nicholson,https://orcid.org/0000-0003-4470-378X
A5108388864,Grant A. Ritter,Grant A. Ritter; G. A. Ritter; G. Ritter; Grant Ritter,
A5047117464,Z. M. Schillaci,Z.M Schillaci; Zachary Schillaci; Z. M. Schillaci; Zachary Michael Schillaci,https://orcid.org/0000-0002-6978-5323
A5107824125,V. Gratchev,V. Gratchev,
A5036953367,James A. Storer,J. A. Storer; James Andrew Storer; James Storer; J. Storer; James A. Storer; J STORER,
A5078810942,Constance M. Horgan,C. Horgan; Connie M Horgan; C. M. Horgan; Constance M. Horgan; Constance Horgan; Constance H Horgan,https://orcid.org/0000-0002-2659-7082
A5110895752,Max Lerner,M.J Lerner; M Lerner; Max Lerner; Max J. Lerner,
A5000399424,Angela Gutchess,A. H. Gutchess; Angela Hall Gutchess; A. Gutchess; Angela H. Gutchess; Angela Gutchess; Angel H. Gutchess,https://orcid.org/0000-0003-3047-5907
A5107907718,K. O’Connor,Kelsey Shea O'Connor; K. O’Connor; Kate O'Connor; K. O'Connor; Kelsey O'Connor,https://orcid.org/0000-0001-8079-4450
A5042320425,Monika Mitra,M. K. Mitra; Madhusree Mitra; M. Mitra; Monika Mitra,https://orcid.org/0000-0002-4089-3240
A5012857095,Piali Sengupta,Parijat Sengupta; P. Sengupta; Piali Sengupta; P. K. Sengupta,https://orcid.org/0000-0001-7468-0035
A5110198451,Jerome A. Schiff,Jerome Schiff; J Schiff; Jerome A. Schiff; J. A. Schiff,
A5072088505,Edward K. Kaplan,E. Kaplan; Edward Kaplan; Edward K. Kaplan,
A5071376755,Dorothee Kern,D.Y. Kern; D. Kern; Dorothee Kern,https://orcid.org/0000-0002-7631-8328
A5081649301,David J. DeRosier,David Derosier; D. J. Derosier; David J. Derosier; D. DeRosier,https://orcid.org/0000-0001-7946-3371
A5004957006,Elizabeth Brainerd,Elizabeth L. Brainerd; E. Brainerd; E. L. Brainerd; Elizabeth Brainerd; E.L Brainerd,https://orcid.org/0000-0002-2820-2136
A5067543378,Jonathan D. Sarna,Jonathan D. Sarna; J. D. Sarna; J. D Sarna; Jonathan Sarna,https://orcid.org/0000-0002-7700-3109
A5086089915,Hongfu Liu,Hong‐Fu Liu; Liu Hongfu; L.I. Hong‐fu; Liu Hong‐fu; Hongfu Liu,https://orcid.org/0000-0002-4261-8154
A5037182123,L. J. Bergsten,Laura Bergsten; Laura Jean Bergsten; L.J Bergsten; L. J. Bergsten,
A5055614347,William H. Crown,W. Crown; W. H. Crown; William Crown; William H. Crown,https://orcid.org/0000-0002-8822-2737
A5087649531,Aparna Baskaran,A. Baskaran; Aparna Baskaran; Arleen Susan Baskaran,https://orcid.org/0000-0003-1899-9978
A5109091920,Abraham H. Maslow,Abraham Maslow; A. H. Maslow; Abraham H. Maslow; Abraham Harold Maslow,
A5003865870,Christine E. Bishop,Christine E. Bishop; Bishop Ce; Bishop C; Cath Bishop; Callie L Bishop; C. Bishop; C. E. Bishop; Christine Bishop; Christine E. Bishop,https://orcid.org/0000-0002-4763-9819
A5008148363,Graham Wright,G. Wright; G.W Wright; Graham W. Wright; Graham Wright; G. W. Wright,https://orcid.org/0000-0002-9280-852X
A5108399987,R. G. Shulman,R. G. Shulman; R G. Shulman; R.G Shulman; Robebt G. Shulman,
A5027745223,Vincent Persichetti,Vincent Persichetti,
A5105841294,K. M. Loew,K. M. Loew; K. Loew; Kevin Michael Loew,
A5108413972,Alfred G. Redfield,Alfred G. Redfield; Alfred Guillou Redfield; A. G. Redfield; A.G Redfield; Alfred Redfield,
A5031941107,Mary Jo Larson,Mary J.O. Larson; Mary Larson; M. Larson; Mary Jo Larson; Mary J. Larson,https://orcid.org/0000-0003-3417-2882
A5048398346,Kiyoshi Igusa,Kiyoshi Igusa; K. Igusa,https://orcid.org/0000-0003-2780-0924
A5035762581,Jeff Gelles,J. Gelles; Jeff Gelles,https://orcid.org/0000-0001-7910-3421
A5074391834,Pierre van Moerbeke,P. Moerbeke; P. Van Moerbeke; Pierre Moerbeke; Pierre Van Moerbeke,
A5044339791,Jody Hoffer Gittell,Jody H. Gittell; Gittell Jh; Jody Gittell; J H Gittell; Jody Hoffer Gittell,https://orcid.org/0000-0003-2334-0246
A5107863711,G. D. Carrillo-Montoya,G. D. Carrillo‐Montoya,
A5048755820,Dominic Hodgkin,Dominic Hodgkin; D. K. R. Hodgkin; D. Hodgkin,https://orcid.org/0000-0002-4494-9176
A5052965284,Thomas C. Pochapsky,Thomas Pochapsky; T. Pochapsky; Thomas Charles Pochapsky; T. C. Pochapsky; Thomas C. Pochapsky,https://orcid.org/0000-0001-8995-1088
A5065756104,Zhonghao Jiang,Ziqing Jiang; Zhong Hao Jiang; Z.‐H. Jiang; Z. H. Jiang; Zhonghao Jiang; Zhong‐Hao Jiang; Zixiang Jiang; Z. Jiang; Z.H Jiang,https://orcid.org/0000-0002-5435-0722
A5017222943,Paul Garrity,Paul A. Garrity; P. A. Garrity; Paul Garrity,https://orcid.org/0000-0002-8274-6564
A5107888727,S. Dhaliwal,S. Dhaliwal,
A5063639195,Gina G. Turrigiano,G. Turrigiano; G. G. Turrigiano; Gina G. Turrigiano; G.G Turrigiano; Gina Turrigiano,https://orcid.org/0000-0002-4476-4059
A5052501746,Dmitry Kleinbock,Dmitry Ya. Kleinbock; D. Kleinbock; Dmitry Kleinbock; D. Ya. Kleinbock; Dmitry Y. Kleinbock; D. Y. Kleinbock,https://orcid.org/0000-0002-9418-5020
A5056127647,Leslie A. Zebrowitz,Leslie Zebrowitz; Leslie Zebrowitz McArthur; Leslie Z. McArthur; L. A. Zebrowitz; Leslie A. Zebrowitz; L. Zebrowitz,https://orcid.org/0000-0001-9183-8914
A5107871213,G. Sciolla,G. Sciolla,
A5058004344,Leslie C. Griffith,Leslie Griffith; L. C. Griffith; Griffith Lc; Leslie C. Griffith,https://orcid.org/0000-0003-3164-9876
A5090081740,Deborah W. Garnick,D Garnick; Deborah W. Garnick; D. W. Garnick; Deborah Garnick; Garnick Dw,https://orcid.org/0000-0002-9417-118X
A5033168441,Pengyu Hong,P. Hong; Pengyu Hong; Peichao Hong,https://orcid.org/0000-0002-3177-2754
A5036715761,Nianwen Xue,N.W. Xue; N.A. Xue'; NAIWEN XUE; Nianwen Xue,https://orcid.org/0000-0002-4364-3618
A5005450143,Anne Bezanson,A. Bezanson; Anne Bezanson,
A5110333618,Carolyn Cohen,C K Cohen; C. Cohen; Carolyn Cohen,
A5108220664,Silvan S. Schweber,Silvan S. Schweber; S. Schweber; S. S. Schweber; Silvan Schweber; Silvan Sam Schweber,
A5108470849,George L. Gaines,George Gaines; GEORGE L. JUN. GAINES; G. L. JUN. GAINES; G. L. Gaines; George Loweree Gaines; G.L Gaines; G Gaines; George L. Gaines,
A5108808778,Susan Kemper,Susan J. Kemper; S Kemper; Susan Kemper,
A5034939127,Raphael Schoenle,Raphael S. S Schoenle; Raphael S. Schoenle; Raphael Schoenle,https://orcid.org/0000-0001-9017-9849
A5040505592,Margaret K. Nelson,M. Nelson; M K Nelson; Margaret Nelson; Margaret K. Nelson,https://orcid.org/0000-0002-2453-8548
A5107878019,James Bensinger,James Bensinger; J. R. Bensinger; James R. Bensinger,
A5085855546,Jeroen M. G. Stevens,J. M.G. Stevens.; J.M.G Stevens; Jeroen Stevens; J. Dalton Stevens; J.M. Stevens; J. Stevens; Jeroen M. G. Stevens; Jeroen Mg Stevens; J. M Stevens; J. M. G. Stevens; Jeroen M. G Stevens,https://orcid.org/0000-0001-6730-4824
A5112206792,Gary H. Jefferson,Gary Jefferson; Gary H. John Zhiqiang Zhao Mai Lu Jefferson; Gary H. Jefferson; G. H. Jefferson,
A5111498798,Helen Van Vunakis,Helen. Van Vunakis; H V Vunakis; H. Van Vunakis,
A5108833899,Matt Addison,Matt Addison,
A5103564360,H. E. Huxley,Hugh E. Huxley; H. E. Huxley; Hugh Esmor Huxley; Hugh Huxley; H.E. . Huxley,
A5083795553,Mia Mikić,M. Mikic; Mia Mikić; Mia Mikic,https://orcid.org/0000-0001-9974-2781
A5009532141,Peter Foster,P. J. Foster; P. Foster; Peter Foster; Peter J. Foster; Peter John Foster,https://orcid.org/0000-0003-1818-5886
A5079216433,Franklin L. Burdette,Franklin Burdette; Franklin L. Burdette,
A5108610160,Morton Keller,M. D. Keller; Morton Keller; M Keller,
A5049648843,Gregory L. Freeze,G. L. Freeze; Gregory L. Freeze; Gregory Freeze,https://orcid.org/0000-0002-1878-5606
A5105649429,Maya Nicole Mancini,Maya Nicole Mancini; M. N. Mancini,https://orcid.org/0000-0003-1103-0179
A5008356734,Susan L. Parish,Susan Parish; Susan L. Parish; S. L. Parish; S. Parish,https://orcid.org/0000-0001-9045-1750
A5022673361,Magali B. Hickey,Magali B. Hickey; Magali Hickey; M. B. Hickey,
A5058681045,David I. Auerbach,D.I. Auerbach; David Auerbach; David I. Auerbach; D. Auerbach,https://orcid.org/0000-0003-2736-0586
A5007892357,Robert T. Brennan,R T Brennan; Robert Thomas Brennan; R. Brennan; Robert T. Brennan; Robert Brennan,https://orcid.org/0000-0001-6158-225X
A5003388525,Blake LeBaron,Blake Lebaron; Blake D. LeBaron; B. Lebaron,https://orcid.org/0000-0003-4034-2139
A5062401066,Maurice Auslander,Auslander Maurice; M. Auslander; Maurice Auslander,
A5107861274,M. Kolb,M. Kolb,
A5108097619,T. Pauly,T. Pauly,
A5070466435,Daniel Ruberman,Daniel Ruberman,https://orcid.org/0000-0001-5126-6122
A5002597607,Donald B. Katz,Donald Katz; D. Katz; Donald B. Katz; D. B. Katz; Donald Brian Katz; Don Katz,https://orcid.org/0000-0002-8444-6063
A5018225782,Charles Kadushin,C. Kadushin; Charles Kadushin,
A5081296722,Richard Flynn,Richard Bernard Flynn; Richard B. Flynn; Richard Flynn; R Flynn,
A5071901479,Thomas C. Hollocher,Thomas C. Hollocher; T. Hollocher; T.C. Hollocher; T. C. HOLLOCHER,
A5090824055,Paul DiZio,P. Dizio; Paul A. Dizio; Paul Dizio,https://orcid.org/0000-0003-1083-8125
A5108346514,Anne Valentine,A. Valentine; Angie Valentine; A Z Valentine; Anne Valentine; A.S. Valentine,
A5109201483,Lorraine V. Klerman,Lorraine V. Klerman; L Klerman; L. V. Klerman; L. V Klerman; Lorraine Klerman,
A5109428990,Tay McNamara,Tay Mcnamara; Tay K. Mcnamara,
A5108381838,K.C. Hayes,K.C Hayes; K. C. Hayes,
A5003799623,Rhoda K. Unger,Rhoda K. Unger; R. Unger; Rhoda Unger; Rhoda Kesler Unger,
A5051947552,Nidhiya Menon,N.R. Ratish Menon; Nidhiya Menon; N Menon; N. Rajiv Menon,https://orcid.org/0000-0002-3871-1081
A5009313247,Peter C. Jordan,P.C.H. Jordan; Peter C. Jordan; P. C. Jordan; Peter Jordan,
A5059330672,David Shneer,David Shneer; D. Shneer,
A5107914585,C. Blocker,C. Blocker,
A5040170946,Geoffrey Tillotson,G.H.R. Tillotson; G. Tillotson; Geoffrey Tillotson,
A5043804642,Rachel McCulloch,R. D. McCulloch; R.D McCulloch; Rachel Mc‐Culloch; R.D.AFFILIATION Oak Ridge McCulloch; Rachel Mcculloch,
A5084641326,Bong H. Lian,Bong Hor Lian; Bong H. Lian; Bong Lian; B. H. Lian; B. Lian,
A5103345101,Stanford Moore,Stanford. Moore; S.A. Moore,
A5110147225,Sidney Golden,S. Golden; S. van Golden; Sidney. Golden,
A5059114745,R. Trappitsch,R. Trappitsch; Reto Georg Trappitsch; Reto Trappitsch; R G Trappitsch,https://orcid.org/0000-0002-0924-236X
A5010133074,Carol L. Osler,Carol L. Osler; C. Osler; C. L. Osler; Carol Osler,https://orcid.org/0000-0003-0210-9512
A5107883915,L. J. Bergsten,Laura Jean Bergsten; L. J. Bergsten,
A5014766150,Jennifer Anna Gosetti‐Ferencei,Jennifer Anna Gosetti‐Ferencei; Jennifer Gosetti‐Ferencei; J. A. Gosetti‐Ferencei,https://orcid.org/0000-0003-3150-7106
A5019807285,Alex Willett,A. Willett; A.L. Willett; Alex Willett,https://orcid.org/0000-0002-8901-3494
A5044836448,David G. Gil,David Guillén Gil; David Gil; D Gil; David G. Gil,
A5107946122,Aleksey Soloshenko,Aleksey Soloshenko; A. Soloshenko,
A5111829918,Jerome Levine,Jerome P. Levine; J. Levine; J. P. Levine; Jerome Levine,
A5070472954,A. P. Krueger,Anja Krueger; August Krueger; A. P. Krueger; A. Krueger,https://orcid.org/0000-0003-0227-8674
A5012321109,Bin Huang,B Huang; H Bin; Bin Huang; Huang Yan Bin; Huang Bin,https://orcid.org/0000-0002-0056-1794
A5066188616,Richard W. Redman,Richard Redman; Richard W. Redman; R. W. Redman; R Redman,
A5074314620,William B. Stason,William Stason; W. B. Stason; William B. Stason; W. Stason,
A5113767146,Phyllis R. Silverman,Phyllis R. Silverman; P. R. Silverman; Phyllis Silverman; P. Silverman; Phyllis Rolfe Silverman,
A5082722086,S. Dhaliwal,S. Dhaliwal,
A5111725329,David Freifelder,David Freifelder; David Michael Freifelder; D. Freifelder,
A5034167822,Bert Gold,Bert Gold; B. Gold; Gold Bert; Bailey C Gold,
A5039048786,Gerald W. Schwarz,Gerald W. Schwarz; G. Schwarz; Gerald Schwarz; G. W. Schwarz,https://orcid.org/0000-0002-0857-2594
A5027463782,Laura J. Miller,Laura Miller; L. Miller; L.J. Miller; L. James Miller; Laura J. Miller,https://orcid.org/0000-0003-3672-2518
A5039186877,S. Dhaliwal,S. Dhaliwal,
A5008377738,Petr Kuzmič,Petr Kuzmič; Petr Kuzmic̆; Peter Kuzmic; Petr Kuzmic; P. Kuzmic,https://orcid.org/0000-0001-5250-8381
A5041777143,Daniel D. Oprian,D.D. Oprian; D. D Oprian; Daniel Oprian; Daniel Dimitru Oprian; Daniel D. Oprian,https://orcid.org/0000-0002-6520-5459
A5088960584,R. Xiao,Ruixuan Xiao; Ruiyang Xiao; R. Xiao; Ren Xiao; R.R. Xiao,
A5050201944,Karel C. Berkhoff,Karel Cornelis Berkhoff; Karel C. Berkhoff; K. C. Berkhoff; Karel Berkhoff,
A5056775125,Jytte Klausen,Jytte. Klausen,
A5078189625,James D. Howard,James Howard; J. D. Howard; James D. Howard,https://orcid.org/0000-0002-9309-3773
A5006972885,Susan S. Lanser,Susan S. Lanser; Susan Lanser; Susan Sniader Lanser,https://orcid.org/0009-0007-9384-4147
A5032254386,Timothy J. Hickey,J HickeyTimothy; Tim Hickey; T. Hickey; Timothy Hickey; Timothy J. Hickey; T. J. Hickey,https://orcid.org/0000-0002-4583-686X
A5014706647,Yanping Xu,Yanping Xu; Yutong Xu; Yan‐Ping Xu; XU Yan‐ping; Y. Xu; X. Yanping; Xu Yanping; Y H Xu; Yaoqing Xu,https://orcid.org/0000-0002-0828-3573
A5111838821,Erwin R. Goodenough,E. R. Goodenough; E Goodenough; Erwin R. Goodenough; Erwin Ramsdall Goodenough; Erwin Goodenough,
A5000465163,Sharon Reif,Sharon Reif; S. Reif,https://orcid.org/0000-0002-9234-5641
A5027347094,Prakash Kashwan,Prakash Kashwan,https://orcid.org/0000-0001-5540-5994
A5103399377,Richard S. Ross,Richard S. Ross; Richard Ross,
A5110423107,Jessica Brown,Jessica L. Brown; J. Brown; J. Larry Brown; J. L. Dickson Brown; J. L. Brown; Jessica Brown,
A5066878883,Karen V. Hansen,K.V. Hansen; Karen Hansen; Karevn V. Hansen; K Hansen; Karen V. Hansen,https://orcid.org/0000-0001-8774-0260
A5024796724,Larry J. Friedman,Larry J. Friedman; Larry Friedman; L. J. Friedman,https://orcid.org/0000-0003-4946-8731
A5028406457,Susan J. Birren,B. W. Birren; Susan J. Birren; Bruce Birren; S. J. Birren; Bruce W. Birren,https://orcid.org/0000-0003-0488-0765
A5076987395,Baruch Kimmerling,Baruch Kimmerling,
A5087236849,Maxim D. Shrayer,Maxim Shrayer; Maxim D. Shrayer,
A5038140921,Sebastián Kadener,Sebastian Kadener; Sebastián Kadener; S. Kadener,https://orcid.org/0000-0003-0080-5987
A5065660197,Olivier Bernardi,Olivier Bernardi,https://orcid.org/0000-0003-3231-7152
A5107871509,K. M. Loew,K. M. Loew,
A5109718164,V.S.S. Kumar,Vinay Kumar; V. S. S. Kumar; V.S. Kumar; V. Kumar; V. S. Senthil Kumar,
A5015439995,Jarol B. Manheim,Jarol B. Manheim; J.B. Manheim; Jarol Manheim; J. B. MANHEIM,
A5043184984,Philip M. Keehn,Philip M. Keehn; P. KEEHN; Philip Keehn; P. M. Keehn,
A5076355141,Stuart H. Altman,Stuart H. Altman; S Altman; S H Altman; Stuart Altman,
A5039012876,Ruth Charney,R. Charney; Ruth Charney; R. M. Charney; Ruth M. Charney,https://orcid.org/0000-0001-8239-1436
A5059797597,Janet McIntosh,Janet Mcintosh; Janet Elizabeth McIntosh; Janet E. McIntosh,https://orcid.org/0000-0002-8182-6589
A5109568825,Andrew G. Szent‐Györgyi,Andrew G. Szent‐Gyorgyi; Andrew G. Szent‐Györgyi; Andrew G. Szent‐Gyórgyi; Andrew. G. Szent‐Györgyi; Andrew Szent‐Györgyi,
A5109214114,D. Partos,Dana Sarah Partos; Dana Partos; D. Partos,
A5061125964,Hannah R. Snyder,Hannah R. Synder; Hannah R. Snyder; Hannah Snyder; H. Snyder,https://orcid.org/0000-0003-2853-3557
A5113974447,Frank E. Manuel,Frank Edward Manuel; F. Manuel; Frank Manuel; F. E. Manuel; Frank E. Manuel,
A5011198271,A Nandakumar,A. K. Nandakumar; Nandakumar Ak; Allyala Krishna Nandakumar; Allyala K. Nandakumar; A. Nandakumar; Allyala Nandakumar,https://orcid.org/0000-0002-0976-9313
A5012650706,S. Berko,Stephan Berko; S. Berko,
A5019889814,Eli Hirsch,Eli Hirsch; E. D. Hirsch; E. Hirsch,
A5044467745,Susan Staves,Susan Staves,
A5052182416,Stephen D. Van Hooser,Stephen Van Hooser; S. D Hooser; Stephen D. Van Hooser; S. D. Van Hooser,https://orcid.org/0000-0002-1112-5832
A5062366334,Liuba Shrira,L. Shrira; Liuba Shrira,
A5087078439,Paul Monsky,Paul Monsky; P. Monsky,
A5001053194,Gerardo della Paolera,G. Della Paolera; Gerardo Della Paolera,
A5006587755,Bernard Yack,B. Yack; Bernard Yack,
A5080616525,Jennifer Perloff,Jennifer O'Reilly‐Jacob Perloff; Jennifer Perloff; Jennifer N. Perloff; MBA Jennifer Perloff Robert E. Mechanic; J. N. Perloff; Jen Perloff; J. Perloff,https://orcid.org/0000-0003-1118-8734
A5108188365,D. Pomeroy,D. Pomeroy,
A5112981045,Francesca Capocasa,Francesca Capocasa; F. Capocasa,
A5030883025,Anna Artwińska,Anna Artwinska; Anna Artwińska,https://orcid.org/0000-0001-8069-0627
A5038370286,W. Benjamin Rogers,W. Benjamin Rogers; William Benjamin Rogers; William Rogers; W.B. Jr. Rogers; W.B. Rogers; William S. Rogers; Ben Rogers; W. Benjamin Rogers,https://orcid.org/0000-0001-8587-8215
A5113356922,Todd Zenger,Todd Zenger,
A5015582749,Grace G. D. Han,Grace D. Han; Grace G. D. Han; Ggoch Ddeul Han; Grace Han; G.G.D. Han; Grace. G. D. Han,https://orcid.org/0000-0002-2918-1584
A5045812356,Benson Saler,Benson Saler,
A5075174356,Jacqueline Stevens,J.‐F. Stevens; Jacqueline Stevens; J Stevens; J Dalton Stevens; J. F. Stevens,https://orcid.org/0000-0003-0032-6564
A5080396320,Lawrence J. Wangh,Lawrence J. Wangh; L.J Wangh; Lawrence Wangh; L.J. Wangh; L. Wangh,
A5013035081,Sharon Feiman‐Nemser,S. Feiman‐Nemser; Sharon Feiman‐Nemser,
A5051092452,Donald Hindley,Donald Hindley,
A5062421631,K. F. Canter,K. Canter; Karl F. Canter; Karl Frederick Canter; K.F Canter; K. F. Canter; Karl Canter,
A5107899879,S. Kortner,S. Kortner,
A5026924904,Mary Baine Campbell,M Campbell; Mary Campbell; Mary B. Campbell; M.B.J. Campbell; Mary Baine Campbell,https://orcid.org/0000-0002-6487-4538
A5028887463,Eugene P. Gross,Eugene P. Gross; E.P Gross; Eugene Paul Gross; Eugene Gross; E. P. Gross,
A5087239503,Ralph A. Thaxton,Ralph A. Jr. Thaxton; Ralph Thaxton; Ralph A. Thaxton,
A5088385762,R. A. Cushman,R. Cushman; R. A. Cushman; Robert A. Cushman; Robert Asa Cushman; Robert Cushman,https://orcid.org/0000-0003-1522-4181
A5105696441,K. Zengel,K. Zengel,
A5112358701,Seyom Brown,Seyom Brown; S. E. Brown,
A5070846414,Avital A. Rodal,A. A. Rodal; Avital Adah Rodal; A. Rodal; Avital Rodal; Avital A. Rodal,https://orcid.org/0000-0002-2051-8304
A5107872506,A. Venturini,A. Venturini,
A5069272112,Sylvia Barack Fishman,Sylvia Fishman; Sylvia Barack Fishman,
A5091423486,Richard Alterman,R.E. Alterman; R. Alterman; Richard Ethan Alterman; Richard Alterman,https://orcid.org/0000-0002-3829-6068
A5110300523,Marty Wyngaarden Krauss,Marty W. Krauss; M. W. Krauss; Marty Wyngaarden Krauss,
A5053263404,Maureen T. Stewart,Maureen T. Stewart; Maureen Stewart; M. Stewart,https://orcid.org/0000-0002-5470-0307
A5000543083,Morris Weitz,Morris Weitz,
A5009593345,Jon A. Chilingerian,Jon Arsen Chilingerian; J Chilingerian; Jon Chilingerian; J. A. Chilingerian; Jon A. Chilingerian,https://orcid.org/0000-0001-9317-9000
A5024084217,John Plotz,John Plotz; Plotz; John Milton Gabriel Plotz,https://orcid.org/0000-0002-5904-4046
A5064953533,Thomas R. Tuttle,Thomas R. Tuttle; Thomas Tuttle; T. Tuttle; T. R. Tuttle; T. R. JUN. TUTTLE,
A5112582471,Z. M. Schillaci,Z. Schillaci; Z. M. Schillaci,
A5005999312,Sarah Lamb,Sarah Lamb; S. Lamb; Sarah E. Lamb; S. Ernest Lamb,https://orcid.org/0000-0002-9817-3692
A5070187285,Kathryn Graddy,Kathryn Graddy,https://orcid.org/0000-0003-0832-0239
A5086795696,Miloš Dolnik,M. Dolnik; Miloš Dolnik; Milos Dolnik; M. Dolník,https://orcid.org/0000-0002-9396-5623
A5009978286,James W. Trent,James Wilson Trent; James Trent; J. W. Trent; James W. Trent,
A5016668159,Alain Lempereur,A. Lempereur; Alain Pekar Lempereur; Alain Lempereur; Alain P. Lempereur,https://orcid.org/0000-0002-7755-1981
A5022321055,Albion Lawrence,Albion Lawrence; A. Lawrence; Albion E Lawrence,https://orcid.org/0000-0003-4116-045X
A5103249187,Suzanne Paradis,S.‐É. Paradis; S. Paradis; Suzanne Paradis; S E Paradis,https://orcid.org/0000-0002-5190-4240
A5006457190,Sara Shostak,S. A. Shostak; S. Shostak; Sara Shostak,https://orcid.org/0000-0003-3316-969X
A5024022179,Tymon Słoczyński,Tymon Słoczyński; Tymon Sloczyński; Tymon Sloczynski,https://orcid.org/0000-0003-1662-6545
A5113570068,G. Sacerdoti,Guy Sacerdoti; G. Sacerdoti; G. C. Sacerdoti,
A5001033820,Cindy Parks Thomas,Cindy Thomas; C. Thomas; C. P. Thomas; Cindy Parks Thomas; Parks Thomas C; Cindy P. Thomas,https://orcid.org/0000-0001-5855-1196
A5002611711,Robin Feuer Miller,R. Miller; Robin Miller; Robin Feuer Miller,
A5004681381,Mark Hulliung,Mark Hulliung; Mark L. Hulliung,
A5046700536,Douglas L. Theobald,D. L Theobald; D. L. Theobald; D. Theobald; Douglas L. Theobald; Douglas Theobald,https://orcid.org/0000-0002-2695-8343
A5049155527,Pascal Ménoret,Pascal Menoret; Pascal Ménoret; Pascal S. Menoret,
A5059528821,Qian‐Feng Qiu,Qiu Qian‐feng; Qian‐Feng Qiu; Qianfeng Qiu; QIU Qianfeng,https://orcid.org/0000-0002-4400-2142
A5107397059,Vangelis Vladimirov,V. Vladimirov; Vangelis Vladimirov,
A5012921928,Arnold Kamis,Arnold A. Kamis; Arnold Kamis; A. Kamis; Kamis,https://orcid.org/0000-0002-4222-9730
A5019144442,George Hall,George John Hall; George Hall; George J. Hall,https://orcid.org/0000-0001-5079-7714
A5062785322,Jehuda Reinharz,J. Reinharz; Jehuda Reinharz,
A5073426505,Jeremy Kronick,Jeremy Kronick; Jeremy M. Kronick,
A5022914041,Willi Paul Adams,W. Paul Adams; Willi Paul Adams; Willi Adams; W.P. Adams,
A5023444661,Yinchu Zhu,Yinchu Zhu,https://orcid.org/0000-0002-5000-3221
A5055046220,Michael Henchman,Michael. Henchman; Michael J. Henchman; M. Henchman; M. J. Henchman,
A5055766634,Mary Fischer,Mary L. Fischer; Mary Fischer,
A5065783581,Maria‐Eirini Pandelia,Maria‐Erini Pandelia; Maria E. Pandelia; M.‐E. Pandelia; Maria‐Eirini Pandelia; M Pandelia; M.E. Pandelia,https://orcid.org/0000-0002-6750-1948
A5076846088,Jon A. Levisohn,Jon A. Levisohn; Jon Levisohn,https://orcid.org/0000-0003-0213-7767
A5078296989,A. Venturini,A. Venturini,
A5089152261,Davide Pettenuzzo,Davide Pettenuzzo,https://orcid.org/0000-0002-5784-7945
A5011335151,Janet Zollinger Giele,J. Giele; J. Z. Giele; Janet Z. Giele; Janet Giele; Janet Zollinger Giele,
A5060169329,Robyn M. Powell,Robyn M. Powell; R. Powell; R. M. Powell; Robyn Michelle Powell; Robyn Powell; Robyn M Powell,https://orcid.org/0000-0001-7898-2268
A5060569573,Matthew Headrick,M. Headrick; Matthew Headrick; Matthew P. Headrick; Matthew Peter Headrick,https://orcid.org/0000-0002-0064-3036
A5103588382,Patricia A. Johnston,Patricia Johnston; Patricia Anne Johnston; Patricia A. Johnston,
A5108113733,Stan Bentvelsen,Stan Bentvelsen,
A5111568354,Edgar H. Brown,E. H. Brown; E. Brown; Edgar H. Brown; Edgar Brown,
A5112725478,Arthur H. Reis,Arthur H. Reis; A. Reis; A. H. Reis; ARTHUR H. JUN. REIS; A. H. JUN. REIS,
A5112937826,Hsiang‐Yu Chen,Hsiang‐Yu H Chen; Hsiangyu Chen; Hsiang‐Yu Chen,
A5005546626,Shantanu P. Jadhav,S. Jadhav; Shantanu Jadhav; Sachin Babulal Jadhav; Shantanu P. Jadhav; Shantanu Jadhav,https://orcid.org/0000-0001-5821-0551
A5011819192,Janet B. Mitchell,Janet B. Mitchell; J. B. Mitchell; J Mitchell; Janet Mitchell,
A5054962324,Stephen D. Dowden,Steve Dowden; Stephen Dowden; Stephen D. Dowden; S. Dowden; Stephen Dell Dowden,https://orcid.org/0000-0001-6579-2713
A5111645222,N. K. Kwak,N . K . Kwak; N. K. Kwak; N.K Kwak; Nancy Kwak,
A5012750915,Joel P. Christensen,Joel P. Christensen; J. Christensen; Joel Christensen,https://orcid.org/0000-0002-2353-7391
A5028150612,Rajesh Sampath,Raj Sampath; Rajesh Sampath; R. J. Sampath,https://orcid.org/0000-0003-0782-7687
A5109547275,Arthur Cole,Arthur L. Cole; Arthur Cole; Arthur Lindsey Cole,
A5010812025,Joyce Antler,J. Antler; Joyce Antler,
A5018749642,Viktor Horváth,V K Horvath; Viktor K. Horváth; V. K Horváth; V. K. Horváth; Viktor Horváth; Viktor Horvath,https://orcid.org/0000-0001-9957-1521
A5066552014,Linda H. Pololi,Linda H. Pololi; Linda Pololi‐Anagnostou; Linda Pololi; L Pololi‐Anagnostou; L Pololi; L.H. Pololi,https://orcid.org/0000-0002-0764-3135
A5066926306,Joel S. Baden,Joel S. Baden; Joel Baden,
A5107890500,Z. M. Schillaci,Z. M. Schillaci,
A5025240237,Constantine Lignos,Constantine Lignos,https://orcid.org/0000-0001-6410-2848
A5025695417,Silvia Marina Arrom,Silvia Marina Arrom; Silvia Mariana Arrom; S.M Arrom; Silvia M. Arrom; Arrom Sm; S. M. Arrom; Silvia Arrom,https://orcid.org/0000-0002-4375-3147
A5045579048,Shaun Davidson,Sarah Davidson; S.M. Davidson; S. M Davidson; Shaun Davidson; S. Davidson; Shaun M. Davidson,https://orcid.org/0000-0002-5868-8640
A5083891230,Joël Bellaïche,J BELLAICHE; Joël Bellaïche; Joel Bellaiche; J. Bellaïche; J. Bellaiche,
A5091120658,Harry G. Mairson,Harry Mairson; Harry G. Mairson; H. G. Mairson; Harry George Mairson,https://orcid.org/0009-0008-4964-8170
A5107892588,Y. Li,Yichen Li; Y. Li,
A5113774774,Elizabeth L. Merrick,Elizabeth L. Merrick; Elizabeth Merrick; E. Merrick; E L Merrick; Elizabeth Len Merrick,
A5003386382,Henry Linschitz,H. Linschitz; Linschitz Henry; Henry. Linschitz,
A5006571664,Daniel Bergstresser,D. Bergstresser; Daniel Baird Bergstresser; Daniel Bergstresser,https://orcid.org/0000-0002-7108-3259
A5014373344,Roland L. Warren,Richard J. Warren; R WARREN; Roland L. Warren; R. Warren; Roland Leslie Warren; Roland Warren,
A5059586889,Baptiste Blanc,Baptiste Blanc; B. Blanc; B. P. Le Blanc,https://orcid.org/0000-0003-0962-2677
A5080328975,Ibrahim K. Sundiata,Ibrahim K. Sundiata; Ibrahim Sundiata; I. K Sundiata; I. K. Sundiata,
A5107211907,Dante Eric Amidei,D.E. Amidei; Dante Eric Amidei; Dante E. Amidei,
A5049857942,Ruth Spack,Ruth. Spack; R. Spack,https://orcid.org/0000-0002-2396-7068
A5062767991,Olajumoke Yacob‐Haliso,O. Yacob‐Haliso; Olajumoke Yacob‐Haliso,https://orcid.org/0000-0002-8202-8925
A5083125499,Patricia A. Tun,Patricia Tun; P. A. Tun; Patricia Ann Tun; Patricia A. Tun,
A5028149320,Margaret Morganroth Gullette,Margaret Morganroth Gullette; Margaret M. Gullette,https://orcid.org/0000-0002-3340-9393
A5050928149,Nicole Samuel,N. Samuel; N. Koshy Samuel; Nicole Samuel,https://orcid.org/0000-0002-4844-3404
A5064410653,Anne S. Berry,A. Berry; Anne Shively Berry; Anne Berry; A.S Berry; Anne S. Berry,https://orcid.org/0000-0002-5086-3643
A5085060972,Leo Schrade,L. Schrade; Leo Schrade,
A5088505736,Roman V. Agafonov,R. V Agafonov; R. Agafonov; Roman Agafonov; R. V. Agafonov; Roman V. Agafonov,https://orcid.org/0000-0002-7765-899X
A5112070797,Gerald Garvey,Gerald J. Garvey; Gerald Garvey,
A5001650208,Vera Micheles Dean,Vera Micheles Dean; Vera M. Dean; V. Dean; Vera Dean,
A5017152948,George N. Appell,George N. Appell; G. N. Appell; George Appell; George Nathan Appell; G Appell,
A5035095588,L. Coffey,L. Coffey,
A5063558388,Michael T. Gilmore,Michael T. Gilmore; M. Gilmore; M. T. Gilmore,
A5000946841,Andrzej Prończuk,A Prończuk; A. W. Pronczuk; A. Pronczuk; Andrzej Prończuk; Andrzej Pronczuk,
A5007185917,Steven Lloyd Wilson,Steven. L Wilson; Steven Lloyd Wilson; Steven Wilson; S WILSON; Steven L. Wilson,https://orcid.org/0000-0003-4046-1357
A5029111625,Stanley S. Wallack,Stanley Wallack; Stanley S. Wallack; S. S. Wallack; S Wallack,
A5070166554,Malcolm W. Watson,Malcolm Watson; M. Watson; Malcolm W. Watson; M.W. Watson,
A5088525682,Maya Eden,Maya Eden; M. Eden,
A5107902635,D. Dodsworth,D. Dodsworth,
A5014717120,John Burt,John Robert Burt; John R. Burt; J. Burt; John Burt,https://orcid.org/0000-0002-7328-0643
A5019248510,Hannah Park,Hannah Park; Hannah E. Park,https://orcid.org/0000-0001-7601-6170
A5032733464,Caren Irr,Caren Irr; C. Irr,https://orcid.org/0000-0002-6832-3469
A5039755454,Robert R. Reitano,Robert R. Reitano,https://orcid.org/0000-0001-5272-2652
A5067048748,Rudolph Binion,R. Binion; Rudolph Binion,
A5074756556,Roy C. Macridis,Roy Macridis; Roy C. Macridis; Roy C. Ed. Macridis; R. C. Macridis,
A5074850723,Jeffrey Prottas,Jeffrey M. Prottas; Jeffrey Manditch Prottas; Jeffrey Prottas; J. Prottas,
A5075223615,Benjamin Ravid,Benjamin C. I. Ravid; Benjamin Chaim Isaac Ravid; Benjamin Ravid; B. Ravid,
A5107852377,J. R. Bensinger,J. R. Bensinger,
A5107940880,G. Sciolla,G. Sciolla,
A5108565018,Carmen Sirianni,Carmen J. Sirianni; Carmen Sirianni,
A5012267642,Thomas G. Fai,T. G. Fai; T. Fai; Thomas Fai; Thomas G. Fai,https://orcid.org/0000-0003-0383-5217
A5035615001,Eleanor Lansing Dulles,Eleanor Lansing Dulles; Eleanor L. Dulles; Eleanor Dulles; E. L. Dulles,
A5063751572,L. Katz,L. Katz; L. E. Katz; Liora Katz,
A5072737459,Meihui Yi,MaoRui Yi; Minghe Yi; Meihui Yi; Mei‐Hui Yi; M. Yi; Meiting Yi; Mingguo Yi,https://orcid.org/0000-0002-1912-1043
A5073164257,Kenneth L. Marcus,Kenneth L. Marcus; Kenneth Marcus,
A5079430674,Edgar Zwilling,E. Zwilling; Edgar Zwilling,
A5081010544,Edy Kaufman,Edy Kaufman; Edy Edward Kaufman,
A5087568487,Marc Verhagen,M. Verhagen; Marc Verhagen; Verhagen Marc,https://orcid.org/0000-0002-2284-8163
A5088006436,Gerald O. Dudek,Gerald O. Dudek; G. O. Dudek; G. Dudek; Gerald Dudek,
A5018702857,Xiaoyan Cao,X. Cao; Xiao‐Yan Cao; XinHua Cao; X.‐Y. Cao; Xiaoyan Cao; Sharon,https://orcid.org/0000-0001-7571-6482
A5054077479,Paul G. Morrison,Paul G. Morrison; Paul Guerrant Morrison; Paul Morrison; P. Morrison,
A5057677719,Laura S. Lorenz,L. Lorenz; Laura Lorenz; Laura S. Lorenz; L.S. Lorenz,https://orcid.org/0000-0003-0898-4537
A5058893547,Debashree Das,Debashree Das; D. Das,https://orcid.org/0000-0002-6419-5738
A5067732530,Guive Mirfendereski,Guive Mirfendereski,
A5107881316,L. J. Bergsten,L. Bergsten; L. J. Bergsten,
A5110237290,Joshua Goodman,Joshua Goodman; Joshua T. Goodman,
A5002504219,Jean-Paul L’Huillier,Jean‐Paul L’Huillier; Jean‐Paul L'Huillier; Jean‐Paul Lhuillier,https://orcid.org/0000-0002-5235-1158
A5014600634,L. Coffey,L. Coffey,
A5019968179,Isaac J. Krauss,I Krauss; Isaac J. Krauss; I. J. Krauss; Isaac Krauss,https://orcid.org/0000-0003-0984-4085
A5030552078,Michael T. Marr,M. T. Marr; M. Marr; Michael T. Marr; Michael Marr,https://orcid.org/0000-0002-7366-7987
A5043188523,Walter Leutz,Walter N. Leutz; W. Leutz; W. N. Leutz; Walter Leutz,
A5072775482,Elizabeth Ferry,Elizabeth Ferry; E. Ferry; Elizabeth Emma Ferry,https://orcid.org/0000-0001-8619-9847
A5103550629,Richard H. Dougherty,R. H. Dougherty; Richard H. Dougherty; Richard Dougherty,
A5107830716,G. Amundsen,G. Amundsen,
A5108509788,Anatol M. Zhabotinsky,Anatol Zhabotinsky; Anatol M. Zhabotinsky,
A5012753169,Ramie Targoff,Ramie Targoff,
A5049161736,Karen Desmond,K. Desmond; Karen Desmond; K. A. Desmond,https://orcid.org/0000-0002-6077-3182
A5063057227,Susan Sondej Pochapsky,Susan S. Pochapsky; Susan Sondej Pochapsky; Susan Pochapsky; S.S. Pochapsky,
A5066625113,R. Gary Kirk,R. Gary Kirk; R. Kirk; R. G. Kirk; Ryan Kirk; Ryan W Kirk,https://orcid.org/0009-0002-6735-2513
A5113459349,Robert C. Hunt,Robert C. Hunt; R Hunt; R. C. Hunt; Robert Cushman Hunt; Robert Hunt,
A5024985620,Mason Willrich,M. Willrich; Mason Willrich,
A5027459408,Mary G. Berg,M. Berg; Mary Berg; M. G. Van Den Berg; Mary G. Berg; M.G. van den Berg,
A5032165571,Jonathan Krasner,Jonathan Krasner; J. B. Krasner; Jonathan B. Krasner,https://orcid.org/0000-0003-2594-9098
A5061268274,Omer Offen,Omer Offen,https://orcid.org/0000-0003-4981-3275
A5069537006,Chandler Fulton,Chandler Fulton; C. Fulton,https://orcid.org/0000-0002-3723-9053
A5109222963,Carl Pollard,C. J. Pollard; Carl Pollard; C. Pollard; Carl J. Pollard; Carl Jesse Pollard,
A5112488216,Alex MacNeil,A. J. MacNeil; Alex MacNeil; A. MacNeil,
A5011960108,James H. Schulz,James Schulz; James H. Schulz; James Henry Schulz; J. Schulz,
A5032557220,Jens Hilscher,Jens Hilscher; Jens Dietrich Hilscher,https://orcid.org/0000-0003-0275-9814
A5034389006,Pamina Firchow,P. E. Firchow; P. Firchow; Pamina Firchow,https://orcid.org/0000-0002-7890-9586
A5046412024,Jeanne Schulte Scott,Jeanne Schulte Scott; J. Scott; J S Scott; Jeanne Scott,https://orcid.org/0009-0007-8605-2432
A5058271754,Ann Olga Koloski‐Ostrow,Ann Koloski‐Ostrow; A. O. Koloski‐Ostrow; Ann Olga Koloski‐Ostrow,
A5060934024,Elizabeth Rosenzweig,E. Rosenzweig; Elizabeth Rosenzweig,https://orcid.org/0000-0001-6048-819X
A5068812020,Pieter C. Wensink,Pieter C. Wensink; P Wensink; Pieter Wensink; P. C. Wensink,
A5072172065,Robert H. Szczarba,Robert H. Szczarba; R. H. Szczarba; Robert Henry Szczarba; Robert Szczarba,
A5100646254,Jianying Zhang,Jian‐Ying Zhang; Jianying Zhang; Zhang Jian‐ying,https://orcid.org/0000-0002-6086-309X
A5107870358,G. Amundsen,G. Amundsen,
A5111217729,Maximilian Emanuel Goblirsch-Kolb,Maximilian Emanuel Goblirsch‐Kolb; M. Goblirsch‐Kolb; Maximilian Goblirsch‐Kolb,
A5112558588,Helen A. Berger,Helen Berger; Helen A. Berger,
A5015168815,Maurice Hershenson,Maurice Hershenson,
A5015239515,Jonathan Decter,Jonathan P. Decter; Jonathan Decter,
A5032865424,Andrew Kolodny,A Kolodny; A L Kolodny; Andrew Kolodny; A. Lewis Kolodny,
A5042502946,Hillel S. Levinson,H. S. Levinson; Hillel S. Levinson,
A5056582159,Charles Blyth,C Blyth; Charles R. Blyth; Charles Blyth,
A5105692184,S. Gozpinar,S. Gozpinar,
A5052938384,Zick Rubin,Zick Rubin; Z. Rubin,
A5068513637,Amy L. Sales,Amy L. Sales,
A5106725168,H. Wellenstein,H. Wellenstein,
A5024551058,Ulka Anjaria,Ulka Anjaria,https://orcid.org/0000-0001-5290-8852
A5032882611,Leigh Swigart,Leigh. Swigart,https://orcid.org/0000-0001-5822-0100
A5048117715,Gary Gaumer,G L Gaumer; Gary L. Gaumer; Gary Gaumer; G. Gaumer,https://orcid.org/0000-0003-3304-1258
A5053870437,Christopher P. Tompkins,Tompkins Cp; C P Tompkins; Christopher P. Tompkins; Christopher Tompkins; C. Tompkins,https://orcid.org/0000-0002-6424-6654
A5082905869,Ilhom Akobirshoev,Ilhom Akobirshoev; I. Akobirshoev,https://orcid.org/0000-0003-0680-5101
A5085613800,Lindsay Rosenfeld,L. E. Rosenfeld; L. Rosenfeld; Lindsay Rosenfeld; Lindsay E. Rosenfeld,https://orcid.org/0000-0003-3219-1967
A5089069335,Derron Wallace,Derron O. Wallace; Derron Wallace,https://orcid.org/0000-0002-0103-6588
A5025793195,Judith M. Dean,Judith M. Dean; Judith Myrle Dean; Judith Dean; Judith M. Desai Dean,https://orcid.org/0000-0002-1158-6778
A5027764002,C. Blocker,C. Blocker,
A5047613389,Jerry H. Brown,J. H. Brown; Jerry Brown; Jerry H. Brown; J. Brown,
A5057076026,Paul Kecskemeti,Paul Kecskemeti; P. Kecskemeti,
A5066207492,Marie Meteer,Marie Meteer; M.W. Meteer; Marie Wenzel Meteer; Marie W. Meteer; M. Meteer,
A5073734611,Joan Maling,J. Maling; Joan Mathilde Maling; Joan Maling,
A5088538896,Annette Koren,Annette Koren; А. Корень; A.M.Th.L. Koren; A Koren; A. M. Koren,
A5102757912,Susan L. Parish,Susan Parish; Susan L. Parish; S Parish; S. L. Parish,
A5109151107,Eva Bellin,E. Bellin; Eva Bellin,
A5111585713,Thomas M. Shapiro,Thomas M. Shapiro; Thomas Shapiro,
A5112237729,Kapil Arora,Kapil Arora; Kapil J. Arora; K. Arora,
A5010085997,Anita Ilta Garey,Anita Garey; Anita Ilta Garey; Anita I. Garey,
A5013109699,John E. Schrecker,John Schrecker; John E. Schrecker,
A5033731635,Milton I. Vanger,Milton I. Vanger; Milton Vanger,
A5048153829,Joseph de Somogyi,J. Somogyi; Joseph De Somogyi; J. DE SOMOGYI; J. de Somogyi; Joseph Somogyi,
A5051190490,Olga Papaemmanouil,Olga Papaemmanouil; O. Papaemmanouil,https://orcid.org/0000-0003-4526-3595
A5064208298,Alexandre W. Bisson‐Filho,Alexandre Bisson‐Filho; A. W Bisson‐Filho; Alexandre W. Bisson Filho; Alexandre Wilson Bisson‐Filho; Alexandre Wilson Bisson Filho; Alexandre W. Bisson‐Filho; A. Bisson‐Filho; A. W. Bisson‐Filho; Alexandre Bisson; Alex Bisson; Alex Bisson,https://orcid.org/0000-0002-5940-7230
A5064487499,Morris S. Schwartz,M. Schwartz; Morris Schwartz; Morris S. Schwartz,
A5072541639,Lucy E. Salyer,Lucy Salyer; L. E. Salyer; Lucy E. Salyer,
A5081605019,Daniel J. Hulsebosch,Daniel Hulsebosch; Daniel J. Hulsebosch,
A5102008413,An Huang,Anqi Huang; An Huang; Huang An; A. C. Huang,https://orcid.org/0000-0002-4378-8841
A5103125566,Han Nguyen,Han P. Q. Nguyen; Han Nguyen,https://orcid.org/0009-0007-4654-2138
A5106299623,A. Apyan,A. Apyan,
A5111983724,T. F. Henderson,T. Henderson; Taja‐Nia Henderson; T. F. Henderson,
A5003154016,Jacqueline R. Kanovitz,Jacqueline Kanovitz; Jacqueline R. Kanovitz,
A5017884822,Louis Kronenberger,Louis Kronenberger,
A5034301215,Kaushik Ragunathan,Kaushik Ragunathan; Kaushik Madabhusi Ragunathan,https://orcid.org/0000-0003-4776-8589
A5107146171,Fabrizio Scuri,Fabrizio Scuri,
A5000652021,Dian Fox,Dian Fox; D. R. Fox,https://orcid.org/0000-0002-7553-7780
A5027464544,Mitch Cherniack,M. Cherniack; Mitch Cherniack; M CHERNIACK,https://orcid.org/0000-0001-7461-891X
A5066132631,Joe Caldwell,J. Caldwell; Joseph G. Caldwell; Joe Caldwell.; Joseph Caldwell,https://orcid.org/0000-0002-2824-5793
A5076673476,Orit Kent,O. KENT; O.B. Kent; Orit Kent,
A5085801625,Egon Bittner,Egon Bittner; E. Bittner,
A5086144688,Carolyn Abbott,Carolyn R. Abbott; Carolyn Abbott; C. Abbott,https://orcid.org/0000-0001-5899-2661
A5087450930,R. Poster,Richard Poster; R. A. Poster; R. Poster,
A5006997571,Linda Bui,L Bui; Linda Bui; Linda T. Bui; Linda T. M. Bui; Linda T. M Bui; Linda Tm Bui; Le Khanh Linh Bui,https://orcid.org/0000-0001-8407-4485
A5010775016,Fern Chertok,Fern Chertok,
A5018219340,Lauren D. Smith,Lauren D. Smith; Lauren Smith; L. Smith,https://orcid.org/0000-0001-6871-7436
A5053069378,Vinay V. Eapen,Vinay Verghese Eapen; Vinay Eapen; Vinay V. Eapen,https://orcid.org/0000-0002-8023-387X
A5073672658,Maura Jane Farrelly,Maura Jane Farrelly; Maura Farrelly; M. J. Farrelly; M. Farrelly,
A5090833313,Eugene C. Black,Eugene C. Black; Eugene Black; Eugene Charlton Black,
A5001457596,Maxine Davis,Mark L Davis; MELISSA DAVIS; M Davis; Maxine Davis.,https://orcid.org/0000-0003-1653-4464
A5007741601,Rebecca L. Gieseking,Rebecca L. Gieseking; Rebecca L. M. Gieseking; Rebecca Lynn Gieseking; Rebecca Gieseking; R.L. Gieseking,https://orcid.org/0000-0002-7343-1253
A5009748826,Richard Gaskins,R Gaskins; Richard Gaskins; Richard H. Gaskins,
A5013964618,Peniel E. Joseph,P. D. Joseph; Peniel E. Joseph; P. Joseph; Peniel Joseph,
A5016998129,Rosanna Lauriola,Rosanna Lauriola,
A5027825902,Gordon Fellman,G. A. Fellman; G. Fellman; Gordon A. Fellman; Gordon Fellman,
A5055752469,Steven L. Burg,Steven L. Burg,
A5087234158,Matthew Fraleigh,Matthew Patrick Fraleigh; Matthew Fraleigh; 馬修凡; マシュー・フレーリ,https://orcid.org/0000-0001-5760-5340
A5091891160,Neil E. Simister,Neil Simister; Neil E. Simister; N Simister; N. E. Simister,
A5112141456,Daniel M. Reeves,Daniel M. Reeves,
A5002065643,Jian-You Lin,Jian‐You Lin; J Y Lin,https://orcid.org/0000-0001-7445-2278
A5007802793,William Flesch,William Flesch; William Benjamin Flesch; W. Flesch,
A5012173296,Harold Levine,H. I. Levine; Harold Levine; Harold I. Levine,
A5013637723,S. Kutter,S. Kutter; Steffen Kutter,https://orcid.org/0000-0002-0349-8161
A5022541228,Yara A. Halasa,Yara A. Halasa; Yara Halasa; Y. Halasa; Y. A. Halasa,
A5051032697,Morris Soodak,M. Soodak; Morris. Soodak,
A5054038792,Palle Yourgrau,Palle Yourgrau,
A5068610548,Katharine C. Abruzzi,Katharine C. Abruzzi; Katharine Abruzzi; K. Abruzzi; Katherine C. Abruzzi; Katharine Compton Abruzzi,https://orcid.org/0000-0003-3949-3095
A5073429511,Shahar Hecht,S Hecht; Shahar Hecht,https://orcid.org/0000-0001-6722-1500
A5075668451,John Bladon,John H. Bladon; John Hodgetts Bladon; J. Bladon; J. H. Bladon; John Bladon,https://orcid.org/0000-0001-8993-9898
A5091489544,Virginia Page Fortna,Virginia Page Fortna; V. Page Fortna; Virginia Fortna; Virginia Page Huang Fortna; Virginia Page Fortna,https://orcid.org/0000-0002-6227-8679
A5101406999,Jihyun Choi,Jihyun Choi; Ji‐Hyun Choi,
A5107932857,D. T. Zenger,D.T Zenger; D. T. Zenger,
A5108466232,Michael B. Partenskii,M. B. Partenskii; M.B. Partenskiǐ; M B Partenskiĭ; Michael Partenskii; Michael B. Partenskii,
A5109845058,F. Wicek,F. Wicek,
A5110634740,Elizabeth Blackwell,Elizabeth M. Blackwell; Elizabeth Blackwell; E. Blackwell; E. M. Blackwell,
A5113449758,Nahum M. Sarna,Nahum Sarna; Nahum M. Sarna,
A5001643574,Si-Wei Qiu,Siwei Qiu; S. W. Qiu; Si‐Wei Qiu; S. Qiu; S.‐W. Qiu,https://orcid.org/0000-0003-1826-7953
A5009074913,Mary Gray,Mary T. Gray; Mary Gray; Mary Tod Gray; M T Gray; M. Gray,https://orcid.org/0000-0001-5841-4095
A5014158483,Debarshi K. Nandy,Debarshi Nandy; Debarshi K. Nandy,https://orcid.org/0000-0002-9435-0129
A5023755250,Darlene L. Brooks Hedstrom,Darlene L. Brooks Hedstrom; Darlene Brooks‐Hedstrom,https://orcid.org/0000-0003-3080-8556
A5053552110,Gregory Bentsen,Gregory S. Bentsen; Gregory Bentsen; G.S. Bentsen,https://orcid.org/0000-0001-8576-2298
A5070853384,Benjamin Gomes-Casseres,B. Gomes‐Casseres; Benjamin Gomes‐Casseres; Benjamin Gomes‐Cassares,https://orcid.org/0000-0002-3954-3999
A5079942570,Caitlin Gillespie,Caitlin C. Gillespie; Caitlin Gillespie,https://orcid.org/0000-0002-3833-7675
A5085580272,Michelle Shain,Michelle Shain; M Shain,https://orcid.org/0000-0002-8122-1010
A5107875777,C. Blocker,C. Blocker,
A5107944042,Dominique Anderson Trischuk,Dominique Anderson Trischuk; D. A. Trischuk,
A5108017787,Laurent Blanchoin,L. Blanchoin; Laurent Blanchoin; Kristin Ho; Kristin Little,https://orcid.org/0000-0002-2063-7127
A5108113584,C. Amelung,C. Amelung,
A5047778715,J. PrakashaReddy,Jayarama PrakashaReddy; J. PrakashaReddy,
A5079573341,D.M. Salunke,D. M. Salunke,
A5100381549,Xinyi Zhang,Xinyi Zhang; Xin‐yi Zhang; Zhang Xinyi,https://orcid.org/0000-0002-5064-9313
A5017063337,Kathryn M. Gramigna,Kathryn M. Gramigna; Kathryn Gramigna,
A5030376164,Jane L. Kanarek,Jane L. Kanarek; Jane Kanarek,
A5045671483,Gowri Vijayakumar,Gowri Vijayakumar; G. Vijayakumar,https://orcid.org/0000-0002-2532-8083
A5057980740,Jennifer L. Crawford,J. Crawford; Jennifer L. Crawford; Jennifer Crawford,https://orcid.org/0000-0001-6392-361X
A5103391187,Beth A. Mohr,B.A. Mohr; Beth Mohr; Beth A. Mohr; B. Mohr,
A5107847076,C. Amelung,C. Amelung,
A5110355264,Marion Smiley,Marion Smiley,
A5021673655,Morris David Morris,Morris David Morris,
A5027875402,Tatjana Meschede,Tatjana. Meschede,https://orcid.org/0000-0001-8019-7701
A5031726619,Matthew Boxer,M Boxer; Matthew Boxer; M.E. BOXER; Boxer,https://orcid.org/0000-0002-1608-833X
A5041192468,Michael Wollowski,Michael Wollowski; M. Wollowski,https://orcid.org/0000-0001-6596-8635
A5048725801,Roman Katsman,Roman Katsman; R. V. Katsman; Роман Кацман; רומן כצמן,https://orcid.org/0000-0003-0607-8047
A5064063286,Michael Ragussis,Michael Ragussis,
A5068241154,Chi P. Ting,Chi Ting; Chi Pan Ting; C.P. Ting; Chi P. Ting,https://orcid.org/0000-0003-1386-1902
A5069809439,E. Lipworth,E. Lipworth; Edgar. Lipworth,
A5071029655,F. G. Marcham,Frederick George Marcham; Frederick Marcham; F. G. Marcham; F. Marcham; Frederick G. Marcham,
A5083197941,David S. Savage,David Savage; D. S. Savage; David S. Savage,
A5100457272,Yunpeng Zhang,Zhang Yunpeng; Yunpeng Zhang; Yun‐Peng Zhang,https://orcid.org/0000-0001-6014-0193
A5004220941,Sabrina S. Rapisarda,Sabrina S. Rapisarda; Sabrina Rapisarda,https://orcid.org/0000-0001-5148-8630
A5009088962,Robert E. Mechanic,Robert E. Mechanic; Robert Mechanic; R. Mechanic,https://orcid.org/0009-0003-5112-0870
A5011128161,Michael J. Vela,Michael J. Vela; M.J. Vela,
A5016289284,Inga Mahler,Inga R. Mahler; I. Mahler; Inga Mahler; I. R. Mahler,
A5019505544,Yerbol Z. Kurmangaliyev,Y. Z. Kurmangaliyev; Yerbol Z. Kurmangaliyev,https://orcid.org/0000-0003-4829-2025
A5027826957,Sudipto Muhuri,S. Muhuri; Sudipto Muhuri; S. K. Muhuri,https://orcid.org/0000-0001-6352-6489
A5029809061,James Y‐K. Cho,James Y.‐K. Cho; James Y. K. Cho; J. Y. K. Cho; James Y.‐K Cho; J. Y‐K. Cho; James Y‐K. Cho; James Y-K. Cho,https://orcid.org/0000-0002-4525-5651
A5041973378,M.R. Haneline,M.R. Haneline; Mason Reames Haneline; Mason R. Haneline,
A5042994004,Francesco Pontiggia,F. Pontiggia; Francesco Pontiggia,https://orcid.org/0000-0003-2569-6238
A5043666383,James Mandrell,J. Mandrell; James Mandrell,https://orcid.org/0000-0001-5094-3814
A5043871347,Joan L. Press,J. L Press; J Press; J. L. Press; Joan L. Press,
A5050343081,M. Angeles Juanes,M. Angeles Juanes Ortiz; M. Angeles Juanes; Maria Angeles Juanes; María Angeles Juanes; Maria Angeles Juanes Ortiz,https://orcid.org/0000-0002-9801-9652
A5057245825,Mel Silberman,Mel Silberman,
A5088987150,Vera Lampert,Vera Lampert,
A5103559909,E. A. Fitzgerald,E. A. Fitzgerald,
A5107945992,J. R. Bensinger,J. R. Bensinger,
A5111365649,David Chalmers,David Chalmers; David J. Chalmers; D Chalmers,
A5001043089,John Lisman,J. Lisman; John Lisman,
A5002645623,Javier Urcid,Javier Urcid; Javier Urcid Serrano,https://orcid.org/0000-0003-0960-9309
A5011072712,Mari Fitzduff,Mari Fitzduff; M Fitzduff,
A5016068950,Heather Watkins,H. R. W. Watkins; Hardin Watkins; Heather Watkins; H. Watkins; H. R. Watkins; Harriet E. Watkins,
A5018178621,Michael Strand,Michael Strand; M. Strand; Michael J. Strand; M. J. Strand,https://orcid.org/0000-0002-6820-5358
A5018348387,Henry Linschitz,H. Linschitz; Henry. Linschitz,
A5047524475,Ekaterina Morozova,Ekaterina Morozova; Е. О. Морозова; E. Morozova; E. O. Morozova; Ekaterina O. Morozova,https://orcid.org/0000-0001-9131-7756
A5062437337,Guillaume Duclos,Guillaume Duclos; G. Duclos,https://orcid.org/0000-0001-9010-8952
A5063403112,David B. Zilberman,Давид Беньяминович Зильберман; D. B. Zilberman; David Zilberman; David Zil'berman; D. B. Zil'berman; David B. Zilberman,
A5084658737,Thomas E. Videbæk,Thomas E. Videbaek; Thomas E. Videbæk; Thomas Videbæk; Thomas Videbaek,https://orcid.org/0000-0001-9158-2824
A5103864982,Patricia A. Johnston,Patricia Johnston; Patricia A. Johnston,
A5105839924,G. Amundsen,Glenn Amundsen; G. Amundsen,
A5111112545,C. Wolfe,Connor Wolfe; C.E. WOLFE; C. Wolfe,
A5003415173,Kenneth Lai,K Lai; Kenneth Lai; Kenneth H. Lai,https://orcid.org/0000-0003-2870-7019
A5015279513,Neal Sugawara,Neal Sugawara; N. Sugawara,https://orcid.org/0009-0009-0495-9618
A5043295044,N. Miladinovic,N. Miladinovic,
A5050251978,Amanda Myers,Amanda Myers; Amanda L. Myers; Amanda Lee Myers,https://orcid.org/0000-0001-8760-0938
A5054888580,Edward Engelberg,Edward Engelberg,
A5064789693,Lee Panas,Lee Panas,https://orcid.org/0009-0008-4959-9567
A5091230118,Karl‐Friedrich Wetzel,Karl F. Wetzel; K. F. Wetzel; Karl‐ Friedrich Wetzel; K.‐F Wetzel; K.‐F. Wetzel; Karl‐Friedrich Wetzel; Kathryn Wetzel,https://orcid.org/0000-0001-8914-3654
A5105285911,S. Aefsky,S. Aefsky,
A5106542353,K. Zengel,K. Zengel,
A5107889236,D. Dodsworth,D. Dodsworth,
A5003142213,Roxana F. Schlam,Roxana Schlam; Roxana F. Schlam; R. F. Schlam,https://orcid.org/0000-0003-3322-1750
A5019419534,Reuven Kimelman,Reuven Kimelman; R. Kimelman,https://orcid.org/0000-0001-5419-9818
A5025067512,Milton Argeriou,M Argeriou; Milton Argeriou,
A5064615907,Fernando J. Rosenberg,Fernando J. Rosenberg; Fernando Rosenberg; F. Rosenberg; Fernando José Rosenberg,https://orcid.org/0000-0001-5429-4209
A5065964559,Gitay Kryger,G. Kryger; Gitay Kryger,
A5066817159,Jasmine Boshyan,J. Boshyan; Boshyan Jasmine; Jasmine Boshyan,
A5070398479,Charles C. Chester,Charles Chester; C. C. Chester; Charles C. Chester,https://orcid.org/0000-0003-4866-7069
A5070834813,Jill S. Greenlee,Jill Greenlee; Jill S. Greenlee,https://orcid.org/0000-0002-5185-7931
A5108034921,J. R. Bensinger,James Bensinger; J. R. Bensinger,https://orcid.org/0000-0002-6117-4536
A5017169412,John Mallon,John Mallon; J. Mallon; J.P. MALLON; John P. Mallon,https://orcid.org/0000-0002-3912-206X
A5030591965,E W Fine,E. W. Fine; Eric Fine; E Fine; Eric W. Fine,
A5040172213,Elizabeth Farrell Clifford,Elizabeth Clifford; Elizabeth Farrell Clifford; E Clifford,
A5060337027,Botond Tyukodi,B. Tyukodi; Botond Tyukodi,https://orcid.org/0000-0001-6868-1234
A5073508323,Reazur Rahman,Reazur Rahman; Rahman Reazur; R. F. Rahman,https://orcid.org/0000-0001-6093-097X
A5090261047,Timothy O. Street,Timothy O. Street; Timothy Oliver Street; Timothy Street,https://orcid.org/0000-0003-2138-3605
A5102892730,Fernando Caballero,Fernando Caballero; F. Caballero,https://orcid.org/0000-0003-0807-2087
A5006185795,H. P. Bowditch,Henry P. Bowditch; Henry Bowditch; Henry Pickering Bowditch; H. P. Bowditch,
A5030306375,Casey Ydenberg,Casey A. Ydenberg; Casey Ydenberg,https://orcid.org/0000-0003-4628-6721
A5041732119,Sarah Mayorga,Sarah Mayorga–Gallo; Sarah Mayorga; Sarah Mayorga‐Gallo; Sarah Mayorga Gallo,https://orcid.org/0000-0001-6654-5562
A5087523112,Zhang Da-kang,Dakang Zhang; Zhang Da‐kang,
A5107513549,Michael Patrick Cardiff,M. P. Cardiff; Michael Patrick Cardiff,https://orcid.org/0000-0002-4519-7201
A5107834158,Thomas Doherty,Thomas Doherty; Thomas Patrick Doherty; T. Doherty,
A5107876194,G. Amundsen,G. Amundsen,
A5113497259,J.R. Bensinger,J. R. Bensinger,
A5001062393,Tanja Su,Tanja Su; The Nandar Su; Su Tanja; Tracy Su; T. Su,https://orcid.org/0000-0001-7982-0391
A5015039999,Isabell Eva Baumann,Isabell Baumann; Isabell Eva Baumann,https://orcid.org/0000-0002-0562-9727
A5028522370,Marina J. Gorbunoff,M.J. Gorbunoff; Marina J. Gorbunoff,
A5029894902,Erica Harth,Erica Harth; E. Harth,
A5040122426,Niels Bradshaw,N. Bradshaw; Niels Raab Bradshaw; Niels Bradshaw; Niels R. Bradshaw,https://orcid.org/0000-0002-6845-4717
A5048246576,Helen Codere,Helen Codere,
A5052230720,Charles I. Schottland,Charles I. Schottland,
A5062996097,Marshall Sklare,Sklare Marshall; Marshall Sklare,
A5068311226,Gleb Nenashev,Gleb Nenashev; G. Nenashev; G. V. Nenashev,https://orcid.org/0000-0002-5850-3466
A5071804115,Egon Mayer,E. Mayer; Egon Mayer,
A5080879284,Sabine von Mering,S. von Mering; Sabine Von Mering,https://orcid.org/0000-0001-6976-4074
A5091210134,Robert N. Zeitlin,Robert N. Zeitlin; R. Zeitlin; Robert Zeitlin; Robert Norman Zeitlin,
A5112511892,L. J. Bergsten,L. J. Bergsten,
A5004948152,M. Yokoyama,M. Yokoyama; Mark Yokoyama,
A5007834707,Jonathan Jaquette,Jonathan Caleb Jaquette; Jonathan Jaquette,https://orcid.org/0000-0001-8380-3148
A5019642857,Nikolai Otmakhov,Nikolai Otmakhov; N. A. Otmakhov; N. Otmakhov,
A5019868307,Paul Jankowski,Paul Jankowski; Paul F. Jankowski; P Jankowski; Piotr Jankowski,https://orcid.org/0000-0002-6465-4359
A5020895956,Rudolf Kayser,Rudolf Kayser,
A5039137568,E. Katsoufis,E. Katsoufis,
A5051686605,William Duffy,W. E. Duffy; William E. Duffy; William Duffy; W. Duffy,
A5055730329,S. Goodman,S. R. Goodman; S. Goodman; Stanley Goodman,
A5058726384,Timothy D. Wiggin,Timothy Wiggin; Tim D. Wiggin; Timothy David Wiggin; Tim Wiggin; Timothy D. Wiggin,https://orcid.org/0000-0003-4432-1626
A5087436159,Leandro M. Alonso,Leandro Alonso; L. M. Alonso; Leandro M. Alonso; Leandro Martín Alonso,https://orcid.org/0000-0001-8211-2855
A5100686269,Yue Han,Yue Han; Han Yue,https://orcid.org/0000-0003-4146-0436
A5101021062,Sun Liwei,Sun Liwei; Sun Li‐wei; Liwei Sun,
A5102915078,Agustin J. Ros,Agustin Ros; Agustin J. Ros; Agustin Jose Ros; A. Ros,https://orcid.org/0000-0002-8003-1143
A5106858837,Zachary Michael Schillaci,Z. M. Schillaci; Zachary Michael Schillaci,
A5109252266,Walter C. Phillips,Walter C. Phillips,
A5023665395,Dwight W. Young,Dwight W. Young; D. W. Young; Dwight Young; D Young; Dwight Wayne Young,
A5028581101,T. Hagiwara,T. Hagiwara; Teruhiko Hagiwara,
A5032361095,Teresa V. Mitchell,T. Mitchell; Teresa V. Mitchell; Teresa Mitchell,https://orcid.org/0009-0000-8249-083X
A5045115374,Evangelos Simoudis,E. Simoudis; E SIMOUDIS; Evangelos Simoudis,https://orcid.org/0000-0002-0594-9384
A5075716783,Stephen J. DeCamp,S. DeCamp; Stephen J. DeCamp; Stephen Decamp; Stephen J DeCamp,https://orcid.org/0000-0001-7002-7370
A5086444106,Qianyi Yang,Qianyi Yang; Qian‐Yi Yang; Q. Yang; Q Q Yang,https://orcid.org/0000-0002-3353-1751
A5087497969,Roberta L. Salper,Roberta L. Salper; Roberta Salper,
A5101446290,Dorothy Kim,Dorothy Kim,https://orcid.org/0000-0002-6751-6517
A5113435754,Michael Randall,M Randall; Michael Randall; M. Hertig Randall,
A5113996126,Margaret M. Ciotti,Margaret Ciotti; Margaret M. Ciotti,
A5015699157,Gunnar Dybwad,Gunnar Dybwad; G Dybwad,
A5025998710,Norman R. Kurtz,N R Kurtz; N Kurtz; Norman R. Kurtz; Norman Kurtz,
A5042814459,Rachel Dickler,Rachel Dickler‐Mann; Rachel Dickler,https://orcid.org/0000-0002-9018-4848
A5046214874,Alexandra Martin,A. Martin; Alexandra Martin; Alexandra R. Martin; Alexandra Regina Martin,https://orcid.org/0000-0001-9764-9487
A5055601717,Arvind Baskaran,Arvind Baskaran; Arvind Ram Baskaran,
A5058178055,Albert Kelner,A. Kelner; Albert Kelner,
A5064484932,Joerg E. Braun,J. E. Braun; J. E. A. Braun; J. Braun; Joerg E. Braun,https://orcid.org/0000-0002-8309-6401
A5074301925,Daniel Neep,Daniel Neep,https://orcid.org/0000-0003-0247-0076
A5077480329,Zachary Albert,Zachary Albert; Z ALBERT,https://orcid.org/0000-0003-3887-5227
A5082753007,Carl Sharif El-Tobgui,Carl Sharif El‐Tobgui,
A5085199403,Andrea Linton,A. Linton; Andrea Linton,https://orcid.org/0000-0002-6682-8009
A5107880075,D. Dodsworth,D. Dodsworth,
A5107941280,C. Blocker,C. Blocker,
A5108798672,Michael J Larson,M. J. Larson; Michael Larson; M Larson; Michael J. Larson,
A5008254700,Jonathan Unglaub,Jonathan Unglaub; Jonathan W. Unglaub,
A5013156515,Yara A. Halasa‐Rappel,Yara Halasa‐Rappel; Yara A. Halasa‐Rappel; Yara A. Halasa,https://orcid.org/0000-0001-6564-1608
A5020046284,David P. Waterman,David P. Waterman; D. Waterman; David Waterman,
A5021376635,Fred Sommers,Fred Sommers; F. T. Sommers; F SOMMERS,
A5037705543,Elizabeth Mahon,E. A. Mahon; Elizabeth Mahon; E. Mahon; Elizabeth A. Mahon,https://orcid.org/0000-0003-0854-1453
A5044560179,Владимир Хазан,Владимир Хазан; Vladimir Khazan; Vladimir I. Khazan,https://orcid.org/0000-0002-7937-5790
A5071966352,Ramasamy P. Kumar,R.P. Kumar; Ramasamy Prem Kumar; R. Kumar; R. Prem Kumar; Ramasamy P. Kumar,https://orcid.org/0000-0002-6555-8289
A5081164127,Martin A. Levin,Martin A. Levin; Martin Levin,
A5084264065,Daichi Hayakawa,Daichi Hayakawa; Hayakawa Daichi; D. Hayakawa,https://orcid.org/0000-0002-2783-5943
A5090141303,Diane Labbé,D. Labbé; Dylan L Labbe; Diane Labbé; D. Labbe; D. L'Abbé,
A5102392055,Shiyong Guo,Shi‐Yong Guo; Shiyong Guo,
A5107900018,J. R. Bensinger,J. R. Bensinger,
A5001510936,David B. Starr,David Starr; David B. Starr,
A5005323445,Weiyi Tan,Weiyi Tan,https://orcid.org/0000-0001-5316-8278
A5018135431,Sining Sun,Sining Sun,https://orcid.org/0000-0002-6527-899X
A5018220112,Marvin Fox,M. Fox; Marvin Fox,
A5021594892,Gregory J. Hoeprich,Gregory J. Hoeprich; Gregory Hoeprich,
A5039995210,David L. Toppen,D. L. TOPPEN; David Toppen; David L. Toppen,
A5046661602,Joseph Nasser,Joseph Nasser,https://orcid.org/0000-0001-5941-5751
A5051425409,Hannah Yevick,H. G. Yevick; Hannah Yevick; Hannah G. Yevick,
A5054572950,Arkady B. Rovinsky,A. B. Rovinsky; A.B Rovinsky; A. Rovinsky; Arkady B. Rovinsky; Arkady Rovinsky,
A5057131076,Ira Konigsberg,Ira Konigsberg; I Konigsberg,
A5057980506,F. Derue,F. Derue,
A5059249026,Ludmila Kolmakova-Partensky,Ludmila Kolmakova‐Partensky; L. Kolmakova‐Partensky,
A5066403905,Aaron Y. Zelin,Aaron Zelin; Aaron Y. Zelin,https://orcid.org/0009-0002-6130-0229
A5070124533,Bogdan Stoica,Bogdan Stoica,
A5074041928,David Agee Horr,David Horr; David Agee Horr,
A5075168629,Iman Abdelmoty,I. Abdelmoty; Iman Abdelmoty,
A5083091910,Jenny L. Small,Jenny L. Small,https://orcid.org/0000-0001-7105-2252
A5100969947,Yigao Feng,Yigao Feng; Yi‐Gao Feng; Feng Yigao,
A5112132864,Marjorie E. Winkler,M E Winkler; Marjorie E. Winkler; Marjorie Winkler,
A5112730900,Avigdor Levy,Avigdor Levy; A. M. LEVY,
A5004308395,Anne P. Carter,Anne P. Carter,
A5009009745,Lingfa Yang,Yang Lingfa; Lingfa Yang; Ling‐fa Yang,
A5010568048,Charles B. McClendon,Charles B. McClendon; Charles McClendon,
A5025062804,Anne Goodwyn Jones,Anne Goodwyn Jones; Anne G. Jones; Anne Jones,
A5033915638,Dylan Cashman,Dylan Cashman,https://orcid.org/0000-0003-4853-5701
A5039773597,Thomas Barnet-Lamb,Thomas James Barnet‐Lamb; Thomas Barnet‐Lamb,
A5044428306,Sarita Bhalotra,Sarita M. Bhalotra; Sarita Bhalotra,
A5047421648,A. Stubbins,AP Stubbins; A. Stubbins,
A5051486235,Robert W. Ressler,Robert Ressler; Robert W. Ressler; Robert Wayne Ressler,https://orcid.org/0000-0002-6265-2528
A5055358317,Donna Dodson,D F Dodson; Donna Dodson; Donna F. Dodson,
A5057117917,Edwin Burr Pettet,Edwin Burr Pettet,
A5058858021,Amber Stubbs,Amber C. Stubbs; A. Stubbs; Amber Stubbs,
A5065282229,Elanah Uretsky,Elanah Uretsky; E. Uretsky,https://orcid.org/0000-0002-9842-6338
A5078041688,J. Sebastian Temme,J. S. Temme; Sebastian S. Temme; Sebastian Temme; J. Sebastian Temme,https://orcid.org/0000-0001-8306-2810
A5090633795,Kosuke Nakamoto,Kosuke Nakamoto; K Nakamoto,https://orcid.org/0000-0001-7813-6555
A5090874438,Suresh Kumar Gorla,Suresh Kumar Gorla; S.K Gorla; Suresh Gorla; S.K. Gorla,
A5107875681,S. De Castro,S. De Castro,
A5107884904,P. Farthouat,P. Farthouat,
A5107905135,C. Blocker,C. Blocker,
A5112682137,Lois Isenman,Lois Isenman; Lois D. Isenman; L. Isenman; L.D. Isenman,
A5004850311,Barbara J. Youngberg,Barbara J. Youngberg; B. Youngberg; Barbara Youngberg,
A5009057916,Andrew Molinsky,Andrew Laurence Molinsky; Andrew Molinsky; Andy Molinsky; Andrew L. Molinsky,https://orcid.org/0000-0002-4080-0593
A5025180981,Aida Yuen Wong,Aida Yuen Wong; Aida Y. Wong; Aida‐Yuen Wong,https://orcid.org/0000-0002-3052-752X
A5031477058,Laura Jockusch,Laura Jockusch; L. Jockusch,
A5041374304,Janet Krasner Aronson,J Aronson; Aronson; Aronson Janet Krasner; Janet Aronson; Janet Krasner Aronson,https://orcid.org/0000-0001-9579-818X
A5044205870,Heath I. Balcer,Heath Balcer; H. I. Balcer; H. Balcer; Heath I. Balcer,https://orcid.org/0000-0002-2745-4569
A5051897553,Rabia Anjum,R Anjum; Rashida Anjum; Rabia Anjum,https://orcid.org/0000-0003-3066-8039
A5060262711,Maurizio Vannicelli,Maurizio Vannicelli,
A5072418662,Rajan A. Sonik,Rajan A. Sonik; Rajan Sonik; Rajan Anthony Sonik,https://orcid.org/0000-0002-3353-1938
A5077550928,Tania Shane,Tania Shane; T. Jensen Shane; T. Shane,
A5078695029,Theo Douvropoulos,Theodosios Douvropoulos; Theo Douvropoulos; Theo,https://orcid.org/0000-0001-5553-6759
A5088766717,Elizabeth Tighe,Elizabeth Tighe; Elizabeth M. Tighe,https://orcid.org/0000-0002-3455-607X
A5100739510,David Liu,David Liu,https://orcid.org/0000-0002-2129-447X
A5101839669,Ian Hunter,I. Hunter; Ian W. Hunter; I.W. Hunter; Ian Hunter,https://orcid.org/0000-0002-7730-6628
A5105784260,Y. Morita,Y. Morita,
A5110045261,Daniel Dagan,Daniel Dagan,
A5112744465,D.D. Beck,D. Beck; D BECK; D. D. Beck; Deborah Beck,
A5000805974,Kate Moran,Kate. Acteur Moran; Kate A. Moran; Kate Moran,
A5001997519,Joseph G. Cunningham,Joseph Cunningham; Joseph G. Cunningham,
A5003954120,Shlesha Richhariya,Shlesha Richhariya; S. Richhariya,https://orcid.org/0000-0002-9311-110X
A5005255956,S. Giagu,S. Giagu,
A5013914996,Gerard Rinkus,Gerard J. Rinkus; G.J. Rinkus; Gerard Rinkus; Rod Rinkus; Rinkus Gerard,https://orcid.org/0000-0003-1725-910X
A5017346175,Laurence Simon,Laurence R. Simon; Laurence Simon,
A5017937226,Herbert H. Aptekar,H. Aptekar; Herbert H. Aptekar; Herbert Aptekar,
A5037924328,E Szentkirályi,E. M. Szentkiralyi; Eva M. Szentkiralyi; E Szentkiralyi; E.M. Szentkirályi; E. Szentkirályi; Eva Szentkiralyi; Eva M. Szentkirályi,
A5048362734,Charles A. Ziegler,Charles Alan Ziegler; Charles A. Ziegler; Charles Ziegler,
A5065500885,Rohit Rana,Rohit Rana; Rohit Kumar Rana,https://orcid.org/0000-0002-6582-8947
A5067291774,Marián Haburčák,M. Haburcak; Marian Haburcak; M. Haburčák; Marian Haburcák; M. Haburćák; Marián Haburčák; M Haburcák,https://orcid.org/0000-0003-0662-0756
A5069348402,Melissa S. Kosinski‐Collins,M. Kosinski‐Collins; Melissa Kosinski‐Collins; M.S. Kosinski–Collins; M. Kosinski–Collins; Melissa Sue Kosinski‐Collins; Melissa S. Kosinski‐Collins,https://orcid.org/0000-0003-4459-7163
A5069493667,Motti Golani,Motti Golani; M. Golani,
A5070127120,I. Tzvi Abusch,I. Tzvi Abusch,
A5070147761,Jennifer N. Gutsell,Jennifer Nadine Gutsell; Jennifer N. Gutsell; Jennifer Gutsell,https://orcid.org/0000-0002-5158-1218
A5072050512,Farzaneh Mohajerani,Farzaneh Mohajerani,https://orcid.org/0000-0002-9340-3305
A5079512655,Casey Ritchie Clevenger,Casey Clevenger; Casey Ritchie Clevenger,https://orcid.org/0000-0003-0762-1494
A5081889013,Leonard Muellner,L. C. Muellner; Leonard Charles Muellner; Leonard Muellner,https://orcid.org/0000-0001-8311-0317
A5086159798,Michael Spivak,Michael Spivak; Michael David Spivak,
A5102292354,Douglas Stewart,Douglas Stewart; D. Stewart; Douglas J. Stewart,
A5107876336,S. Dhaliwal,S. Dhaliwal,
A5109136422,M. Joshi,M. Joshi; Man‐ Dar Joshi,
A5110490174,J. R. Bensinger,J. R. Bensinger,
A5112408645,M. Cohn,Mary Cohn; M. Cohn,
A5112850728,M. Boxer,M.G.J. Boxer; M. G. J Boxer; Mathew Boxer; M. Boxer,
A5015305237,Blake Porter,Blake Porter; Blake S. Porter,https://orcid.org/0000-0003-1278-0289
A5037214069,Joel Streicker,Joel Streicker,
A5038456547,Shibin Chacko,Shibin Chacko,https://orcid.org/0000-0001-8906-7049
A5045924168,Linnea Lemma,Linnea M. Lemma; Linnea Lemma; L. Lemma,https://orcid.org/0000-0001-8482-4573
A5047946446,Hollie Markland Harder,Hollie Markland Harder; Hollie Harder,
A5060834009,Wyatt C. Jones,W C Jones; Wyatt C. Jones; W. Coleman Jones; W Jones,
A5062696112,Laarni T. Bulan,Laarni Bulan; Laarni T. Bulan,
A5066992209,Tim Baldwin,T. Baldwin; Tim Baldwin,
A5072106624,Justin D. Shin,Justin D. Shin,https://orcid.org/0000-0002-7959-7772
A5077805615,T. Matsusaka,Teruhisa Matsusaka; T. Matsusaka,
A5090306381,Joseph Silcox,Joseph Silcox; Joseph W. Silcox,
A5103592381,Simon Slutsky,Simon Slutsky; Simon S. Slutsky,
A5103634607,Yoshiro Furukawa,Yoshiro Furukawa,
A5103736294,Kevin Clark,K Clark; Kevin Clark,https://orcid.org/0000-0001-6660-0736
A5107891887,C-Q. Li,C‐Q. Li; C. Li,
A5110863062,Michael Atkins,Michele Atkins; Michael Atkins; Maria Cecilia Atkins; Michael A. Atkins; M. Atkins,
A5001794965,J.M. Seddon,J. M. Seddon; Jackie Seddon; J SEDDON; J. Seddon,https://orcid.org/0009-0007-2372-8634
A5008344561,Joan Dassin,Joan Dassin; Joan R. Dassin,https://orcid.org/0000-0002-2280-6879
A5010710076,Marc Goulden,M. Goulden; Marc Goulden,
A5030310870,Sally J. Warner,SJ Warner; Sally Warner; Sally J. Warner; S. J. Warner; Sally Jane Warner,https://orcid.org/0000-0001-7014-9634
A5038194411,Jingxuan Tu,Jing‐Xuan TU; Jingxuan Tu,
A5041129829,Richard H. Lansing,Richard Lansing; Richard H. Lansing,
A5043285159,Miriam Heyman,M. Heyman; Miriam Heyman; M. B. Heyman,
A5046050796,Miriam Peskowitz,Miriam Peskowitz; Miriam B. Peskowitz; M. B. Peskowitz; M. Peskowitz,
A5067517903,Ricardo B. Morant,R. B. Morant; Ricardo B. Morant,
A5069968327,Matthias Schlichting,Matthias Schlichting,https://orcid.org/0000-0002-0822-0265
A5071980613,Logan C. Lorson,Logan Lorson; Logan C. Lorson,
A5074056190,J. Alejandro D’Aquino,José D'Aquino; J. Alejandro D’Aquino; José A D'Aquino; J.A. D'Aquino; J. Alejandro D'Aquino,
A5077397465,Kate Koles,K. Koles; Kate Koles,https://orcid.org/0000-0002-8992-057X
A5082234176,Tyler Maunu,Tyler Maunu,https://orcid.org/0000-0001-9747-4461
A5085085286,Gönen Memişoğlu,Gönen Memişoğlu; Gonen Memisoglu,https://orcid.org/0000-0002-2901-3150
A5085653330,Steven J. Del Signore,Steven J. Del Signore,https://orcid.org/0000-0001-6007-9732
A5101473577,Yu-Fang Jin,Y Jin; Yu‐Fang Jin,
A5109393618,Maurice R. Stein,Maurice Stein; Maurice R. Stein; Maurice Robert Stein,
A5112793891,Robert Morris,Robert Morris,
A5113534001,Shira Fishman,Shira Fishman; S. G. Fishman; Shira G. Fishman,
A5000038583,Cijil Raju,Cijil Raju; C.V. Raju; C. Nagu Raju,https://orcid.org/0000-0002-8416-9764
A5001028039,Anton V Ryzhov,Anton Vladimirovich Ryzhov; Anton V. Ryzhov; A. V. Ryzhov; А. В. Рыжов; Anton Ryzhov,
A5010113178,Isu Cho,Isu Cho,https://orcid.org/0000-0003-2270-3068
A5018711453,Gail K. Strickler,Gail Strickler; Gail K. Strickler; G. Strickler,https://orcid.org/0000-0002-8432-8964
A5019144082,Jerome Wodinsky,J. Wodinsky; Jerome. Wodinsky,
A5019817855,Abuzar Mahmood,A Mahmood; Abuzar Mahmood,https://orcid.org/0000-0002-2448-4818
A5021870501,Chloé Greppi,C. Greppi; Chloe Greppi; Chloe C. Greppi; Chloé Greppi,https://orcid.org/0000-0001-5827-3448
A5026571643,Luděk Jirousek,Luděk Jirousek; Ludek Jirousek; L. Jirousek,
A5028095713,Ziva R. Hassenfeld,Ziva Reimer Hassenfeld; Ziva Hassenfeld; Ziva R. Hassenfeld,https://orcid.org/0000-0002-3069-9962
A5038163102,Michael Doonan,M Doonan; Michael Doonan; Michael T. Doonan,
A5038628986,Benjamin Shiller,Benjamin Shiller; Benjamin Reed Shiller; Ben Shiller; Benjamin R. Shiller,https://orcid.org/0000-0001-9021-1669
A5045936308,Alexandra Ratzlaff,Alexandra L. Ratzlaff; Alexandra Louise Ratzlaff; Alexandra Ratzlaff,https://orcid.org/0000-0003-2154-6646
A5050138432,Daniel Terris,Daniel Terris,
A5053649009,Srinivas Gorur-Shandilya,S. Gorur‐Shandilya; Srinivas Gorur‐Shandilya; Srinivas Gorur Shandilya,https://orcid.org/0000-0002-7429-457X
A5057902861,Martin Sasieta,Martin Sasieta; M. Sasieta,https://orcid.org/0000-0003-1056-6000
A5064690065,Xihuimin Dai,Xihuimin Dai,https://orcid.org/0000-0001-7532-9204
A5078563913,John P. Berezney,John Berezney; John P. Berezney,https://orcid.org/0000-0002-2768-1868
A5081545360,Maggie Huff‐Rousselle,M. Huff‐Rousselle; Maggie Huff‐Rousselle,
A5082922408,Alain Goldschläger,Alain Goldschläger; A. Goldschläger; Alain Goldschlager,
A5083759928,L. Kirsch,L. Kirsch,
A5087258236,Mary Brolin,Mary F. Brolin; Mary Brolin; M. Brolin,https://orcid.org/0000-0002-0286-4860
A5100353646,Hao Chen,Hao Chen; Chen Hao,https://orcid.org/0000-0003-2379-1848
A5107907420,S. V. Zeißner,S. V. Zeißner,
A5001395865,Elizabeth Glaser,Elizabeth L Glaser; Elizabeth Glaser; E. Glaser,https://orcid.org/0000-0002-1918-057X
A5006746350,Chloe Morse-Harding,Chloe Morse‐Harding,
A5022035337,S. Kotov,S. Kotov,
A5030184302,Aliyyah I. Abdur-Rahman,Aliyyah I. Abdur‐Rahman; Aliyyah Abdur‐Rahman,
A5035917082,Nathan Maugel,Nathan Maugel; N. Maugel,
A5039753903,K. Melchor Quick Hall,K HALL; Kia M. Q. Hall; K. Melchor Quick Hall,https://orcid.org/0000-0001-9175-020X
A5047458725,Murray Sachs,Murray Sachs; M. Douglas Sachs,
A5048829774,Jane Ebert,Jane Ebert; Jane Ej Ebert; Jane E. J. Ebert; Jane E.J Ebert,https://orcid.org/0000-0002-0608-8387
A5052599108,Andrzej Stanisław Cieplak,Andrzej Stanislaw Cieplak; A. S. CIEPLAK; Andrzej Stanisław Cieplak; A. CIEPLAK; Andrzej S. Cieplak; Andrzej Cieplak,https://orcid.org/0000-0001-5385-8332
A5058015525,Jose A Suaya,Jose Suaya; J.A. Suaya; José A. Suaya; Jose A. Suaya; Jose Antonio Suaya; Jose A. Suaya,https://orcid.org/0000-0002-3616-3528
A5058220797,Ashish K. Maurya,Ashish Maurya; Ashish K. Maurya; Ashish Kumar Maurya; A. Maurya,https://orcid.org/0000-0003-1197-2270
A5061948797,Nonna A. Otmakhova,N. A. Otmakhova; Nonna Otmakhova; Nonna A. Otmakhova,
A5070247111,Dariusz Przybylski,Dariusz Przybylski; Przybylski Dariusz; D. Przybylski,
A5070884352,Djordje Radicevic,Djordje Radicevic,
A5078795103,Frank Sangiorgi,Frank Sangiorgi; F Sangiorgi; Frank O. Sangiorgi; F O Sangiorgi,
A5087097155,Yang Sun,Yang Sun; Y. P. Sun; Y. Sun,https://orcid.org/0000-0003-0603-4212
A5091603878,D. Dagenhart,D. Dagenhart,
A5111509340,Shimon Klein,Shimon Klein,
A5111609060,Adelajda Zorba,A. Zorba; Adelajda Zorba,
A5113617151,Phuc Nguyen,Phuc Hoang Nguyen; Phuc Nguyen; P. H. Nguyen; Phuc H. Nguyen,
A5000996249,Mercedes B. Villalonga,M Blasco de Villalonga; Mercedes B. Villalonga; Mercedes Villalonga,https://orcid.org/0000-0001-8804-7951
A5002632982,Z. BERNSTEIN,Zmira Bernstein; Z. Bernstein; Zmira W. Bernstein; Z. W. BERNSTEIN,
A5006925296,Bjarne Rasmussen,Bjarne Rasmussen; Bjarne F. Rasmussen; B. Rasmussen,
A5013163923,Danielle Gianferante,Danielle Gianferante; D. Gianferante,
A5016498210,Julia R. Kardon,Julia R. Kardon; J.R. Kardon; Julia Kardon,https://orcid.org/0000-0002-6621-4461
A5017858907,Harleen Singh,H. Vokendro Singh; Harleen Singh,
A5020109038,Joshua Kulp,Joshua Kulp,
A5020749055,Bhoomija Ranjan,Bhoomija Ranjan; B. S. C. Ranjan,https://orcid.org/0000-0002-3814-9033
A5021353176,Adan Effio,Adan Effio; A. A. Effio; A. Effio,
A5027625273,Jennifer LaFleur,Jennifer Lafleur; J LaFleur; Jennifer C. LaFleur,https://orcid.org/0000-0001-5313-0157
A5028628443,Moaven Razavi,Moaven Razavi; M Razavi,https://orcid.org/0000-0002-6082-6897
A5031444710,Claudia M. Fafard,Claudia M. Fafard,
A5035988035,Bohan Jiang,Bohan Jiang; Bo‐han JIANG,
A5039081877,Ann Ward,Ann Ward; A. M. Ward; A. Marcus Ward,
A5039898139,Lynn Kaye,Lynn Kaye,https://orcid.org/0000-0002-9654-3231
A5041051948,Norman N. Goroff,Norman Goroff; Norman N. Goroff,
A5043388637,Dalia Wassner,Dalia Wassner,https://orcid.org/0000-0002-8735-6768
A5056987111,Alan Melchior,Alan C. Melchior; Alan Melchior,
A5060547288,Alexander Hensley,A L. Hensley; Alexander Hensley; A. L. Hensley,https://orcid.org/0000-0002-9086-5395
A5066421677,Caldwell Titcomb,Caldwell Titcomb,
A5068139816,Joseph Kweku Assan,Joseph Kweku Assan; Joseph K. Assan; Joseph Assan; J Assan,
A5081602700,Laura Quinney,Laura Quinney,
A5082402693,John Wilmes,John Wilmes; John S. Wilmes,https://orcid.org/0000-0003-2278-8794
A5083327090,Noreen R. Francis,N. Francis; Noreen Francis; Noreen R. Francis; N.R. Francis,
A5103558580,C. F. Lo,C.F Lo; Chieh‐Yun Lo; C. F. Lo,
A5105707352,A. Apyan,A. Apyan,
A5107888249,L. J. Bergsten,L. J. Bergsten,
A5109483095,Brian Michael,B Michael; Brian Michael,
A5110554363,Ariela Gross,Ariela Gross,
A5111925840,Dana M. Gordon,Dana M. Gordon; D. M. GORDON,
A5001334522,Kylie A Schiloski,Kylie Schiloski; Kylie A. Schiloski,https://orcid.org/0000-0001-5697-2237
A5009901815,Gregory A. Petsko,G. Petsko; G. A. Petsko; Gregory A. Petsko,
A5015418967,Nancy McArdle,Nancy McArdle; N. McArdle,https://orcid.org/0009-0008-9220-9405
A5017630996,Shubhranshu Shekhar,Shubhranshu Shekhar,https://orcid.org/0000-0002-1864-8302
A5018723725,М. П. Иванова,М. П. Иванова; Maria Ivanova; M. P. Ivanova; M. Ivanova,https://orcid.org/0000-0003-1933-9613
A5023851146,Luke Hanlin,L. Hanlin; Luke Hanlin; Luke C. Hanlin; L.C. Hanlin,
A5033230353,Cynthia E. Cohen,Cynthia E. Cohen; Cynthia Cohen; Cynthia Eames Cohen,
A5041605161,Kyeongmin Rim,Kyeongmin Rim; 임경민; Keigh Rim,https://orcid.org/0000-0001-8688-4086
A5048187618,Darren E. Ƶinner,Darren E. Ƶinner; Darren Zinner; Darren E. Zinner,https://orcid.org/0009-0000-4564-0747
A5050923031,Wei Wen,Wen Qiang Wei; Wei Wen; Wen Wei,https://orcid.org/0000-0003-1422-856X
A5053192003,Thomas L. Ilgen,Thomas L. Ilgen; Thomas Ilgen,
A5055533931,An Huang,An Guo Huang; A.G. Huang; An Huang,https://orcid.org/0000-0002-3343-7247
A5065338211,Danielle Schwartz,Danielle B. Schwartz; D Schwartz; Danielle Schwartz; Danielle Schwartz,https://orcid.org/0000-0002-7015-9733
A5066197951,Hebatallah Naim Ali,Hebatallah A. Naim Ali; Hebatallah Naim Ali; Hebatallah Ali,https://orcid.org/0000-0002-4956-9930
A5066453312,Elizabeth Thornberry,Elizabeth Thornberry,https://orcid.org/0000-0003-3172-7926
A5071153332,R.A.P. Padua,Ricardo A. P. Pádua; Ricardo AP Pádua; Ricardo Padua; R.A. Pereira de Padua; R. A. P. Pádua; R.A.P. Padua,https://orcid.org/0000-0001-9719-3440
A5074252943,Wei-Shao Wei,Wei‐Shao Wei,https://orcid.org/0000-0001-9467-4273
A5074551744,Matthew Hoover,Matthew Amos Hoover; Matthew Hoover; Matthew A. Hoover,
A5079683386,Yavuz S. Ceylan,Yavuz Selim Ceylan; Yavuz Ceylan; Yavuz S. Ceylan,https://orcid.org/0000-0001-6257-5086
A5080351299,Jeffrey A. Lenowitz,Jeffrey Lenowitz; Jeffrey A. Lenowitz,https://orcid.org/0000-0001-8032-650X
A5085310584,Cynthia A. Tschampl,C A Tschampl; Cynthia Tschampl; Cynthia A. Tschampl,
A5085695709,Morgan Taylor,Morgan K. Taylor; Morgan Taylor,https://orcid.org/0000-0003-0628-2945
A5088511546,Raquel Magidin de Kramer,R. Kramer; Raquel Magidin De Kramer,https://orcid.org/0000-0002-4835-4815
A5107890892,M. Goblirsch-Kolb,M. Goblirsch‐Kolb,
A5107927482,K.M. Loew,K.M. Loew,
A5111586004,S. Boström,S. Boström; S‐L. Boström; S. Bostrom; S.‐L. Boström; S. Lynn Bostrom,
A5114013051,Leonard J. Andrews,Leonard J. Andrews; Leonard Andrews,
A5003126390,Mohamed Adel,Mohamed Adel; M. SahandH. Ghavami Adel; M. Adel,https://orcid.org/0000-0002-0769-2869
A5015292041,Charles Cutter,Charles H. Cutter; Charles Cutter,
A5015892846,Zhaoxi Zheng,Zhaoxi Zheng,https://orcid.org/0009-0006-3867-8409
A5026050889,Kathleen Kowitz,Kathleen Kowitz; K. Kowitz,
A5040589874,Ying L. Becker,Ying Becker; Ying L. Becker,
A5041004822,Arnold Gurin,Arnold Gurin; А. Л. Гурин,
A5048327002,Denah Lida,Denah Lida,
A5050109787,Janet T. Civian,Janet Civian; Janet T. Civian,
A5053112722,Masahiro Toiya,Masahiro Toiya,
A5055071260,Catherine Bauer,C. H. Bauer; Catherine. Bauer,
A5056604586,Willem J. Laursen,Willem Laursen; Willem J. Laursen,https://orcid.org/0000-0002-0952-317X
A5058010960,Hilda B. Gjika,Hilda Gjika; H B Gjika; Hilda B. Gjika,
A5058889215,Katherine M. Parisky,Katherine Michele Parisky; Katherine Parisky; Katherine M. Parisky,
A5060309806,T Szabo,Theresa M. Szabo; T Szabo; T. M. Szabo,
A5068381884,Grant M. Carrow,Grant M. Carrow; Grant Carrow; G. M. Carrow,
A5075729984,Hugh Pendleton,H. N. Pendleton; Hugh Nelson Pendleton; H. Pendleton; Hugh N. Pendleton; Hugh Pendleton; H. . Pendleton,
A5085662635,Vanessa Buosi,V. Buosi; Vanessa Buosi,
A5091519932,Amanda L. Tiano,Amanda Lyn Tiano; A. Tiano; Amanda Tiano; Amanda L. Tiano; A. L. Tiano,https://orcid.org/0000-0002-9902-1308
A5107921873,G. Sciolla,G. Sciolla,
A5107951243,M. Goblirsch-Kolb,M. Goblirsch‐Kolb,
A5109179416,Alex Stewart,A. Stewart; A.A. Stewart; Alex Stewart,
A5110840011,Riaz Ahmed,R. Ahmed; R. F. AHMED; Riaz Ahmed,
A5112073025,Shibani Dalal,Shibani Dalal,
A5001829128,Ian Roy,Ian Roy; I. Roy; Ian M. Roy,https://orcid.org/0000-0002-4015-5790
A5002379131,Stefan Paquay,S. Paquay; Stefan Paquay; S Stefan Paquay,https://orcid.org/0000-0003-4398-9587
A5005264630,James Rosenbloom,James P. Rosenbloom; James Rosenbloom,
A5008705165,Omkar Hegde,Omkar Hegde,https://orcid.org/0000-0002-8691-3649
A5011417805,Sophia A. Malamud,Sophia Alexandra Malamud; Sophia A. Malamud; S. A. Malamud; Sophia Malamud; Sophie A Malamud,https://orcid.org/0000-0002-1321-7685
A5012415911,Keren R. McGinity,Keren McGinity; Keren R. McGinity,https://orcid.org/0000-0002-6673-0378
A5015812361,Mildred Rein,Mildred Rein; M. Rein,
A5022084220,Abigail Walters,A N Walters; Abigail Walters; Abigail N. Walters,
A5023632928,F. Krejci,F. Krejci,
A5037081306,Weijin Xu,Weijin Xu; W. Xu; Wei‐jin Xu,https://orcid.org/0000-0003-1634-5241
A5040376126,Subhayan Chakraborty,Subhayan Chakraborty,https://orcid.org/0000-0001-8998-447X
A5042294554,Chester Palen-Michel,Chester Palen‐Michel,
A5042758874,Ane Martín Anduaga,Ane Martín‐Anduaga; Ane Martín Anduaga; Ane Martin Anduaga,https://orcid.org/0000-0003-2447-2195
A5043251619,Eóin O’Donoghue,Eóin O’Donoghue; Eóin O'Donoghue; Eoin O’Donoghue; E. G. O'Donoghue; Eoin O'Donoghue,https://orcid.org/0000-0003-1893-0137
A5051676247,Matthew A. Brookner,Matthew Brookner; Matthew A. Brookner,https://orcid.org/0000-0002-1384-4566
A5057149989,Yanyi Wu,Yanyi Wu; Yan‐Yi Wu,
A5058105889,E. Nurse,E. Nurse,
A5059851026,Carole Williams,C.J. Williams; Carole Williams,
A5072550467,Nancy L. Bowles,Nancy Bowles; N. L. Bowles; Nancy L. Bowles,
A5079704238,J. W. Skinner,Jack W. Skinner; J. Skinner; J. W. Skinner; Jack William Skinner,https://orcid.org/0000-0002-5263-385X
A5084740260,Alison Philbrook,Alison Philbrook; Alison M. Philbrook,https://orcid.org/0000-0003-3330-3086
A5087236572,Alice Kelikian,Alice A. Kelikian; Alice Kelikian; A. A. Kelikian,
A5087912904,Erin Clark,Erin Clark; Erin A. Clark; Erin Amelia Clark,https://orcid.org/0000-0002-4013-325X
A5107893805,Z. M. Schillaci,Z. M. Schillaci,
A5112781575,Fred G. Schreiber,F. G. SCHREIBER; Fred G. Schreiber; F. Schreiber,
A5004369293,Shula Mola,Shula Mola,
A5008900733,Robert O. Preyer,Robert Otto Preyer; Robert Preyer; Robert O. Preyer,
A5011000845,Ann Bookman,A Bookman; Ann Bookman,
A5014847165,Bapsi Sidhwa,Bapsi Sidhwa,
A5015373390,E. Rossi,E. Rossi,
A5016549623,Ilan Troen,Ilan Troen; I. Troen,
A5017718573,G Pagani,G Pagani; Gina M. Pagani; Gina Pagani,
A5019622579,Jonathan Shapiro Anjaria,Jonathan Shapiro Anjaria; Jonathan Anjaria,
A5020059679,Gabrielle Katz,Gabrielle Katz; G. Katz; Gabrielle R. Katz,https://orcid.org/0000-0002-9233-5654
A5021372502,Stephen P. Gulley,Stephen P. Gulley; S. Gulley; Stephen Gulley,
A5022743133,Ashley M. Geiger,Ashley M. Geiger; Ashley Geiger; A. M. Geiger,
A5025915259,Gila J. Hayim,Gila Hayim; Gila J. Hayim; G. J. Hayim,
A5028277865,E. O'Neall-Hennessey,Elizabeth O’Neall‐Hennessey; Elizabeth O'Neall‐Hennessey; E. O'Neall‐Hennessey; E O’Neall‐Hennessey,
A5028485131,Jiahua Chen,Chen Jia‐hua; Jiahua Chen; Chen Jiahua,https://orcid.org/0000-0002-7573-6333
A5034886637,J. Elzinga,Johannes Elzinga; J. Elzinga,
A5037109852,Kira Griffitt,Kira Griffitt,
A5040127923,F. Dinut,F. Dinut,
A5040983434,Alexander Kaye,Alexander Kaye; Alexander Lewis Kaye,https://orcid.org/0000-0002-7247-522X
A5058065374,Margarita Corral González,Margarita Corral Gonzalez; Margarita Corral González; Margarita Corral; Margarita Corral González,https://orcid.org/0000-0001-6073-9753
A5062781711,Yuhua Shang,Y. Shang; Yuhua Shang,
A5062880437,D. Bacciu,D. Bacciu; Deborha. Bacciu,
A5067989962,Susan H. Holcombe,Susan Higinbotham Holcombe; S. H. Holcombe; Susan H. Holcombe; Susan Holcombe,
A5069047884,Rachel G. McKane,Rachel Gayle McKane; Rachel Mckane; Rachel G. McKane,https://orcid.org/0000-0002-5295-8611
A5069872567,Aaron Moulin,Aaron G. Moulin; Aaron Moulin; A.G. Moulin; A. Moulin,
A5070077777,Janina Fenigsen,Janina Fenigsen,https://orcid.org/0000-0002-1810-8496
A5070366856,W. Johnson,William R. Johnson; W. Johnson; W. R. Johnson,
A5071373435,Robert Bohler,Robert M. Bohler; Robert Bohler,https://orcid.org/0000-0001-7974-9177
A5071510151,Layne B. Frechette,Layne Braedon Frechette; Layne B. Frechette; Layne Frechette,https://orcid.org/0000-0002-4263-6651
A5072544294,Miriam Connor,Miriam K. Connor; Miriam Connor,
A5076532761,W. R. Middlebrook,William Robert Middlebrook; W Middlebrook; W. R. Middlebrook; W. Robert Middlebrook,
A5081192647,Nadja Abovich,N. Abovich; Nadja Abovich,
A5084638036,Dennis J Smith,Dennis Smith; Dennis J. Smith,https://orcid.org/0000-0003-3319-1053
A5087161323,Eriko Atagi,Eriko Atagi,
A5087187658,George B. Cohen,George B. Cohen,
A5087254462,Brian Cary,Brian A. Cary; Brian Cary,https://orcid.org/0000-0002-1759-164X
A5088382500,Naomi Barash-Schmidt,N. Barash‐Schmidt; Naomi Barash‐Schmidt,
A5089884470,Marcus Hellyer,Marcus Hellyer,
A5102029523,Anika Kumar,Anika Kumar; A J Kumar,
A5107884058,P. Werner,P. Werner,
A5107890778,M. Goblirsch-Kolb,M. Goblirsch‐Kolb,
A5107899273,P. Saha,P. Saha,
A5108443393,WH Crown,W.H. Crown,
A5108473265,A.M. Zhabotinsky,A. M. Zhabotinsky; A. Zhabotinsky; Anatoly M. Zhabotinsky,
A5000183079,Milen Raytchev,M. Raytchev; Milen Raytchev,https://orcid.org/0009-0006-8575-331X
A5002493436,Guifu Xie,G. Xie; Gui‐Fu Xie; Xie Guifu; Guifu Xie,
A5011303182,Einat Ramon,Einat Ramon; Ramon Einat,
A5011398288,William C. Faith,William Faith; William C. Faith; William Cass Faith; W. C. FAITH; W. Faith,
A5012283780,Lingran Chen,Lingran. Chen,
A5013595526,Sarah Birkeland,Sarah Birkeland; Sarah E. Birkeland,
A5014819969,Donna L. Yee,D L Yee; Donna L. Yee; Donna Yee; D Yee,
A5017114651,Wesley T. Alford,Wesley T. Alford; Wesley Alford,
A5017837013,Hilda Kahne,Hilda Kahne,
A5018697824,Kimberly Bloom‐Feshbach,Kimberly Bloom‐Feshbach,https://orcid.org/0000-0001-8822-4911
A5027067802,James B. Klee,James B. Klee; J. B. Klee; James Butt Klee; J Klee,
A5027923142,Tong Fu,T. Fu; Fu Tong; Tong Fu,https://orcid.org/0000-0002-0596-6408
A5032199564,ChaeRan Y. Freeze,Chaeran Y. Freeze; Freeze; Chaeran Freeze,https://orcid.org/0009-0008-9188-7132
A5033711398,Ann P. Lawson,A. Lawson; Ann P. Lawson; A. P. LAWSON; Ann Lawson,
A5037405845,J Chen,J. Chen,
A5037677115,Masha M. Rosenberg,Masha M. Rosenberg; Masha Rosenberg,
A5038950484,Mahesh Neralkar,Mahesh Neralkar,
A5044281912,Leah Shafer,Leah R. Shafer; Leah Shafer,
A5045104544,Sara Ann Haddad,S.A. Haddad; Sara A. Haddad; Sara Haddad; Sara Ann Haddad,https://orcid.org/0000-0003-0807-0823
A5046024659,Shoniqua Roach,Shoniqua Roach,
A5046572752,Alice Hsiaw,Alice Hsiaw; Alice Sing‐Mei Hsiaw,https://orcid.org/0000-0001-5896-1267
A5055123607,George Alexander Kelly,George A. Kelly; George Alexander Kelly,
A5055740004,Barry L. Friedman,Barry Friedman; B.L. Friedman; Barry L. Friedman,
A5059090211,Fernando C. Colón Osorio,Fernando C. Colón Osorio; Fernando C. Colon Osorio; F.C. Colon Osorio,
A5062378201,Lisa Fishbayn Joffe,L Fishbayn; Lisa Fishbayn; Lisa Fishbayn Joffe,https://orcid.org/0000-0001-7418-4269
A5072021656,Jasmine Quynh Le,Jasmine Q. Le; Jasmine Quynh Le,https://orcid.org/0000-0003-4159-8830
A5076555215,Gwido Zlatkes,Gwido Zlatkes,
A5080635898,Jason K. Pontrello,Jason K. Pontrello; Jason Pontrello; J. Pontrello,
A5081926658,Siri Suh,Siri Suh,https://orcid.org/0000-0002-7137-4195
A5082103322,Charles Ammi Cutter,Charles Ammi Cutter; Charles Cutter; Charles A. Cutter,
A5083163862,Aishwarya Khanna,Aishwarya Khanna,https://orcid.org/0000-0002-5664-6164
A5100365594,Yifei Wang,Yi‐Fei Wang; Yifei Wang,https://orcid.org/0000-0002-8295-5534
A5101838639,Mark C. Zielinski,M. Zielinski; Mark Zielinski; Mark C. Zielinski,https://orcid.org/0000-0002-6950-6689
A5105703931,A. Apyan,A. Apyan,
A5107875762,G. Sciolla,G. Sciolla,
A5107912214,K. M. Loew,K. M. Loew,
A5107930800,S. Dhaliwal,S. Dhaliwal,
A5109931918,Edwin A. Richard,E. A. Richard; Edwin A. Richard,
A5110839173,Barry B. Adams,Barry Adams; Barry B. Adams,
A5001511658,F. Lomanno,F. D. Lomanno; Frank D. Lomanno; Frank Lomanno; F. Lomanno,
A5001707155,Imogen Rosenbluth,Imogen Rosenbluth,
A5006414230,Witta Priester,Witta Priester; W. DE PRIESTER; W. PRIESTER,
A5008056732,Steve Andreas,Steve Andreas,
A5011734448,Jane Alison Hale,Jane Hale; Jane Alison Hale; J. Hale; J. A. Hale,https://orcid.org/0000-0002-3385-4884
A5018624222,Cornelia Ann Kammerer,C. A. Kammerer; Cornelia Ann Kammerer,
A5020176555,Gloria Waite,Gloria Waite; Gloria Martha Waite; Gloria M. Waite,
A5020329875,Ashley Gilliam,Ashley N. Gilliam; Ashley Gilliam; Ashley N. Gilliam; Ashley N Gilliam; Ashley Nicole Gilliam,https://orcid.org/0000-0001-7124-0990
A5022531251,Cathy Burack,Cathy Burack,
A5024888810,Frank Li,Frank S. Li; Frank Li,https://orcid.org/0000-0002-1697-2002
A5028516799,Suet Mui,S C Mui; S. Mui; Suet Mui,
A5029645254,Biljana Ermanoska,Biljana Ermanoska,https://orcid.org/0000-0003-3913-8253
A5031294184,Charlotte Goudge,Charlotte Goudge,https://orcid.org/0000-0002-6759-5876
A5031964446,Sonal Kedia,Sonal Kedia,https://orcid.org/0000-0001-6837-9844
A5032621009,Wilbur F. Monroe,W. Monroe; Wilbur Francis Monroe; Wilbur F. Monroe,
A5035548436,Keith Merrill,Keith Merrill,https://orcid.org/0000-0002-7288-1973
A5036692546,Socorro M. Ramos,S. RAMOS; S. M. RAMOS; Socorro Ramos; Socorro M. Ramos,
A5038168626,Margot T. Davis,Margot Trotter Davis; M Davis; Margot T. Davis,https://orcid.org/0000-0002-5042-1044
A5038919196,William T. Murakami,W Murakami; William T. Murakami; W. T. Murakami,
A5038985373,Jonathan Milgram,Jonathan Milgram; J. Milgram,
A5041541874,Nancy Scott,N. Scott; Nancy Scott; Scott; Nancy J. Scott,https://orcid.org/0000-0002-2477-1876
A5043087647,Mariah Lewis,M. A. Lewis; Mariah Lewis,
A5046118710,Minu Varghese,M.T. Varghese; Minu Varghese,https://orcid.org/0000-0003-4410-0233
A5048299442,Romney Robinson,Romney Robinson; R Robinson; R. H. Robinson,
A5053162743,Michael Skaggs,Michael Skaggs; Michael A. Skaggs,https://orcid.org/0000-0001-5772-6134
A5054212482,John W. Ballantine,John W. Ballantine; John Ballantine; John Winthrop Ballantine,
A5056954349,Tyler J. Hill,Tyler Hill; Tyler J. Hill; T Hill,https://orcid.org/0000-0002-9192-8327
A5057322306,John H. Kay,John H. Kay; John Kay; J. H. Kay; J. Kay,
A5057602564,Juan Sebastián Ospina León,Juan Sebastián León; Juan Sebastián Ospina Léon; Juan Sebastian Ospina Leon; Juan León; Juan Sebastián Ospina León,https://orcid.org/0000-0002-5226-8194
A5058935657,Satoru Horiya,S. Horiya; Satoru Horiya,
A5059403213,Hussaini Zandam,Hussaini Zandam; H U Zandam; Hussaini Umar Zandam,https://orcid.org/0000-0002-4594-692X
A5059710006,M. Cahoon,M. E. CAHOON; M. Cahoon; M E Cahoon; Marguerite Cahoon,
A5060104775,Hilde Hein,H. O. Hein; HEIN HILDE; Hilde Hein,
A5060202773,Sathish Akella,Sathish Akella; Sathish V. Akella; S. Akella,
A5060298119,J. Tancrede,J. Tancrede; Jean M. Tancrede; Jean Tancrede,
A5066977898,Marvin Meyers,Marvin Meyers,
A5068638453,Helen M. Wilks,Helen M. Wilks; H M Wilks; HELEN WILKS,
A5072182905,Laura I. Davis,Laura I. Davis; Laura Davis; L I Davis,
A5074937889,Zaur Rzakhanov,Zaur Rzakhanov,
A5083395417,Amy Milne,A.C. Milne; Amy Milne; Amy C. Milne; A. Milne,
A5083898167,Laura E. Heath-Stout,Laura E. Heath‐Stout; Laura Ellen Heath‐Stout; Laura Heath‐Stout; Laura Heath,https://orcid.org/0000-0003-1649-9988
A5085653683,Assaf Bar-Natan,Assaf Bar‐Natan,https://orcid.org/0000-0002-2715-788X
A5090625621,Marilyn Daley,M. Daley; Marilyn Daley; Marilyn C. Daley,
A5091759639,Philipp Rosenbaum,Philipp Rosenbaum,https://orcid.org/0000-0002-9976-366X
A5100124352,Francesco Beguinot,Francesco Beguinot,
A5100785859,Meiqi Wang,Mei‐Qi Wang; Meiqi Wang,https://orcid.org/0000-0002-4290-7044
A5101680707,Sungwon Cho,Sungwon Cho,
A5102118695,Sandra J. Jones,Sandra Jones; S.J. Jones; Sandra J. Jones; Sandra Joyce Jones,
A5103690122,Altman Sh,Altman Sh,
A5106419423,P. Zhang,P. Zhang,
A5107875674,E. Ritsch,E. Ritsch,
A5107954179,E. R. Duden,E. R. Duden,
A5110619649,Chung-Hsing Chen,Chung‐Hsing Chen; C.‐P. CHEN,
A5110987697,C. Blocker,C. Blocker,
A5111540671,Andrew B. Russell,Andrew Russell; A. Russell; Andrew B. Russell,
A5111562185,Gregory A. Petsko,Gregory A. Petsko,
A5005575988,Leon A. Jick,L. JICK; Leon A. Jick; Leon Jick,
A5006966116,Jeffrey J. Patricia,Jeffrey J. Patricia; J. J. PATRICIA,
A5008893458,K Anderson,K. Anderson; K. G. Anderson; Karl Anderson; Karl G. Anderson; K.. Anderson,
A5010496561,Richard W. Fish,R. W. Fish; Richard W. Fish,
A5011374889,Martha L. Reed,M. L. Reed; Martha L. Reed,https://orcid.org/0000-0001-8630-6518
A5014266505,Nicholas B. Last,Nicholas B. Last,
A5014621965,Chad Williams,Chad Williams; Chad L. Williams; Chad Louis Williams,
A5022154606,Emily Tiberi,E. Tiberi; Emily Tiberi,https://orcid.org/0000-0001-7168-7194
A5029904487,John Leer,J Leer; John Leer,
A5036885233,Kerry A. Chase,Kerry Chase; Kerry A. Chase,https://orcid.org/0000-0002-8546-831X
A5036970562,Sara Howell,S H Howell; S. Howell; Sara Howell,
A5037342256,Matthew Peterson,Matthew S. E. Peterson; Matthew Peterson,https://orcid.org/0000-0002-5749-7770
A5037607343,Marianne A. Paget,M Paget; Marianne A. Paget; M. A. Paget,
A5041442711,Isabel P. Ennes,I. P. Ennes; Isabel P. Ennes; I. Ennes,
A5041507978,Colby P. Fees,C Fees; Colby P. Fees,https://orcid.org/0000-0003-3375-6130
A5045274726,E.M. Hearn,E. Hearn; Elizabeth Hearn; Elizabeth M. Hearn; E.M. Hearn,
A5047212041,Joseph O. Magliozzi,Joseph Magliozzi; J. Magliozzi; Joseph O. Magliozzi,https://orcid.org/0000-0002-4173-2369
A5051817519,Andrew Balchunas,Andrew J. Balchunas; Andrew Balchunas; A. Balchunas,
A5055317152,Jonne Sälevä,Jonne Sälevä; Jonne Saleva,
A5061043603,Ari Bader-Natal,Ari Bader‐Natal,
A5061149967,Joia Miller,Joia M. Miller; J. M. Miller; Joia Miller,https://orcid.org/0000-0002-9826-7787
A5072121344,Monica Jordan,Monica Jordan; Monica L. Jordan,https://orcid.org/0000-0003-4080-0267
A5075938961,L.E. Kirsch,L.E. Kirsch,
A5078967267,Brianna Grado-White,Brianna Grado‐White; Brianna Michelle Grado‐White,https://orcid.org/0000-0002-3043-4091
A5079950448,Vincent A. Sutera,Vincent A. Sutera; V. A. Sutera,https://orcid.org/0000-0001-7156-5445
A5083875069,Jaclyn Weinstein,J.N. Weinstein; Jaclyn Weinstein; J. Weinstein,
A5087042943,Milfred C. Fierce,Milfred C. Fierce,
A5090710956,Rebecca Morgan Frank,Rebecca Morgan Frank,
A5100845412,Yuhua Ni,Ni Yuhua; Yuhua Ni; NI Yu‐hua; Yu‐hua Ni,
A5102454837,Stephen J. Whitfield,S. J. WHITFIELD; Stephen J. Whitfield,
A5103426489,Holger Neef,H. De Neef; Holger Neef,
A5105308721,A. Venturini,A. Venturini,
A5105843445,M. N. Mancini,M. N. Mancini,
A5107875868,F. Capocasa,F. Capocasa,
A5107939255,D. A. Trischuk,D. A. Trischuk,
A5109037568,A. Venturini,A. Venturini,
A5110062809,Heldin Ch,CH Heldin; C‐H. Heldin; Heldin Ch,
A5110554716,G. Sciolla,G. Sciolla,
A5110874435,Lydia Cox,L. B. Cox; Lydia Cox,
A5111999063,Kenneth F. Buechler,Kenneth F. Buechler,
A5112744530,Barbara Keller,Barbara J. Keller; Barbara Keller; B. Keller,
A5112777532,Samuel K. Cohn,Samuel K. Cohn; Samuel Kline Cohn; Samuel Cohn,
A5115592056,Joe R. Davis,J. Davis; Joe Davis; Joe R. Davis,
A5000846584,Jordan Breffle,Jordan Breffle,https://orcid.org/0000-0001-5793-4427
A5001804313,James Villafuerte,James Villafuerte,
A5013190974,Janet Boguslaw,Janet Boguslaw,https://orcid.org/0000-0002-8431-4407
A5016253021,R. W. Westphal,R. W. Westphal; Ryan Westphal,https://orcid.org/0009-0007-9034-2889
A5016834768,R. S. Weckstein,R. S. Weckstein; Richard S. Weckstein,
A5016907879,Jerónimo Arellano,J. Salvador Arellano; Jerónimo Arellano,
A5017321408,M. Chrétien,M. Chrêtien; M. Chretien; Max Chrétien; M. Chrétien,
A5019540000,Harold A. Riggs,Harold A. Riggs; H.A. Riggs; Harold Riggs,
A5020992651,Joan E. Rutila,Joan E. Rutila; J E Rutila; J Rutila; Joan Elizabeth Rutila,
A5022078446,Toni Shapiro-Phim,Toni Shapiro‐Phim,https://orcid.org/0000-0001-8608-4652
A5023479673,Sage Feltus,Sage Feltus; S. Feltus; Sage R. Feltus,https://orcid.org/0000-0002-2020-4866
A5027843256,Jeremy B. Heyman,Jeremy Benjamin Heyman; Jeremy B. Heyman,
A5027974819,Faisal Chaudhry,Faisal Chaudhry; F. Chaudhry,
A5028021387,Bernard Reisman,Bernard Reisman,
A5030477681,Hannah Germaine,H. Germaine; Hannah Germaine,https://orcid.org/0000-0002-7624-2431
A5035029835,Natalie Moresco,Natalie Moresco; N Moresco,https://orcid.org/0000-0002-2468-6292
A5035102411,William Desmarais,W. Desmarais; William Desmarais; William T Desmarais,
A5036203210,V Varun Chaudhry,V Chaudhry; V. Varun Chaudhry; Vinita Chaudhry,https://orcid.org/0000-0002-1037-9785
A5038629405,H. Niu,Hongquan Niu; H. Niu; Hong‐quan Niu,
A5040554812,Elaine Y. Lai,Elaine Y. Lai,
A5046417367,Tilman Kispersky,T.J. Kispersky; Tilman Kispersky; Tilman J. Kispersky; T. Kispersky,
A5048353953,Vedakumar Tatavarty,V. Tatavarty; Vedakumar Tatavarty,
A5052245645,E. Sandra,Elaine Sandra; E. Sandra,https://orcid.org/0000-0003-4462-4627
A5054885233,Alejandro Trelles,Alejandro Trelles; A Trelles,https://orcid.org/0000-0001-7167-3323
A5059918361,Damon M. Hay,Damon Hay; Damon M. Hay,
A5063097509,Avery Glover,Avery Caz Glover; A Glover; Avery C. Glover; Avery Glover,https://orcid.org/0000-0003-2306-4448
A5065437265,Nance Goldstein,N. Goldstein; N.E. Goldstein; Nance Goldstein,https://orcid.org/0000-0001-9030-8786
A5065889865,Christopher K. W. Tam,Christopher K. W. Tam; Christopher Tam; C. Tam,https://orcid.org/0000-0002-9126-4276
A5067451302,Merrill J. Kellum,Merrill Kellum; M. Kellum; Merrill J. Kellum,
A5070313944,John P. Mehegan,John P. Mehegan; John Mehegan; J. P. Mehegan,
A5073719411,Kartik Trivedi,Kartik Trivedi; K. K. Trivedi,
A5074089812,Mark R. Bauer,Mark Bauer; M Bauer; Mark R. Bauer,https://orcid.org/0000-0001-6221-2197
A5076273733,Yerdos Ordabayev,Yerdos Ordabayev; Yerdos A. Ordabayev,https://orcid.org/0000-0002-1493-9364
A5077943210,Terry Ann Knopf,Terry Ann Knopf,
A5080180002,Clifford M. Johnson,C. Johnson; Clifford Johnson; Clifford M. Johnson,
A5084619312,Antonella DiLillo,Antonella Dilillo,
A5086573618,Gerburg M. Spiekermann,G. M. Spiekermann; Gerburg M. Spiekermann; Gerburg Spiekermann; Gerburg Maria Spiekermann,
A5088434593,Erica C. Dresselhaus,Erica C. Dresselhaus; Erica Dresselhaus,https://orcid.org/0000-0001-7868-3567
A5090134724,Irina Dubinina,Irina Y. Dubinina; Irina Dubinina; Irina Yevgenievna Dubinina,https://orcid.org/0000-0001-9960-3271
A5090569837,Veronica L. Flores,Veronica Lee Flores; V. L. Flores; Veronica L. Flores; Veronica Flores,https://orcid.org/0000-0001-5793-0979
A5102338078,Louis Bianchini,Louis Bianchini,
A5103208753,Elaine C. Chang,Elaine C. Chang; Elaine Chang,https://orcid.org/0000-0002-9952-778X
A5105303391,Lawrence Kirsch,Lawrence Kirsch; Lawrence E. Kirsch; Lawrence Edward Kirsch,
A5107856627,A. Venturini,A. Venturini,
A5107917560,M. Goblirsch-Kolb,M. Goblirsch‐Kolb,
A5107924988,V. Smakhtin,V. Smakhtin,
A5107940309,D. Dodsworth,D. Dodsworth,
A5110049477,H. B. Moon,Hak Beom Moon; Hyeseong Moon; H. B. Moon; Hak B. Moon,
A5111539653,Judson M. Brandeis,Judson M. Brandeis; Judson Brandeis; J. Brandeis,
A5112128728,Leiming Tian,L Tian; Leiming Tian,
A5112426011,D. Dodsworth,D. Dodsworth,
A5112761175,Lewis H. Carlson,Lewis H. Carlson,
A5113439426,David S. Berkowitz,David Sandler Berkowitz; David S. Berkowitz,
A5000328526,Solomon Garber,Solomon E. Garber; Solomon Garber,
A5001931171,Henry Claypool,Henry Claypool,
A5003320289,Ajay Larkin,Ajay Larkin; Ajay J. Larkin,https://orcid.org/0000-0002-5967-9535
A5008867373,Nichola J. Rice,Nichola Rice; Nikkita Rice; N. J. Rice; N Rice; Nichola J. Rice,
A5014742090,Kelly Kennington,Kelly Marie Kennington; Kelly Kennington; Kelly M. Kennington; K. Kennington,
A5017220846,Marvin Davis,Marvin Davis; M. Dale Davis,
A5017389131,Nathan A. Schneider,N. Schneider; Nathan A. Schneider; Nathan Alan Schneider; Nathan Schneider,https://orcid.org/0000-0002-9145-5427
A5018823419,Marcella Marchetti,Marcella Marchetti; M Marchetti,https://orcid.org/0000-0001-5431-5161
A5020835761,Theopi Rados,Theopi Rados,https://orcid.org/0000-0001-8663-2487
A5021909431,Graham N. S. Miller,Graham Nicholas Stuart Miller; Graham Miller; G. Miller; Graham N. S. Miller,https://orcid.org/0000-0001-7029-4137
A5023046649,William E. Kapelle,William E. Kapelle; William Kapelle,
A5023621879,Anupama Chowdhary,Anupama Chowdhary; Chowdhary Anupama; A. Chowdhary,
A5023923394,Martin Gibbs,Martin Gibbs; M Gibbs,
A5024368024,Emile Al-Farhan,E. AL‐FARHAN; Emile Al‐Farhan,
A5026572269,Jessica Lowell,Jessica Lowell; Jessica H. Lowell,
A5027876320,Deani L. Cooper,Deani L. Cooper,
A5028619305,Harold Mark Sultan,Harold Sultan; Harold Mark Sultan,
A5032494807,Pascale Pigeon,Pascale Pigeon; P. Pigeon,https://orcid.org/0009-0007-2383-7486
A5033545817,Kene N. Piasta,Kene Piasta; Kene N. Piasta,https://orcid.org/0000-0001-8524-6971
A5034108975,Peter Swiggart,P. Swiggart; Peter Swiggart,
A5036612453,Morgan M. Taylor,M. M. Taylor; Morgan M. Taylor,https://orcid.org/0000-0002-1115-6516
A5040806893,Narendra Mukherjee,Mukherjee Narendra; Narendra Mukherjee,https://orcid.org/0000-0003-3808-2622
A5043204841,Norman V. Beaudette,N. V. Beaudette; Norman V. Beaudette; Norman Beaudette; N. Beaudette,
A5045700984,Michael R. Stehnach,Michael R. Stehnach; Michael Stehnach,https://orcid.org/0000-0003-0302-4641
A5048048883,Đorđe Radičević,Đorđe Radičević; Ðorđe Radičević; Ɖorđe Radičević; Ðorde Rađičević,
A5048665200,Gabriel S. Redner,Gabriel S. Redner; Gabriel Redner,https://orcid.org/0000-0002-7359-6357
A5050602921,Ezra Lamdin,E. Lamdin; Ezra Lamdin,
A5051658734,Patricia Alvarez Astacio,Patricia Astacio; Patricia Alvarez Astacio,https://orcid.org/0000-0001-8604-6066
A5054221875,David Tresner‐Kirsch,David Tresner‐Kirsch; David W. Tresner‐Kirsch,https://orcid.org/0000-0001-9424-541X
A5055832299,S J Sogin,S. Sogin; Stephen J. Sogin; S. J. Sogin; Stephen Jules Sogin,
A5057837678,Zachary K. Williams,Zachary K. Williams; Zachary Williams,
A5057965930,Aditya Anupam,Aditya Anupam,https://orcid.org/0000-0002-1554-1147
A5059171308,Elizabeth Perten,Elizabeth Perten,
A5060334446,Ariel Ludwig,Ariel S. Ludwig; Ariel Simone Ludwig; Ariel Ludwig,
A5062907778,Surendra W. Singaram,Surendra Walter Singaram; S. W. Singaram; Surendra W. Singaram,
A5063223568,C.A. Kreinbring,C.A. Kreinbring; Cheryl A. Kreinbring,https://orcid.org/0000-0001-8922-3056
A5065454423,Domenico Bullara,Domenico Bullara; D. Bullara,
A5065464667,Thomas A. King,Thomas Alan King; T King; Thomas A. King,https://orcid.org/0000-0001-6065-1217
A5066464464,Hetal S. Vig,H Vig; Hetal S. Vig; Hetal Vig,https://orcid.org/0000-0002-0165-735X
A5069812562,Michela Zaffagni,Michela Zaffagni,https://orcid.org/0000-0002-2483-8727
A5070753248,Ellen J. Wright,E. J. Wright; Ellen J. Wright; Ellen Wright,
A5071528161,Walter Schwenger,Walter J. Schwenger; W. J. Schwenger; Walter Schwenger,
A5073997097,Y. Shain,Y. Shain,
A5075168075,I. U. Bronshtein,Ilya Bronshtein; И.У. Бронштейн; I. Bronshtein; I. U. Bronshtein,
A5082817625,Christopher Konow,Christopher Konow; C. Konow,https://orcid.org/0000-0002-6990-4679
A5084008869,Susan Goldberger,Susan A. Goldberger; Susan Goldberger; S L Goldberger,
A5091104243,Jessica Levin,Jessica Levin; J Levin; Jessica S. Levin,
A5092225266,Logan A Calderone,Logan Calderone; Logan A. Calderone,https://orcid.org/0000-0002-0960-3831
A5101670045,Dongsik Yang,Dongsik Yang,https://orcid.org/0000-0001-7716-6947
A5101945366,Jiwon Choi,Ji‐Won Choi; Jiwon Choi; Choi Jiwon,https://orcid.org/0009-0005-0848-8594
A5103422115,J. T. Borrego,J. T. Borrego; John Borrego,
A5105364254,L. E. Kirsch,L. E. Kirsch,
A5105470699,Cassandra Buck,Cassandra Buck; Cassandra L. Buck,
A5106669640,M. Goblirsch-Kolb,M. Goblirsch‐Kolb,
A5107824989,E. A. Fitzgerald,E. A. Fitzgerald,
A5107872950,P. Sherwood,P. Sherwood,
A5107921431,S. Solomon,S. Solomon,
A5107932284,V. Gratchev,V. Gratchev,
A5107932467,D. T. Zenger,D. T. Zenger,
A5109652333,G. D. Fasman,G. Fasman; G. D. Fasman,
A5112271602,F. KOHEN,Fort�ne Kohen; F. Kohen,
A5112401469,Laurel Coffey,Laurel Coffey,
A5113479298,Elizabeth Levy Merrick,Elizabeth Levy Merrick,
A5009915525,Rishika Baral,Rishika Baral,https://orcid.org/0000-0002-9365-8877
A5010954431,J. Stiller,J. Stiller; John B. Stiller,https://orcid.org/0000-0002-6989-2225
A5013330823,Juliet Bottorff,Juliet Bottorff,https://orcid.org/0000-0001-6141-5064
A5018609235,Allie Silverman,Allie F. Silverman; Allie Silverman,https://orcid.org/0000-0001-9234-0130
A5019171047,Leonard J. Hausman,Leonard J. Hausman,
A5024499005,Palmira Santos,Palmira Santos Santos; Palmira Santos,https://orcid.org/0000-0001-7623-8056
A5026642198,Charles P. Gershenson,C P Gershenson; Charles P. Gershenson,
A5026806253,Robert J. Maeda,Robert Maeda; Robert J. Maeda,
A5027887304,Franklin Lonberg,Franklin Lonberg; F. Lonberg; Franklin J. Lonberg,
A5028111135,John Ksander,John Ksander; John C. Ksander,https://orcid.org/0000-0001-5051-0664
A5030313050,Mark Brimhall-Vargas,Mark Brimhall‐Vargas,
A5032424437,Marla Harris,M Harris; Harris; Marla Harris,https://orcid.org/0000-0001-8558-7135
A5032518223,A. Schricker,Alexander Schricker; A. Schricker,
A5033660083,Д. В. Коновалов,D. Konovalov; Dmitri Konovalov; Д. В. Коновалов,
A5034876255,Julian A. Eskin,Julian A. Eskin; Julian Eskin; J Eskin,https://orcid.org/0009-0005-4956-8259
A5043494026,Teresa Nguyen,Teresa U. Nguyen; Teresa Nguyen,
A5044723752,Flávia Carbonari,Flávia Carbonari; Flavia Carbonari,
A5047453585,Luanjiao Hu,Luanjiao Aggie Hu; Luanjiao Hu,https://orcid.org/0000-0002-5655-1851
A5048166726,Lawrence Neil Bailis,Lawrence Neil Bailis; Lawrence N. Bailis,
A5056275243,Roland Zito‐Wolf,Roland Zito‐Wolf; R.J. Zito‐Wolf; Roland John Zito‐Wolf; Roland J. Zito‐Wolf,
A5059016626,Benjamin Burack,Benjamin Burack,
A5059922168,Bruce W. Elliott,Bruce W. Elliott; B. W. Elliott,
A5063787366,Sophia Kazanis,S. Kazanis; Sophia Kazanis,
A5065151665,Mohammed Masbah,M. Masbah; Mohammed Masbah,
A5066645813,Anthony Trubiano,Anthony Trubiano,https://orcid.org/0000-0002-3933-5727
A5068611195,Adam B. Johnston,Adam B. Johnston; Adam Johnston,https://orcid.org/0000-0002-1210-4929
A5068851244,Debra A. Bressan,Debra A. Bressan; Debra Bressan,
A5075249990,Bezia Lemma,Bezia Lemma; Bez Laderman,https://orcid.org/0000-0003-3542-069X
A5078036509,Holly Rutledge,Holly R. Rutledge; Holly Rutledge,
A5079727600,Gershon Baskin,G Baskin; Gershon Baskin,
A5081687944,Kamryn Spinelli,Kamryn Spinelli,
A5085020505,Sylvia Honkavaara,Sylvia Honkavaara; S. Honkavaara,
A5085712308,Colleen Hitchcock,Colleen B. Hitchcock; Colleen Hitchcock,https://orcid.org/0000-0002-3413-8951
A5085821969,Christopher A. Leppla,Christopher Albert Leppla; C.A. Leppla; Christopher Leppla; Christopher A. Leppla,
A5087002150,Joel Ventura,J. Ventura; Joel Ventura,
A5088084532,Wade M. Hicks,Wade Hicks; Wade M. Hicks,
A5103008075,Long Sha,L Sha; Long Sha,https://orcid.org/0000-0002-5732-9531
A5105469226,Daniel Pomeroy,Daniel Pomeroy; Daniel Joseph Pomeroy,
A5107853421,G. Sciolla,G. Sciolla,
A5107877314,G. Sciolla,G. Sciolla,
A5107879962,K. M. Loew,K. M. Loew,
A5107916537,K. O’Connor,K. O’Connor,
A5108128568,L. J. Bergsten,L. J. Bergsten,
A5108516364,L. Kirsch,L. Kirsch,
A5108889098,A. H. Reis,A. H. Reis; A.H.jr. Reis; AhuREİS REİS,
A5110531812,Shinobu Yagi,Shinobu Yagi,
A5111581947,E L Ivanov,E. L. Ivanov; Evgeny L. Ivanov,
A5111845097,Serge N. Timasheff,Serge N. Timasheff,
A5000037017,Chuu-liang Terng,Chuu‐liang Terng,
A5001034485,Sachiko I. Howard,Sachiko Ito Howard; S. Howard; S.I. Howard; Sachiko Howard; S. I. HOWARD; Sachiko I. Howard,
A5002182393,Tekchand Saidha,Tekchand Saidha; T. Saidha,
A5004821361,Warren F. Carey,Warren F. Carey; W. F. Carey,
A5006896597,Drew A. Zachary,D.A. Zachary; Drew A. Zachary,
A5007297057,Shufei Chen,Chen ShuFei; Shufei Chen,https://orcid.org/0000-0003-2104-1461
A5007539206,Anique Olivier-Mason,Anique Olivier‐Mason,
A5007858553,Samantha Pickette,Samantha Pickette,
A5010537274,Aaron Spevack,Aaron Spevack; Aaron Spevack Spevack,
A5010679972,Brigitte Frisch,B. Frisch; Brigitte Frisch,
A5012104620,Maxim Bushmakin,Maxim Bushmakin; M. Bushmakin; Maxim A. Bushmakin,
A5013373743,Kristen Lucken,Kristen Lucken; Kristen R Lucken; Kristen Remington Lucken,
A5015288897,Charles M. Lonzetta,Charles Lonzetta; C. M. LONZETTA; Charles M. Lonzetta,
A5016735287,Curt Woolhiser,Curt Woolhiser; Curt F. Woolhiser; Curt Fredric Woolhiser,
A5017057387,Anita Hannig,Anita Hannig,https://orcid.org/0000-0003-4733-0392
A5018922823,Yiqun Luan,Yiqun Luan,https://orcid.org/0000-0001-7275-1848
A5020072479,Shahab Khatibzadeh,Shahab Khatibzadeh,https://orcid.org/0000-0001-9860-0220
A5020990011,Ann Ward,Ann Ward; Ann G. Ward; A. Ward,https://orcid.org/0000-0001-6010-2816
A5023167830,Michael B. Partensky,Michael Partensky; Michael B. Partensky,
A5026577344,Jayeol Chun,Jayeol Chun,
A5028458353,Jorah Dannenberg,Jorah Dannenberg,https://orcid.org/0000-0002-5280-8509
A5028875720,Benjamin Nickle,B. Nickle; Benjamin Nickle,
A5030907557,A. Leon,Alisson Lizbeth Castro León; Alex P Leon; A. Leon,https://orcid.org/0000-0002-3939-4436
A5033821435,Krystal R. Leger,Krystal Leger; Krystal R. Leger,https://orcid.org/0000-0002-6349-7208
A5035157175,Brian A. Horton,Brian A. Horton; Horton,https://orcid.org/0000-0002-5635-7821
A5035530666,Yasmin Escobedo-Lozoya,Yasmin Escobedo Lozoya; Yasmin Escobedo‐Lozoya,https://orcid.org/0000-0001-8197-770X
A5036940084,Shahriar Mirzadeh,Shahriar Mirzadeh,
A5038145317,Chen Bai,C. Bai; Chenkai Bai; Chen Bai,https://orcid.org/0000-0002-9330-8498
A5040828319,Meelee Kim,Meelee L. Kim; Meelee Kim,https://orcid.org/0000-0002-3064-0426
A5042919970,R. Pito Salas,Pito Salas; R. Pito Salas,https://orcid.org/0000-0002-0788-3614
A5046263157,Michelle Landstrom,M. Landstrom; Michelle Landstrom; Michelle T. Landstrom; M.T. Landstrom,https://orcid.org/0000-0001-7849-8257
A5046312624,S. N. Singh,Siddharth Singh; S. N. Singh; Sandeep Singh; S. Biba Singh,https://orcid.org/0000-0002-6227-6171
A5049890924,Brenda Moreno,Brenda Magaly Cesár Moreno; Brenda Moreno,
A5051957945,George Srajer,George M. Srajer; George Srajer; G. Srajer,
A5053862420,Sandy Ho,S E Ho; Sandy Ho,
A5054728910,A. Glenn Toczko,A. Glenn Toczko; A. G. Toczko,
A5057695919,Nagarjuna Reddy Pamudurti,Nagarjuna Pamudurti; Nagarjuna Reddy Pamudurti,
A5058851684,R. Schwitters,R. Schwitters; R.H. Schwitters,
A5059073337,Zhequan Xu,Zhequan Xu,
A5059743496,Salvatore L. Alioto,Salvatore Alioto; Salvatore L. Alioto,
A5062249406,V. Buchholz,V. Buchholz; Vera Buchholz,
A5063877803,Pipat Nawathean,Pipat Nawathean,
A5066090032,Kyra Schapiro,Kyra A Schapiro; Kyra Schapiro,https://orcid.org/0000-0001-8308-0744
A5067383919,Suzanne L. Weaver,Suzanne Weaver; Suzanne L. Weaver,
A5068867817,Michael H. Silver,Michael H. Silver; M H Silver; Michael Silver,
A5073572859,Janet Hinson Shope,Janet Hinson Shope; Janet Shope,
A5074617675,Marion Howard,M. W. Howard; M. Howard; Marion Howard,
A5080818757,R. H. Jacobs,Robert Jacobs; R. H. Jacobs; Robert H. Jacobs; Robert Horace Jacobs,
A5083457476,M. S. HUSSOIN,Md. Sajjat Hussoin; MD. S. HUSSOIN; M. Sajjat Hussoin; M. S. Hussoin,
A5084605301,Cristina Hartshorn,C. Hartshorn; Cristina Hartshorn,
A5085276682,Anne-Elise Tobin,A.‐E. Tobin; Anne‐Elise Tobin,
A5085939654,Achini Opathalage,Achini Opathalage,
A5087198776,Derek Bolivar,Derek Bolivar,https://orcid.org/0000-0002-2947-0204
A5087577663,Elinor W. Gadon,Elinor Gadon; Elinor W. Gadon,
A5088124469,Patricia R. Goodwin,Patricia R. Goodwin,
A5089448309,Vardit Ringvald,Vardit Ringvald,
A5092270891,Akash Kalra,Akash Kalra,https://orcid.org/0009-0001-9890-8388
A5102505314,Wenqi Deng,Deng Wenqi; Wenqi Deng,
A5102863205,Neha Arora,Neha Arora; N. Arora,https://orcid.org/0000-0003-3045-4866
A5105285758,G. Sciolla,G. Sciolla,
A5105589256,D. A. Trischuk,D. A. Trischuk,
A5105643737,E. R. Duden,E. R. Duden,
A5107861876,G. Amundsen,G. Amundsen,
A5107872749,P. Tas,P. Tas,
A5107878770,K. M. Loew,K. M. Loew,
A5107890301,G. Sciolla,G. Sciolla,
A5107896237,G. Sciolla,G. Sciolla,
A5107909718,G. Sciolla,G. Sciolla,
A5107950134,C.-Q. Li,C. Li; C. ‐Q. Li,
A5108591734,Kat Chin,K A J Chin; Kat Chin,
A5109436464,Stephen A. Monks,Stephen A. Monks; S.A. Monks,
A5109574542,Sari‐Beth Samuels,S. B. Samuels; Sari‐Beth Samuels; S.‐B. Samuels,
A5110433241,M. Sussman,M. Sussman; Sussman Maurice; Maurice Sussman,
A5110628563,Yûko Hori,Yuko Hori; Yûko Hori,
A5111412736,L. Kirsch,L. Kirsch,
A5112332536,C. Blocker,C. Blocker,
A5002722110,Phyllis H. Mutschler,Phyllis H. Mutschler; Phyllis Mutschler,
A5004796970,Kathleen McQueeney,Kathleen C McQueeney; Kathleen McQueeney,
A5008861965,C A Giorgetti,C Giorgetti; C A Giorgetti; Carol A. Giorgetti,
A5009006235,F. Trenery Dolbear,F. T. Dolbear; F. Trenery Dolbear,
A5009484879,Camille Girabawe,C Girabawe; Camille Girabawe,
A5010717005,Claire J Ciampa,Claire J. Ciampa,
A5011961582,S. Beale,S. Beale,
A5013030572,Justin J. Dore,Justin J. Dore; J. Dore,
A5013111793,Leonardo Silva-Dias,Leonardo Silva‐Dias; L. Silva‐Dias,https://orcid.org/0000-0003-0535-6666
A5013967786,Peter Keck,Peter Keck; P.C. Keck; Peter C. Keck,
A5019917418,Katelyn Kenny,Katelyn Kenny,
A5020182687,Adam L. Wang,Adam L. Wang,
A5020787190,Christopher J. Gould,Christopher Gould; Christopher J. Gould; C. Gould,
A5020858725,Jason Pipkin,Jason Pipkin; Jason Elliott Pipkin; Jason E. Pipkin,https://orcid.org/0000-0001-5525-3951
A5022681933,Albert D. Yu,Albert D. Yu; Albert Yu,https://orcid.org/0000-0002-4899-525X
A5023146243,Robert Dunigan,Robert Dunigan,
A5024851408,Mark Vargo,Mark Anthony Vargo; Mark A. Vargo; Mark Vargo,
A5025288771,Michael Manz,Michael Manz,
A5026699518,Umrao Sethi,Umrao Sethi,https://orcid.org/0000-0001-8895-8886
A5027261769,Nick Huntington,Nicholas Huntington; Nick Huntington,https://orcid.org/0000-0002-2341-6100
A5028500392,Dolores Kreisman,D Kreisman; D. E. Kreisman; Dolores E. Kreisman; Dolores Kreisman,
A5030159627,Matthew Hoover,Matthew Hoover; M. T. Hoover,
A5030855883,Michael P. N. Juniper,M. Juniper; Michael Juniper; Michael P. N. Juniper,
A5036598066,Helen Levine Batten,Helen Levine Batten; H. L. Batten,
A5039087259,Steven Epperson,Steven Epperson,
A5039566368,Vivekanand Pandey Vimal,Vivekanand Pandey Vimal; V. Vimal,https://orcid.org/0000-0002-3301-0737
A5039914285,Ann D. Anderson,A. D. ANDERSON; Ann D. Anderson,
A5041765383,Attila O. Klein,Attila O. Klein,
A5043471818,Don Dennis,D. L. Dennis; Don Dennis,
A5046256252,Alexandra M. Szabó,Alexandra M. Szabó; A. Szabo; Alexandra Szabó; Alexandra M. Szabo,https://orcid.org/0000-0001-6270-3391
A5049120341,Bingyang Ye,Bingyang Ye,
A5049488349,MacKenzie Patterson,MacKenzie Patterson; M.E. Patterson,https://orcid.org/0000-0001-9765-3507
A5049760144,Alan Berger,Alan Berger; A. W. Berger,
A5055387518,Annette C. Gray,Annette C. Gray; A. Gray; A GRAY,https://orcid.org/0000-0003-4296-680X
A5060344602,J. Kent Moore,J K Moore; J. Kent Moore; Jessie Moore,
A5060698070,Rebecca Goldman,Rebecca Goldman; Rebecca Esther Goldman,
A5060992659,Deirdra A. Evers-McGregor,Deirdra A. Evers‐McGregor,
A5067543631,Antonella Di Lillo,Antonella Di Lillo; Antonella Lillo,
A5067760145,Kate M. Kramer,K M Kramer; Kate M. Kramer; Kate Kramer,
A5068695847,A Nisonoff,A. Nisonoff,
A5071206856,Lior Rozhansky,Lior Rozhansky,
A5073606317,Albert R. Spencer,Albert Spencer; Albert R. Spencer,
A5074299975,Mike Rigney,Mike Rigney,
A5074366646,Adrianna N. Shy,Adrianna Shy; Adrianna N. Shy,https://orcid.org/0000-0003-4524-1169
A5077096076,Nava Sonnenschein,Nava Sonnenschein,
A5078915041,Craig Seyfried,Craig Seyfried; Craig F. Seyfried; C SEYFRIED,
A5079024953,Elias Putzig,Elias Putzig,
A5079064348,Avijit Bakshi,Avijit Bakshi,https://orcid.org/0000-0002-5436-3638
A5080425684,A. Pasternak,A. Pasternak; Annette Pasternak; A. Charles PASTERNAK,
A5082624355,Tania Lemos,Tania Lemos,
A5083097915,D. Glenister,D. W. GLENISTER; DAVID W. GLENISTER; D. Glenister,
A5084112865,Dina T. Mirijanian,Dina T. Mirijanian; Dina Mirijanian,
A5085509362,Laura E. Paige,Laura Paige; Laura E. Paige,
A5086132809,Zachary J. Pranske,Zachary P. Pranske; Zachary J. Pranske; Zachary Pranske,https://orcid.org/0000-0001-9364-622X
A5087008040,Brian J. Fried,Brian Fried; Brian J. Fried,
A5089120412,Miles Rind,Miles K. Rind; Miles Rind; M. Rind,
A5089162561,David Powelstock,David Powelstock; David L. Powelstock,https://orcid.org/0000-0002-6478-177X
A5089228886,Diane Bissen,Diane Bissen,https://orcid.org/0000-0002-1682-5424
A5089693342,Thomas Ng,Thomas Antony Ng; Thomas Ng,https://orcid.org/0000-0003-1572-1495
A5090119692,H N Antoniades,HarryN. Antoniades; H. N. Antoniades,
A5090421364,Melissa Ptacek,Melissa M. Ptacek; Melissa Ptacek,
A5091394802,Sofia Zaragoza,Sofia Zaragoza,https://orcid.org/0009-0000-6041-0966
A5092860049,Max Kenngott,Max Kenngott,https://orcid.org/0000-0002-3452-6508
A5101507249,Amy Lawton,A. Lawton; Amy Lawton,https://orcid.org/0000-0002-8405-9012
A5101660971,A.R. Deshpande,Aditi Deshpande; Aditi R. Deshpande; Aditi Rajiva Deshpande; A.R. Deshpande; A. Deshpande,https://orcid.org/0000-0003-1481-2635
A5103280294,Eyal Tal,E. Tal; Eyal Tal; Tal Eyal,https://orcid.org/0000-0002-8252-7978
A5105189094,V. O'Shea,V. O'Shea,
A5105192259,N. Miladinovic,N. Miladinovic,
A5105307573,N. Skvorodnev,N. Skvorodnev,
A5105401627,G. Sciolla,G. Sciolla,
A5105504123,H. Wellenstein,H. Wellenstein,
A5107878387,S. Dhaliwal,S. Dhaliwal,
A5107897847,G. Sciolla,G. Sciolla,
A5107941248,C. Li,C‐Q. Li; C. Li,
A5107946078,D. A. Trischuk,D. A. Trischuk,
A5108140948,Suhaily Caban-Penix,Suhaily Caban‐Penix,
A5108675426,Marlyn Miller,M.L. Miller; Marlyn L. Miller; Marlyn Miller; M. Miller,
A5109575336,Susan Wilson,Susan Wilson,
A5110063325,Stephen Fournier,S. M. Fournier; Stephen Fournier; S. Fournier,
A5111884415,R. Ishmukhametov,R. Ishmukhametov,
A5111906551,A. Salzburger,A. Salzburger,
A5112717088,Elizabeth S. Levy Merrick,E. S. Levy Merrick; E. Merrick; Elizabeth S. Levy Merrick; Elizabeth Merrick,
A5000223616,Walter Spilman,W. Spilman; W. M. Spilman; Walter M. Spilman; Walter Spilman,
A5004247806,P. S. PALUMBO,P S Palumbo; Paul S. Palumbo; P. S. PALUMBO,
A5006045628,F. Sommers,Frederic Sommers; Frederic T. Sommers; F. Sommers; Frederic Tamler Sommers,
A5006659585,Matthew Chu,Matthew Chu; M. Chu; Matthew Ling‐Hon Chu,
A5007970131,Jeffrey P. Bombardier,J.P. Bombardier; Jeffrey P. Bombardier; J. Bombardier,
A5012348927,Ramyaa Mathialagan,Ramyaa Mathialagan; R. Mathialagan,
A5012724662,Marissa Ashton,Marissa Ashton,
A5015207241,Gizem Sultan Nemutlu,Gizem Sultan Nemutlu; G.S. Nemutlu; Gizem Nemutlu; Gizem S. Nemutlu,https://orcid.org/0000-0002-3658-375X
A5015771276,Helga Polet,H. Polet; Helga. Polet,
A5016392914,Clare L. Hurley,Clare Hurley; Clare L. Hurley,
A5017852405,Ethan A. Deutsch,E. A. DEUTSCH; Ethan A. Deutsch; E Deutsch,
A5018805313,Erwin Stürzl,E Stürzl; Erwin Stürzl,
A5019075279,Sasha M. Albert,Sasha M. Albert; Sasha Albert,https://orcid.org/0000-0003-3007-2980
A5020760026,Eugene R. Sheppard,Sheppard; Eugene R. Sheppard,https://orcid.org/0000-0001-5778-5556
A5021200728,Mónica C. Quiñones-Frías,Mónica C. Quiñones‐Frías; Monica C. Quiñones‐Frías,
A5022721505,Kurt W. Lowery,Kurt W. Lowery; Kurt Lowery,
A5023723130,Melanie J. Hamblen-Coyle,Melanie J. Hamblen‐Coyle; Melanie Hamblen‐Coyle; M J Hamblen‐Coyle,
A5024363008,Y. Liu,Y. Liu,
A5025375072,Zachary Knotts,Zachary Knotts; Z. Knotts,https://orcid.org/0000-0001-7557-1922
A5026487284,Roshan Nanu,Roshan D. Nanu; Roshan Nanu,https://orcid.org/0000-0002-2769-5709
A5026812154,Madeline I. Johnston,Madeline I. Johnston; M. I. JOHNSTON; Madeline Johnston,
A5028829112,Timothy Lauer,Timothy D. Lauer; Timothy Lauer,
A5029029970,Mihael A. Gerkman,Mihael A. Gerkman,https://orcid.org/0000-0002-3973-0479
A5029693575,Biji Wong,Biji Wong,https://orcid.org/0000-0003-0420-0037
A5030412575,Aaron R. Gell,A. Gell�; Aaron R. Gell,
A5032102885,Vladimir L. Dorman,Vladimir L. Dorman; Vladimir Dorman; V. Dorman,
A5035480057,Susan Lanspery,Susan Lanspery; Susan C. Lanspery,
A5037824575,Barbara Nelsen,Barbara Nelsen; B Nelsen,
A5038233228,Marcia E. Wehlau,M. E. Wehlau; M Wehlau; Marcia Elizabeth Wehlau; Marcia E. Wehlau,
A5038407756,Roberta Luhowy,Roberta Luhowy; R. R. LUHOWY; R. LUHOWY; R.R. Luhowy,
A5038561578,Lawrence Razavi,Lawrence Razavi; L Razavi,
A5044092606,Alberto Pierobon,Alberto Pierobon,
A5045479106,Dimki R. Patel,D.R. Patel; Dimki R. Patel,
A5047145966,Jason H. Bell,Jason Bell; Jason H. Bell; J.H. Bell,
A5052184825,Jasmine Alvarado,Jasmine Alvarado,https://orcid.org/0000-0001-6047-3350
A5053051958,Ira H. Gilbert,Ira Herbert Gilbert; Ira Gilbert; Ira H. Gilbert,
A5055627201,David E. Bokovoy,David Bokovoy; David E. Bokovoy,
A5057568794,Pablo Achard,P. Achard; Pablo Achard,
A5059621191,Alexander E. Ferrazzoli,Alexander Ferrazzoli; Alexander E. Ferrazzoli,
A5061760007,Elchanan S. Bamberger,E. S. Bamberger; Elchanan S. Bamberger,
A5065168813,Beverly W. Burbaum,Beverly W. Burbaum; B. W. BURBAUM,
A5065226443,Pei‐Jun Wang,P. Wang; Pei‐Jun Wang; Pinzhi Wang,
A5066617725,John Keeth,John Keeth; John Earl Keeth,
A5066630367,Thomas Gillan,Thomas Gillan; T. Gillan,
A5068464844,Susan Shevitz,Susan L. Shevitz; Susan Shevitz,
A5068757211,Dana A. Gronbeck,Dana A. Gronbeck; D. A. GRONBECK,
A5069202141,Elena A. Kuklin,Elena A. Kuklin; Elena Kuklin,
A5069594765,Yanli He,HE Yan‐li; Yanli He,https://orcid.org/0000-0003-0805-0750
A5070399137,Jo Anne Preston,Jo Anne Preston,
A5071731809,Brittany Cates,Brittany E. Cates; Brittany Cates,https://orcid.org/0009-0000-4169-0616
A5072988861,Michael H. Zeldin,Michael H. Zeldin; M. H. ZELDIN,
A5074176848,S. Liu,S. Liu,
A5075860807,Kimberly The,Kim The; Kimberly J. The; Kim J. The; Kimberly The,https://orcid.org/0000-0002-1679-0962
A5078357002,Elad Daniels,E B Daniels; Elad Daniels; E Daniels,https://orcid.org/0000-0001-5452-8984
A5084078422,Alex Kaufman,A. M. Kaufman; Alex Kaufman,
A5089337486,J.L. Foley,James L. Foley; J.L. Foley,
A5093793358,Yuri W. Doolan,Yuri W. Doolan,
A5102029462,Benjamin White,Benjamin White; B. White; Benjamin L. White,
A5105535662,K. M. Loew,K. M. Loew,
A5105627599,G. Amundsen,G. Amundsen,
A5105891623,Liz Hedstrom,Liz Hedstrom,
A5106459453,A. Venturini,A. Venturini,
A5106600982,S. Gozpinar,S. Gozpinar,
A5106652385,S. Gozpinar,S. Gozpinar,
A5107847823,J. Bensinger,J.R. Bensinger; J. Bensinger,
A5107874820,G. Amundsen,G. Amundsen,
A5107879222,K. M. Loew,K. M. Loew,
A5107882655,D. Dodsworth,D. Dodsworth,
A5107887960,M. Goblirsch-Kolb,M. Goblirsch‐Kolb,
A5107890965,D. Dodsworth,D. Dodsworth,
A5107899055,D. A. Trischuk,D. A. Trischuk,
A5107900672,G. Sciolla,G. Sciolla,
A5107918760,Z. M. Schillaci,Z. M. Schillaci,
A5107932278,C. Li,C. Li,
A5107937584,D. T. Zenger,D. T. Zenger,
A5108112680,J. R. Bensinger,J. R. Bensinger,
A5108255278,M. Catherine Miller,Marvin Miller; M. Catherine Miller; M C Miller; M Miller,
A5108419296,K M Trybus,K. Trybus; K.M. Trybus; KATHLEEN M. TRYBUS,
A5109578865,Laurence Simon,Laurence Simon; L. Simon,
A5109948768,Albert W. Hamood,A. Hamood; Albert W. Hamood,
A5109955934,J.G. McCarthy,J. Mccarthy; J. G. McCarthy,
A5110153637,Robert E. Bieber,R. Bieber; Robert E. Bieber; R. E. Bieber,
A5110192275,L. Kirsch,L. Kirsch,
A5111370875,Melisa J. Baptista,Melisa Baptista; Melisa J. Baptista,
A5111610881,Martin Gibbs,Martin Gibbs,
A5111757046,Ka-Ming Chan,Ka‐Ming Chan,
A5111936197,Christopher Ward,Christopher Ward.; C. F. Ward,
A5112156521,Lawrence Levine,L S Levine; Lawrence Levine,
A5112453882,M. Goblirsch-Kolb,M. Goblirsch‐Kolb,
A5112812857,Jonathan Rochester,J Rochester; Jonathan Rochester,
A5000078092,Orit Levin,Orit Levin; O Levin,
A5000537083,Stephanie Marlin-Curiel,Stephanie Marlin‐Curiel,
A5001979932,Johanna G. Flyer-Adams,Johanna G. Flyer‐Adams,https://orcid.org/0000-0002-2302-5994
A5005992813,Judy L.M. Kotler,Judy L. M. Kotler,https://orcid.org/0000-0002-8950-5560
A5006587225,Katherine M Seavey,Katherine Seavey; Katherine M. Seavey,https://orcid.org/0000-0001-8803-1386
A5007761576,Stanley Marcus,Stanley Marcus; Stanley E. Marcus; S. Marcus,
A5011811995,Cynthia F. Barber,C.F. Barber; Cynthia F. Barber; Cynthia Barber,
A5012073206,R. Albro,Rick Albro; R. Albro,
A5012346749,Judith Tsipis,J. Tsipis; JUDITH E. TSIPIS; Judith Tsipis,
A5014498712,Katrin Fischer,K. Fischer; K. E. Fischer; Katrin Fischer,
A5015202411,Jan Szilagyi,Jan Szilagyi,
A5016579692,Melissa Seman,Melissa Seman,https://orcid.org/0000-0003-3114-0025
A5021616236,Daniel P. Leman,Daniel P. Leman; D.P. Leman,https://orcid.org/0000-0002-8898-5021
A5023360530,Thomas J. Rands,Thomas J. Rands; T. J. Rands,
A5023591563,Andrea K. Stacy,Andrea K. Stacy,
A5023764631,Grace Wu,Grace Wu; G. Y. Wu,
A5024654811,Atis Folkmanis,A Folkmanis; Atis Folkmanis,
A5026165501,Robert S. Brundage,Robert S. Brundage; R.S. Brundage,
A5028816527,Mitra K. Shavarini,Mitra K. Shavarini; Mitra Shavarini,
A5030044582,Meredith L. Blankenship,Meredith L. Blankenship; M.L. Blankenship; Meredith Blankenship,
A5032054209,Onkei Tai,Onkei Tai,
A5033186404,Emmanuel J. Rivera-Rodriguez,Emmanuel J. Rivera‐Rodriguez,https://orcid.org/0000-0001-7805-9668
A5033216809,Emma Myers,Emma M. Myers; E. Myers; Emma Myers,
A5036838957,Stephen Ferry,Stephen Ferry; S. Ferry,
A5037440667,Thuong Nong,Thuong Nong,
A5038744722,Douglas Herman,Douglas V. Herman; Douglas Herman,
A5042321010,Bernard McCann,Bernard McCann; Bernard A. McCann,
A5044023087,Tariq Osman,T. Osman; Tariq Osman,https://orcid.org/0009-0003-7643-1093
A5044605844,Carlos Mondragón,Carlos Mondragón,
A5045459384,Derek L. Wise,Derek Wise; Derek L. Wise,https://orcid.org/0000-0003-0694-0186
A5045586461,Amelia Hawkins,Amelia Hawkins; A. M. Hawkins,
A5045586871,Alexander Levashkevich,Alex Levashkevich; Alexander Levashkevich,https://orcid.org/0009-0009-0537-8372
A5047245198,Mei-Ling Ellerman,Mei‐Ling Ellerman,
A5048662673,Kurt Cavender,Kurt Cavender,
A5050505701,Brenda Lemos,Brenda Lemos; Brenda R. Lemos; B. Lemos,
A5051356545,Kelley Lynch,Kelley Lynch,
A5052071551,Manodeep Mondal,M. Mondal; Manodeep Mondal,https://orcid.org/0000-0003-2919-1376
A5053553016,Jessica Fredericks,J. R. Fredericks; Jessica Fredericks,
A5053566218,Dharia A. McGrew,Dharia A. McGrew; Dharia McGrew,
A5055137651,M. Madhavarao,M. Madhavarao; Maddula Madhavarao,
A5056989463,S. Bano Chishti,S.B. Chishti; S. Bano Chishti; S. B. CHISHTI,
A5059522895,Randall G. Tyers,Randall G. Tyers; Randall Tyers; R. Tyers,
A5060421704,Jerry Samet,Jerry Samet,
A5061173996,Jenneth Carpenter,Jenneth Carpenter,
A5062503689,Jacob M. Olson,Jacob M. Olson,https://orcid.org/0000-0001-6351-3274
A5063624478,Juan Carlos Jorge-Rivera,Juan Carlos Jorge‐Rivera; J. C. Jorge‐Rivera,
A5066080601,Justin B. Slawson,Justin B. Slawson,
A5067746863,Carie Michael,Carie Michael,
A5068273985,Kaitlin Stober,Kaitlin Stober,
A5069253029,Rebecca Torrey,Rebecca Torrey,https://orcid.org/0000-0002-6148-8607
A5069759994,Margrit Jenny,M. Jenny; Margrit Jenny,
A5070627815,Alan Malbon,A Malbon; Alan Malbon,
A5073934544,L. Lazar,L.M. Lazar; L. Lazar; Louis M. Lazar,
A5074316180,James W. Shepherd,James Walton Shepherd; James W. Shepherd; J. W. Shepherd,
A5075666574,Wilson Ac,Wilson Ac,
A5076707414,Rajeev Nagpal,R Nagpal; R. D. Nagpal; Rajeev Nagpal,
A5078459011,Jian‐Guang Lei,Jian‐Guang Lei,
A5079328780,Ajay Daptardar,Ajay Daptardar; A. Daptardar; A.H. Daptardar; Ajay H. Daptardar,
A5080148122,Alexander Sacha Panic,Aleksandra Panić; Alexander Sacha Panic; A.S. Panic; Alexander S Panic,
A5080171318,Harshmeet Kaur,Harshmeet Kaur,
A5080760088,C. C. Steinmetz,Celine C. Steinmetz; Céline Clémentine Steinmetz; Céline Steinmetz; C. C. Steinmetz,
A5081943148,Tatevik Sarkissian,Tatevik Sarkissian; T Sarkissian,https://orcid.org/0000-0002-5609-3993
A5082072479,Stefanie K. Reinhorn,Stefanie Karchmer Reinhorn; Stefanie K. Reinhorn; Stefanie Reinhorn,
A5082735349,Salvatore LaRussa,Salvatore LaRussa,https://orcid.org/0000-0003-4749-1356
A5084035501,Jennifer Morazes,Jennifer Lynne Morazes; Jennifer Morazes; Jennifer L. Morazes,
A5084882450,Mark Koepke,Mark Koepke; Mark D. Koepke,
A5085358984,Joanna Robaszewski,Joanna Robaszewski,https://orcid.org/0000-0002-1536-1103
A5088300771,James B. Bullis,James Bullis; James B. Bullis,
A5088773197,Sabbir Pervez,Sabbir Pervez,https://orcid.org/0000-0002-0386-5769
A5091170391,Maria C. Smith,Maria C. Smith; Maria Civita Smith,
A5094440141,Amigas Amantes,Amigas Amantes,
A5101157461,Hiroshi Saitō,Hiroshi Saitō; Hiroshi Saito,
A5101215561,Luying Pan,Luying Pan; Pan Luying,
A5101574968,Yi Jin,Yi Jin,https://orcid.org/0000-0002-3205-0331
A5104698640,Elena Bochkareva,Elena Bochkareva,
A5105046531,Sandra Mumford,Sandra Mumford,
A5105364741,A. Venturini,A. Venturini,
A5105401943,K. Zengel,K. Zengel,
A5105500567,L. Kirsch,L. Kirsch,
A5106465291,A. Venturini,A. Venturini,
A5107393030,A. Venturini,A. Venturini,
A5107881536,D. Dodsworth,D. Dodsworth,
A5107892901,Z. M. Schillaci,Z. M. Schillaci,
A5107923102,Z. M. Schillaci,Z. M. Schillaci,
A5107924756,D. T. Zenger,D. T. Zenger,
A5107924979,Z. M. Schillaci,Z. M. Schillaci,
A5107944150,D. T. Zenger,D. T. Zenger,
A5107957863,D. A. Trischuk,D. Trischuk; D. A. Trischuk,
A5108095407,G. Amundsen,G. Amundsen,
A5108202497,Ronald M. Fried,Ronald Fried; R. M. FRIED; Ronald M. Dr. Fried; R M Fried; Ronald M. Fried,
A5108356821,Charles Fisher,Charles Fisher,
A5109092812,A Perczel,Andras Perczel; András Perczel; A. Perczel,
A5110437374,Susan R. Vogel,Susan R. Vogel; Susan Raymond Vogel; Susan Vogel,
A5110763102,Seohyun Im,Seohyun Im,
A5110872378,Goldberg Ra,Goldberg Ra; G Gale ́ra,
A5111820812,Heather A. Wadlinger,Heather A. Wadlinger,
A5111890742,N. Skvorodnev,N. Skvorodnev,
A5113270045,Judy Kuriansky,Judy Kuriansky,
A5000317352,Tue Ly,Tue Ngoc Ly; Tue Ly,
A5001223519,S. Baker,S. Baker,
A5002522015,Irina Cain,Irina Cain,
A5003802816,Alexandra W. Lough,Alexandra W. Lough; Alexandra Lough,
A5003892626,John D. Slonimsky,J Slonimsky; John D. Slonimsky,
A5004506145,Manfred Steurich,Manfred Steurich,
A5004865396,Anurag S. Maskey,Anurag S. Maskey; A MASKEY; Anurag Maskey; A.S. Maskey; A. Maskey,
A5007222146,Gerson Katz,Gerson Katz; G.E. Katz,
A5007500847,Mary M. Bandura,Mary M. Bandura; Mary Bandura; M. Bandura,
A5008441365,Naziru M. Awal,Naziru M. Awal,https://orcid.org/0000-0002-4845-2722
A5008447619,Phomdaen Souvanna,Phomdaen Souvanna,
A5010951388,Alexis M. Hattox,Alexis Hattox; Alexis M. Hattox,
A5011402858,John Dewey,John Dewey; John T. Dewey,
A5012316429,Nicole M. Amichetti,Nicole M. Amichetti,https://orcid.org/0000-0003-4473-2388
A5012629117,A. L. Mayer,Alan L. Mayer; Alan Mayer; A. Mayer; A. L. Mayer,
A5012977804,Joseph Wachutka,Joseph Wachutka,
A5015556409,Terri McCarthy,T. McCARTHY; T McCarthy; Terri McCarthy,
A5016857207,Elaine Elliott,Elaine Elliott; Elaine Sally Elliott; Elaine S. Elliott,
A5017609579,Abdalrahman G. Ahmed,Abdalrahman Ahmed; Abdalrahman G. Ahmed,https://orcid.org/0000-0003-1487-9485
A5017737670,Irina Astashkevich,Irina Astashkevich,
A5017787370,Catherine J. Lewis Theobald,Catherine J. Lewis Theobald,https://orcid.org/0000-0001-6181-7805
A5018321309,Rafael A. Cabanas,R. A. Cabanas; Rafael Aguade Cabanas; Rafael Cabanas; Rafael A. Cabanas,
A5019412181,Oren M. Elrad,Oren Elrad; Oren M. Elrad,
A5019836883,Michael Vetter,Michael Vetter,https://orcid.org/0009-0003-9684-8128
A5020350107,Emilie Connolly,Emilie Connolly,https://orcid.org/0000-0001-7146-3828
A5020934140,Amanda Manfredo,A. Manfredo; Amanda Manfredo,
A5023538446,Brett J. Davis,B.J. Davis; Brett J. Davis; Brett Jay Davis; BRETT DAVIS; B. Davis,
A5024902804,Jennifer Gaudet,Jennifer Gaudet; J Gaudet,
A5025681497,Spasen Chaykov,Spasen Chaykov; Spasen S. Chaykov,https://orcid.org/0000-0001-8501-883X
A5028117463,Peter Møller Neergaard,Peter Moller Neergaard; Peter Møller Neergaard,
A5028527156,S. Mohrdieck-Moeck,Susanne Mohrdieck‐Moeck; S. Mohrdieck‐Moeck,
A5031236644,Vladimir Starov,Vladimir Starov; V. STAROV,
A5033923577,Violet M. Sieder,Violet M. Sieder; Violet Sieder,
A5035125680,Wangui Muigai,Wangui Muigai,
A5035450537,Gaku Ashiba,G ASHIBA; Gaku Ashiba,
A5036387137,Christine M. Cooper,Christine Marie Cooper; Christine M. Cooper,
A5036679564,Ana Villalobos,Ana Villalobos; Ana Paula González Villalobos,
A5038453685,Aishwarya Krishnamoorthy,Aishwarya Krishnamoorthy,https://orcid.org/0000-0001-8245-3828
A5038632192,S. Liu,S. Liu,
A5040336235,Celene Ayat Lizzio,Celene Lizzio; C. A. Lizzio; Celene Ayat Lizzio,
A5043807672,Agata N. Becalska,Agata N. Becalska,
A5046549047,Jenny Hutt,Jenny Hutt; J A Hutt,
A5046653447,Svend Laursen,Svend Laursen,
A5046920972,Jenna M Harris,Jenna M. Harris; Jenna Harris,
A5047106707,Richard L. Redman,Richard L. Redman,https://orcid.org/0000-0002-7091-0988
A5047165381,Eileen R. Driscoll,E Driscoll; Eileen Driscoll; Eileen R. Driscoll,
A5047233906,Zadina Abigail,Abigail Zadina; Zadina Abigail,https://orcid.org/0000-0002-5517-4142
A5047505100,Feodor Hilitski,Feodor Hilitski,https://orcid.org/0000-0001-5629-1407
A5048053301,Harsha R. Hampapura,Harsha R. Hampapura; Harsha Hampapura,https://orcid.org/0000-0002-2449-9032
A5048914717,Lev Tsidilkovski,Lev Tsidilkovski,
A5051649836,Deborah J. Pheasant,Deborah Pheasant; Deborah J. Pheasant,
A5053494591,Raunak Sakhardande,R.R Sakhardande; Raunak Sakhardande; R. R. Sakhardande,
A5054070545,Hunter Seyforth,Hunter Seyforth,https://orcid.org/0009-0004-3033-8157
A5054892985,Rebecca Loya,Rebecca M. Loya; Rebecca Loya,https://orcid.org/0009-0002-4576-3047
A5055184057,Kelley Ready,K. Bhaskar Ready; Kelley Ready,
A5055543895,Alexis R. Johns,Alexis R. Johns,https://orcid.org/0000-0002-8036-8723
A5055825761,A. P. Williamson,Anthony P. Williamson; A. P. Williamson,
A5056730791,S Almeda,S. Almeda; Sheri Almeda,
A5058406397,Astrid Cornils,Astrid Cornils; A. Cornils,
A5058461363,Ning Li,Ning Li,https://orcid.org/0000-0002-4981-1571
A5058884571,Yong Ahn,Yong Ahn; Y.‐G. Ahn,
A5058929271,Dodd-Wing Fong,Dodd‐Wing Fong; D.‐W. Fong,
A5061404029,Xiwen Lu,Xiwen Lu,https://orcid.org/0000-0001-9243-9069
A5062392936,Amber Spry,Amber Spry; Amber D. Spry,https://orcid.org/0000-0002-8318-003X
A5062487954,Rosie Rosenzweig,Rosie Rosenzweig,
A5063242958,Patrick Finneran,Patrick Finneran,https://orcid.org/0000-0002-1368-5585
A5063842555,Brian C Beckett,Brian C. Beckett; Brian Beckett; B Beckett; B.C. Beckett,https://orcid.org/0000-0002-5813-6715
A5064367088,Karen Daugherty-Clarke,Karen Daugherty‐Clarke,
A5065266250,Christopher Amey,Christopher A Amey; Christopher Amey,
A5066116498,Rebecca M. Hine,Rebecca M. Hine,
A5066276108,Roberta Caplan,Roberta Caplan; R Caplan; Roberta Be'la Caplan,
A5066512846,Ángela Pérez Mejía,Ángela Pérez Mejía; Angela Pérez Mejía,
A5067864334,Meredith Woocher,Meredith Woocher; Meredith L. Woocher,
A5068060264,Jillian Stinchcomb,Jillian Stinchcomb,
A5068860659,Nikos Tsikoudis,N. Tsikoudis; Nikos Tsikoudis,
A5070727383,Chie Ueda,Chie Ueda,https://orcid.org/0000-0001-7604-7065
A5071665108,F. Linde,F. Linde,
A5071787377,Matthew Isaacs,M. Isaacs; Matthew Isaacs,
A5071797313,Meghan T. Harris,Meghan Theresa Harris; Meghan T. Harris; Meghan Harris,https://orcid.org/0000-0001-8367-2918
A5072456557,Nichola Rice Cohen,Nichola Rice Cohen,
A5073974301,Clara Altman,Clara Christine Altman; Clara Altman,
A5075508853,Marie Lossky,M. Lossky; Marie Lossky,
A5075727545,Jack Garbus,Jack Garbus,
A5076434599,Zhenhuan Sun,Zhenhuan Sun,https://orcid.org/0009-0000-2381-710X
A5077549668,Emily M. Messelaar,E. Messelaar; Emily M. Messelaar,
A5079927287,Lucy Nusseibeh,Lucy Nusseibeh,
A5080174290,Adam Vose-O’Neal,A. Vose‐O’Neal; Adam Vose‐O’Neal; Adam Vose‐O'Neal; Adam Vose‐ONeal,
A5080391735,Eugene R. Schnell,Eugene Schnell; Eugene R. Schnell,
A5080852434,Zachary A. Knecht,Zachary A. Knecht,
A5081961562,Xiuqi Han,Han Xiu‐qi; Xiuqi Han,
A5083084687,Shai R. Posner,Shai R. Posner,
A5084382348,Zachary Curtis,Zachary O Curtis; Zachary Curtis,https://orcid.org/0009-0000-7219-691X
A5084820379,Linda H. Bertland,Linda H. Bertland; Linda Bertland,
A5085000183,Hamid Al-Saqban,Hamid Al‐Saqban,
A5085516227,Michael Hobin,M.P. Hobin; Michael Hobin,https://orcid.org/0000-0002-3483-6186
A5086023690,Kathleen Carley Skwara,Kathleen Carley Skwara; K C Skwara; K Skwara,
A5086123250,Pooja Chandrakar,Pooja Chandrakar,https://orcid.org/0000-0003-1985-3057
A5086671680,Debora Tenenbaum,Debora Tenenbaum,https://orcid.org/0000-0002-3685-9197
A5089008068,Johnny Ryan,J. L. Ryan; Johnny Ryan,
A5090716568,Aung K. Lwin,Aung K. Lwin,
A5091424919,Erin Hardy,Erin F. Hardy; Erin Hardy,
A5096912458,JD Rittenberg,JD Rittenberg,https://orcid.org/0009-0008-5742-6340
A5099507800,Vincent Duronio,Vincent Duronio,
A5103143587,Zoe Brown,Zoe Brown; Zoe Ann Brown,https://orcid.org/0000-0001-8305-6330
A5103978388,Fernanda Q. Campbell,Fernanda Queirós Campbell; Fernanda Q. Campbell; Fernanda Queiros Campbell,https://orcid.org/0000-0002-4434-7474
A5105402210,G. Sciolla,G. Sciolla,
A5105625537,T. Javůrek,T. Javůrek,
A5105642544,V. Sothilingam,V. Sothilingam,
A5106658901,Suhaily Caban-Penix,Suhaily Caban‐Penix,https://orcid.org/0009-0007-6512-5399
A5107362008,Douglas Todd Zenger,Douglas Todd Zenger; D. T. Zenger,
A5107383093,J. R. Bensinger,J. R. Bensinger,
A5107847053,L. Coffey,L. Coffey,
A5107874726,S. Wenig,S. Wenig,
A5107887523,D. Dodsworth,D. Dodsworth,
A5107891647,Z. M. Schillaci,Z. M. Schillaci,
A5107897159,Z. M. Schillaci,Z. M. Schillaci,
A5107925470,S. Ketabchi Haghighat,S. Ketabchi Haghighat,
A5107937480,D. A. Trischuk,D. A. Trischuk,
A5108081989,L. Kirsch,L. Kirsch,
A5108372311,Arthur H. Reis,Arthur H. Reis,
A5108700079,G. Sciolla,G. Sciolla,
A5109143748,C J Hollingshead,C. J. Hollingshead; Carol Hollingshead; C. Hollingshead,
A5109381930,Dennis F. Beatrice,Dennis F. Beatrice; Dennis Beatrice,
A5110186875,Carol M. Stoner,C M Stoner; Carol M. Stoner; Carol Stoner,
A5110649730,A. Apyan,A. Apyan,
A5111565044,Marc Moskowitz,M E Moskowitz; Marc Eli Moskowitz; Marc Moskowitz,
A5111660950,Keith E. Kropp,Keith Kropp; Keith E. Kropp,
A5113045581,P.A. Prather,Pilar Prather; P. A. Prather; P. Prather,
A5113205822,Jonathan Schroeder,Jonathan D. S. Schroeder; Jonathan Schroeder,
A5113663224,D. Pomeroy,D. Pomeroy,
A5000290083,Kavitha Mandapati,Kavitha Mandapati; Mandapati Kavitha,
A5000703519,Joan Carriuolo,Joan Carriuolo,
A5000872873,Jishnu N. Nampoothiri,Jishnu Nampoothiri; Jishnu N. Nampoothiri,https://orcid.org/0000-0001-9801-5072
A5001037403,M.P.D. Zahniser,Megan P. D. Zahniser; M.P.D. Zahniser,
A5001435480,Michael Giver,Michael Giver,
A5001887054,David J. De Rosier,D.J. De Rosier; David J. De Rosier; D. J. DE ROSIER,
A5002007622,John Leer,John Leer,
A5003321309,Ross Ellenhorn,Ross David Ellenhorn; Ross Ellenhorn; Ross D. Ellenhorn,
A5005925203,Bush Gw,Bush Gw; B. GW,
A5005991495,Obed Lopez,Obed Lopez,
A5006363251,Anna Liednikova,Anna Liednikova,
A5006509767,Sarita Biswas,Sarita Biswas,
A5007700430,Stephanie Laporte,S. Laporte; Stephanie Laporte,
A5007711464,S Boynton,S.C. Boynton; S Boynton; Susan Boynton; Susan C. Boynton,
A5007895820,Jennifer L. Radkiewicz,J. L. RADKIEWICZ; Jennifer L. Radkiewicz; J. Radkiewicz,
A5008004043,Michael B. O'Neil,M. B. O'Neil; Michael B. O'Neil; M Oneil; M O'Neil,
A5008397871,Sonja Krstic,Sonja Krstic,https://orcid.org/0000-0003-1020-1802
A5008508395,Norman Sandridge,Norman B. Sandridge; Norman Sandridge,
A5009906396,Jonathan S. Caplan,Jonathan S. Caplan,
A5010609874,A. D. Barlas,A. D. Barlas,
A5012028857,Siyang Guo,Siyang Guo; S. Guo,https://orcid.org/0000-0003-2352-829X
A5015963714,Benjamin Ballintyn,Benjamin Ballintyn; Benjamin N Ballintyn,https://orcid.org/0000-0002-2753-485X
A5016110085,Alison White,Alison White; Alison G. White,
A5019300346,Angel Love Miles,A Miles; Angel Love Miles; Angel Miles; Angel L. Miles,
A5019690901,Zavdi L. Lichtman,Zavdi L. Lichtman; Zavdi Lichtman,
A5019878739,Jining Han,J. E. Han; Jining Han,
A5020103532,Marissa Donovan,Marissa R. Donovan; Marissa Donovan,
A5021396191,V.N. Setty,V.N. Setty; Vinay N. Setty,
A5022116010,Donald Cordry,Donald Bush Cordry; Donald Cordry,
A5023147620,M. G. Rath,M. G. Rath; Matthew Gregory Rath,
A5023435526,Emily Ziperman,Emily D. Ziperman; Emily Ziperman,https://orcid.org/0000-0002-2180-0854
A5024142905,Lam Pham,Lam L. Pham; Lam Pham,
A5024163257,Joan Carey,Joan Carey,
A5025501179,Hakim Boukellal,Hakim Boukellal; H. Boukellal,
A5026349743,Chi-Hong Wu,Chi‐Hong Wu,https://orcid.org/0000-0001-6391-0747
A5026413575,Van Vunakis H,Van Vunakis H,
A5026518260,Charles E. Goodhue,Charles E. Goodhue,
A5026809006,James Truncer,James Truncer; J. TRUNCER,
A5028532922,Marc Goldring,Marc Goldring; Marc A. Goldring; M Goldring; M A Goldring,
A5030434730,Vincent T. Brandeis,V.T. Brandeis; V. Brandeis; Vincent T. Brandeis; Vincent Brandeis,
A5031274698,Sevim Yardimci,Sevim Yardimci,https://orcid.org/0000-0003-1616-7094
A5032404606,Thomas Willkens,Thomas Willkens,https://orcid.org/0009-0003-1355-2605
A5032430738,Aaron D. Camp,Aaron D. Camp,
A5033259733,H. Galperin,Henry Galperin; H. Galperin,
A5033289826,T. Moss,Tamar Moss; T. Moss,
A5034225222,Peter Conrad,Peter Conrad; P. Conrad; P. Earnest Conrad,
A5035085421,Lisa Braude,Lisa Braude,
A5035282110,Raj A. Stewart,Raj A. Stewart; R. STEWART; Raj Stewart,
A5035585359,James Keough,James Keough,
A5036426501,Joseph Caldwell,J R Caldwell; Joseph Caldwell,
A5037196820,M.T. Grisaru,M. T. Grisaru,
A5038140589,Josiah J. Herzog,Josiah Herzog; Josiah J. Herzog,
A5038815164,Friedrich Firsov,Friedrich Firsov; F Firsov,
A5039778216,Charlie Summers,Charlie Summers; C H Summers; Charles Summers,
A5040963932,Natalie M. Susmann,Natalie Susmann; Natalie M. Susmann,https://orcid.org/0000-0002-1204-2174
A5041207850,Jasmin Kwak,Jasmin Kwak,https://orcid.org/0009-0003-7337-4230
A5043248597,Anthony B. Maddox,Anthony B. Maddox,
A5044128540,Joshua Wan,Joshua Wan,
A5046780339,Monica Higgins,Monica Higgins; Mónica Espinoza Higgins; Monica Espinoza Higgins; M. E. Higgins,
A5047298319,J. Ackers,J. Ackers; Jared Ackers,
A5047550671,Manning Zhang,Manning Zhang; Mingzhou Zhang; M Zhang; Mingxi Zhang,https://orcid.org/0000-0003-0172-6826
A5047609148,Anuja Mehta,Anuja Mehta; A. Mehta,
A5048018653,L I Geller,Laura Geller; L I Geller,
A5048139911,Marjorie A. Tingle,M. Tingle; Marjorie Tingle; Marjorie A. Tingle,
A5048604620,Le Yin,Le Yin; Le Bin Yin,
A5048752716,Gitit Kehat,Gitit Kehat,
A5050094347,Michael Satchell,M. Satchell; Michael Satchell,
A5050486160,Allison M. Colthart,Allison M. Colthart; A Colthart,
A5050523843,Morgan Taylor,Morgan Taylor; Morgan A. Taylor,
A5050903907,Matt A. Fragala,Matt A. Fragala,
A5051440298,S. K. Kim,S. K. Kim; Sean Kim; Suho Kim,
A5052969390,Sara D Kunz,Sara D. Kunz; S.D. Kunz; S. Kunz,
A5055396251,T. Lin,Tong Lin; T. Lin,https://orcid.org/0000-0001-7927-0676
A5056256375,Aditya Rao,Aditya Rao; A. G. Rao,
A5057312865,Joseph Lubben,Joseph Lubben,
A5057939599,Rylie B. Walsh,Rylie B. Walsh,
A5058144096,Pin-Hao Chao,Pin‐Hao Chao; Henry Chao,https://orcid.org/0000-0003-3766-0419
A5061215464,Carin C. Stamper,C.C. Stamper; Carin C. Stamper; Carin Stamper,
A5062017862,K. Chan,K. Chan,
A5065277595,J. Gilmour,J. Gilmour; Jeffrey Gilmour; J. C. GILMOUR,
A5065519116,Annelise Joseph,Joseph Annelise; Annelise Joseph,https://orcid.org/0000-0002-9453-0744
A5066136908,Sandra Cha,Sandra Cha,
A5067480957,Karina Lee,K. H. Lee; Karina Lee,
A5067605382,Sascha Cohen,Sascha Cohen; Sascha Benjamin Cohen; S. Cohen,
A5068463978,Vasilia Vasiliou,Vasilia Vasiliou,
A5068591924,Sarah F. McMahon,Sarah F. McMahon,
A5068861493,Estelle C. Zoll,E. C. ZOLL; Estelle Cooper Zoll; Estelle C. Zoll,
A5069712505,D. Portsmouth,David Portsmouth; D. Portsmouth,
A5070193022,Otto Bretscher,O. Bretscher; Otto Bretscher,
A5071740051,Richard C. Hevey,R Hevey; Richard C. Hevey; R. C. Hevey,
A5072095897,Andrea A Guerrero,A. Ahuad Guerrero; Andrea A. Guerrero,https://orcid.org/0000-0002-5324-8232
A5073253184,Chris McLaughlin,Chris McLaughlin,
A5073307402,Rachel E. McIlwaine,Rachel McIlwaine; Rachel Elizabeth McIlwaine; R. McIlwaine; Rachel E. McIlwaine,
A5073610471,J C Hall,J C Hall,
A5074212942,K. Wagenpfeil,Karina Wagenpfeil; K. Wagenpfeil,
A5075430268,Lucas A. Runyan,Lucas Runyan; Lucas A. Runyan,https://orcid.org/0000-0001-5690-7849
A5075449116,Teodora Markova,Teodora Z. Markova; Teodora Markova,https://orcid.org/0009-0004-7178-6976
A5075454674,Yugarshi Mondal,Yugarshi Mondal,https://orcid.org/0000-0002-7620-8436
A5076987651,Elise Berliner,Elise Berliner; E. Berliner,
A5077875543,Catherine Carmona,C Carmona; Catherine Carmona; C. L. Carmona,https://orcid.org/0000-0002-8966-844X
A5078397845,K. Alexander Shangraw,K. Alexander Shangraw; Kathryn Shangraw; K. A. Shangraw,
A5078562588,Harris I. Lehrer,H. I. Lehrer; Harris Lehrer; Harris I. Lehrer,
A5080517666,Marina Bizounok,M. Bizounok; Marina Bizounok,
A5080559561,Gina Escobar,Gina Escobar; Gina M. Escobar,
A5081284085,Jessica Littman,Jessica Littman,
A5082290839,Ann F. Collard,Ann F. Collard; Ann Collard; A Collard,
A5084963191,S.I. Forman,Scott I. Forman; S.I. Forman,
A5086579566,Catherine M. Stupak,Catherine Stupak; Catherine M. Stupak; C. M. Stupak,
A5086698037,Leslie Zebrowitz-McArthur,L Zebrowitz‐McArthur; Leslie Zebrowitz‐McArthur; Leslie A. Zebrowitz‐McArthur,
A5086994553,Josefin Westborg,Josefin Westborg,
A5089463207,David D. Cerce,David Cerce; David D. Cerce; D. Cerce,
A5089820852,Sedef Topçuoğlu,Sedef Topcuoglu; S Topcuoglu; Sedef Topçuoğlu,
A5090743393,Kristen Faughnan,Kristen Faughnan,https://orcid.org/0000-0001-8269-8147
A5091249721,Lorraine C. McNally,L McNally; Lorraine C. McNally,
A5094440140,Katie Acosta,Katie Acosta,
A5101173571,David Kaplan,David Kaplan; David Michael Kaplan,
A5102901085,Amanda Zhang,Amanda Zhang,https://orcid.org/0000-0002-5492-495X
A5102907998,Aldric Rosario,Aldric Rosario,https://orcid.org/0009-0002-8504-6253
A5103206297,Brooke Evans,Brooke Evans,https://orcid.org/0000-0001-6408-6980
A5103489836,R A H BURTON,R A H BURTON; Ronald A. Burton,
A5104082520,Karin Fernando,Karin Fernando; K.E.R.L. Fernando,
A5105281572,N. Miladinovic,N. Miladinovic,
A5105294198,S. Gozpinar,S. Gozpinar,
A5105536606,K. O’Connor,K. O’Connor; K O'Connor,
A5107011742,Zachary Fournier,Zachary Fournier,
A5107847054,G. Amundsen,G. Amundsen,
A5107900407,Z. M. Schillaci,Z. M. Schillaci,
A5107910822,G. Sciolla,G. Sciolla,
A5107940022,S. Solomon,S. Solomon,
A5107943764,V. Vacek,V. Vacek,
A5107953082,D. T. Zenger,D. T. Zenger,
A5108021371,S.V.D. Nageswara Rao,Shentong Rao; S. V. D. Nageswara Rao,
A5108156130,Ralf Häfner,R. Hafner; Ralf Häfner; Ralf M. Häfner,
A5108441062,Abhijeet A. Joshi,Abhijeet A. Joshi; Abhijeet Joshi,
A5108812429,Munzareen Khan,M. I. Khan; Munzareen Khan,
A5109032628,Donald Straus,Donald Straus; Donald R. Straus; D. R. Straus,
A5109208617,Anne Frances Miller,Anne Miller; A Miller; Anne Frances Miller,
A5109767911,Chao Fei,Chao Fei,
A5109886158,JM Lowenstein,JM LOWENSTEIN; JM Lowenstein,
A5109893845,JC Hall,J.C. Hall; J HALL,
A5110191625,J E Lisman,J. E. Lisman; JE Lisman,
A5110824376,Evelyn Viegas,Evelyn Viegas,
A5110870952,S. Reinharz,Shulamh Reinharz; S. Reinharz,
A5110899881,Joan Fox,Joan Fox,
A5111641715,Ludmilla Reshetnikova,L.A. Reshetnikova; Ludmilla Reshetnikova,
A5111709316,Jackson Lynn,Jackson Lynn; J. Thomas Lynn; J. Lynn; J. T. Lynn,
A5113098510,V. Plesanovs,V. Plesanovs,
A5113480518,David W. Pierce,David W. Pierce; David Pierce; D. W. Pierce,
A5000184451,Szent-Györgyi Ag,Szent‐Gyorgyi Ag; Szent‐Györgyi Ag,
A5000969359,Tali Artman Partock,Tali Artman Partock,
A5001795119,Debra Guckenheimer,Debra Guckenheimer,
A5002400466,Amy L. Scalera,Amy Scalera; Amy L. Scalera,https://orcid.org/0000-0001-7560-275X
A5002938974,L. Kirsch,L. Kirsch,
A5003823778,Neelakantan Suresh,N. Suresh; Neelakantan Suresh,
A5004983690,Berith Isaac,Berith Isaac,
A5006242358,Catherine B. Scott,Catherine Barclay Scott; Catherine B. Scott,https://orcid.org/0000-0003-1576-5623
A5007133497,Nolan Holley,Nolan Holley,
A5007165942,Mary Z. Papastavros,Mary Z. Papastavros; M Z Papastavros,
A5009152758,Martin Montgomery,Martin W. Montgomery; Martin Montgomery,
A5009366172,Naomi Assaf,Naomi Assaf; N. Assaf,
A5009937716,Andrew J. Swensen,Andrew Swensen; Andrew J. Swensen; Andrew Jon Swensen,
A5010917676,R. Young,R. Young; Ryan A. Young,https://orcid.org/0000-0002-9454-2876
A5011117807,Y. Liu,Y. Liu,
A5011556233,Yuri Felshtinsky,Yuri Felshtinsky,
A5012379809,Patricia C Thorburn,Patricia C. Thorburn; P Thorburn; Patricia Thorburn; P C Thorburn,
A5013074053,Jennifer K. Bailey,Jennifer K. Bailey,
A5014012886,Zeyi Qin,Zeyi Qin,
A5014328128,Richard Brutti,Richard Brutti,https://orcid.org/0000-0003-0449-4418
A5014434010,Aziz Giga,Aziz. Giga; A. GIGA,
A5016161064,Thomas L. Madden,Thomas L. Madden; T.L. Madden; Thomas Lee Madden,
A5017789744,Priya G. Nalkur,Priya Nalkur; Priya G. Nalkur,
A5018239112,Kevin X. Wang,Kevin X. Wang,
A5018300463,Claire E. Elling,Claire Elling; Claire E. Elling,
A5018421123,Michael J. Pepi,Michael J. Pepi,
A5018626168,Osborne Ja,Osborne AE Sanchez JA; Osborne Ja,
A5019787319,Y.‐Y. ZHU,Y.‐Y. Zhu; Yourong Zhu; Yannan Zhu,https://orcid.org/0000-0003-4563-0068
A5020671010,Mardiyyah Oduwole,Mardiyyah Oduwole,
A5020885688,Claudia Horn,Claudia Horn,https://orcid.org/0000-0002-2590-8432
A5022041590,Arianne J. Matlin,A. Matlin; Arianne J. Matlin,
A5022231589,Allan Lazaroff,Allan Lazaroff,
A5022971529,Erin E. Deans,Erin E. Deans,
A5023510805,Douglas M. Daub,Douglas Daub; Douglas M. Daub,
A5023839812,M. Cristina Espinosa,M. Cristina Espinosa; Maria Cristina Espinosa,
A5024899317,Jonah Melnick,Jonah Melnick,
A5025994943,Bethany L. Christmann,Bethany L. Christmann; B. Christmann,
A5026615890,William H. Ellenburg,William H. Ellenburg,https://orcid.org/0000-0001-5726-1277
A5027764801,Stephen E. Grossman,Stephen Grossman; S.E. Grossman; Stephen E. Grossman,
A5027828940,Mary R. Baine,Mary R. Baine; Mary Rion Baine; Mary Baine,
A5028137795,Jennifer Lee Crawford,Jennifer Lee Crawford,
A5028170996,Michael O. Ignatiev,Michael Ignatiev; M. Ignatiev; Michael O. Ignatiev,
A5028235932,Rick Baggio,R Baggio; Rick F. Baggio; Rick Baggio,
A5029879340,B. Chakraborty,Brahmanad Chakraborty; B. Chakraborty,
A5030809460,J. Chen,J. Chen,
A5030963759,Bruno G. Forcina,B.G. Forcina; Bruno G. Forcina; B. Forcina,
A5031189519,A.H. Bluestein,Alia H. Bluestein; A.H. Bluestein,
A5031636513,Travis Kyani-Rogers,Travis Kyani‐Rogers,
A5031672981,Vinodini Murugesan,V. Murugesan; Vinodini Murugesan,
A5032302295,Dino Caprirolo,Dino Caprirolo,
A5033017195,Bradford J Garvey,Bradford Garvey; Bradford James Garvey; Bradford J. Garvey,https://orcid.org/0009-0000-5905-0908
A5033462855,Víctor Manuel Suárez Casanova,Victor Manuel Suarez Casanova; Víctor Manuel Suárez Casanova; Victor Manuel Suárez Casanova; Victor M. Suárez Casanova,https://orcid.org/0000-0002-9484-4620
A5033725550,Mariam Sheibani,Mariam Sheibani,
A5035048964,Emily Ledingham,Emily Ledingham,https://orcid.org/0000-0002-7718-5117
A5035104959,Elaine Braun‐Keller,Elaine Braun‐Keller; E. BRAUN‐KELLER,
A5036556082,Susan Faye Cannon,Susan F. Cannon; Susan Faye Cannon; Susan Cannon,
A5037141932,E Y Lai,Eugene Lai; E Y Lai,
A5038142633,Parker Glenn,Parker Glenn,
A5039047871,Greta Ouyang,Greta Ouyang; G. Ouyang,
A5040364368,Jay Y. Brodbar-Nemzer,Jay Y. Brodbar‐Nemzer; J. Y. Brodbar‐Nemzer; Jay Brodbar‐Nemzer,
A5040465351,Tozoe Marton,Tozoe Marton; Tozoe Elaine Marton,https://orcid.org/0000-0001-8949-0808
A5040897834,F. Golub,F. Golub,
A5041132089,Mayada Saadoun,Mayada Saadoun; Mayada Said Saadoun,
A5041877785,Chuck Phillips,C. A. Phillips; Chuck Phillips,
A5043436012,Martin Molina-Fructuoso,M. Molina‐Fructuoso; Martin Molina‐Fructuoso,https://orcid.org/0000-0003-0046-6719
A5044260185,Jiele Wu,Jiele Wu,
A5044408748,Brett Wisniewski,Bartosz Wisniewski; Bernard Wisniewski; Brett Wisniewski; B. Wiśniewski,https://orcid.org/0009-0005-1236-069X
A5044431832,Shizhe Liang,Shizhe Liang,https://orcid.org/0009-0004-2611-1451
A5044764319,Robin M. Katz,Robin M. Katz; Robin Katz,
A5045745278,J. Goo,J. Goo; Jamyeung A. Goo,
A5046243487,Patricia Lutsky,P. Lutsky; Patricia Lutsky,
A5046434120,Katherine Andre,Katherine Andre,https://orcid.org/0009-0001-6305-6613
A5046474817,Astrid Steverlynck,A. Steverlynck; A.M Steverlynck; Astrid Steverlynck,
A5046483749,Yarden Fanta-Vagenshtein,Yarden Fanta‐Vagenshtein,
A5046768031,Robert Stigler,Robert Stigler,
A5047854356,Hagit Weihs,Hagit Weihs,
A5047998173,Kathryn Tidrick,Kathryn Tidrick,
A5048030047,Neal Fogg,N. P. Fogg; Neal Fogg,
A5048662717,Sarah B. Lupis,Sarah B. Lupis,
A5048933460,J. MENEY,J. Meney; James Meney,
A5049515925,James M. Egan,James M. Egan; J. Egan; J. M. Egan,
A5050047965,Melissa Cataldo,Melissa Cataldo,
A5050080889,T.A. Gentry,T. Gentry; T. A. Gentry; Tom Gentry,
A5050975411,Mark D. Mattaliano,M.D. Mattaliano; Mark D. Mattaliano,
A5051017245,Brian J. Gold,Brian J. Gold,
A5051841825,Ian Hurley,I. Hurley; Ian Hurley,
A5052662190,Marjena Popović,Marjena Popović; Marjena Popovic; M Popovic,
A5052787376,J Brandeis,J Brandeis,
A5052913505,Michael W. Forcier,Michael W. Forcier,
A5054978619,Yun-Xuan Luo,Yun‐Xuan Luo; Yunxuan Luo,
A5055180763,Jamie M. Stonemetz,Jamie M. Stonemetz; Jamie Stonemetz,
A5056147918,Igor Alexeev,Igor Alexeev; Igor L. Alexeev,https://orcid.org/0000-0002-5234-1072
A5058220954,Kazuhiro Soeda,Kazuhiro Soeda,
A5058344567,J Goretski,J Goretski; Joanne Goretski; J. GORETSKI,
A5058460001,Naveen Jha,Naveen Jha; N. Jha,
A5059103420,Mohammad Ataie,Mohammad Ataie,https://orcid.org/0000-0003-2640-1550
A5059346563,Gerald J. Boudreaux,Gerald Boudreaux; G. J. BOUDREAUX; Gerald J. Boudreaux,
A5059455045,Gregory A. Childs,Gregory Childs; Gregory A. Childs,
A5059521193,Sadrach Pierre,Sadrach Pierre,
A5060726330,Máté Rigó,Mate Rigo; Máté Rigó,
A5061447176,D.A. Evers,Deirdra A. Evers; D.A. Evers,
A5061663771,Louis A. Costello,Louis A. Costello; L.A. Costello,
A5062124993,John L. Eadie,John L. Eadie; John Eadie,
A5062210470,Sujala Maharjan,Sujala Maharjan,
A5062437561,Thalia H. Sass,Thalia H. Sass,https://orcid.org/0000-0001-7048-8564
A5062613319,Max J. Bernstein,Max J. Bernstein; Max Bernstein,
A5063216472,Jihan Khan,Jihan Khan,
A5065472659,Shyamal Sharma,Shyamal Sharma,
A5065581449,Martha L. Picariello,Martha L. Picariello,
A5066083883,Manley Hopkins,M R Hopkins; M. Hopkins; Manley. Hopkins,
A5067099404,G. V. Miloshevskii,G. V. Miloshevskii,
A5067777451,Mary E. Giffin,Mary Elizabeth Giffin; Mary E. Giffin.; Mary Giffin; Mary E. Giffin,
A5068028082,Seth Landsman,Seth Landsman; Seth M. Landsman,
A5068717580,Eric Chasalow,Eric Chasalow,https://orcid.org/0000-0002-8876-4384
A5069326780,Jeffrey S. Sussman,Jeffrey Sussman; Jeffrey S. Sussman,
A5071062292,Lauren Tillinghast,Lauren Tillinghast; L. Tillinghast,
A5071376757,Elizabeth C. Edblom,E. C. EDBLOM; Elizabeth C. Edblom,
A5073488321,Daniel Shin,Daniel I. Shin; Daniel Shin,https://orcid.org/0000-0001-5021-4101
A5076470878,C. Stockman,Charles Henry Stockman; C. H. Stockman; C. Stockman,
A5077268650,Yoshitsugu Naito,Y Naito; Yoshitsugu Naito,
A5078545045,David Harbage,David Harbage,https://orcid.org/0000-0003-3288-5926
A5079029888,Edie A. Neidhardt,E.A. Neidhardt; Edith A Neidhardt; Edie A. Neidhardt,
A5079173434,Alyson Christopher,Alyson Christopher,
A5079225471,Bridget A. McCarthy,B. A. MCCARTHY; Bridget A. McCarthy,
A5080265130,Adriana M. Prada,Adriana M. Prada; Adriana Prada; Adriana Marie Prada,https://orcid.org/0000-0002-8929-0897
A5080894905,Samuel Howes,Samuel Barnardiston Howes; Samuel Howes,
A5081106226,Ilana Kirschner,I. Kirschner; Ilana Kirschner,
A5081234527,Lana C. Rutherford,Lana C. Rutherford,
A5081449465,Abigail Cooper,Abigail Q. Cooper; Abigail Cooper,
A5081548567,Teresa A. Lyons,T.A. Lyons; Teresa A. Lyons; Teresa Lyons,
A5084630381,Jason J. Osik,Jason J. Osik,
A5085181240,H. D. Cohen,H. D. Cohen; Herbert Daniel Cohen,
A5085753903,Kristine M. Rosenthal,Kristine M. Rosenthal,
A5085795339,Melissa A. Chesarone,Melissa A. Chesarone; Melissa Chesarone,
A5086205943,Joana Enes,J. Enes; Joana Enes,
A5087502381,Robert Knippen,Robert Knippen,
A5089149834,A. Cleasby,A. Cleasby; Ann Cleasby,
A5089432527,Katherine M. Nolan,Katherine M. Nolan; Katherine Nolan,
A5090078445,Esther A. Epum,Esther Akunna Epum; Esther A. Epum,
A5097113759,Gregory A Petsko,Gregory A Petsko,
A5102392297,Sida Li,Sida Li,
A5102477459,John Vogel,John Vogel; J. Ph. Vogel; J. Vogel; J P Vogel,
A5102636292,Shuqing Deng,Shuqing Deng,
A5105204937,S. Gozpinar,S. Gozpinar,
A5105210012,M. Hartz,M. Hartz,
A5105258600,G. Sciolla,G. Sciolla,
A5105307508,N. Miladinovic,N. Miladinovic,
A5105528708,H. Wellenstein,H. Wellenstein,
A5105534856,D Dodsworth,D. Dodsworth,
A5105728781,E. R. Duden,E. R. Duden,
A5105775094,H. Wellenstein,H. Wellenstein,
A5105933853,L. Coffey,L. Coffey,
A5106222597,M. R. Fortner,M. R. Fortner,
A5106601201,Gabriella Sciolla,Gabriella Sciolla,
A5106659963,D. Pomeroy,D. Pomeroy,
A5107031748,L. Bianchini,L. Bianchini,
A5107313242,K. O’connor,K. O’connor,
A5107841574,H. Wellenstein,H. Wellenstein,
A5107891913,G. Sciolla,G. Sciolla,
A5107916972,S. Hyrych,S. Hyrych,
A5107925528,S. Chen,S. Chen,
A5107926264,M. Kolb,M. Kolb,
A5107931623,M. N. Mancini,M. Mancini; M. N. Mancini,
A5107937101,S. Solomon,S. Solomon,
A5107941941,D. A. Trischuk,D. A. Trischuk,
A5108926316,Brandon Y. Black,B. Black; Brandon Y. Black,
A5109291232,H Robert,H Robert; Harry. Robert; H. B. Robert,
A5109969205,D. Partos,D. Partos,
A5110192797,D. Pomeroy,D. Pomeroy,
A5110196649,Chris Miller,Chris Miller; C.G. Miller,
A5110223558,L. Kirsch,L. Kirsch,
A5111603312,Heide Reese,Heide Reese; H. REESE; H.R. Reese,
A5111917629,Cristina A. Tan,Cristina A. Tan; Cristina Tan,
A5111935970,Ruby Abrahams,Ruby Abrahams,
A5112745096,A Keck,Alex Keck; A Keck,
A5112757299,M College,M College; Middlebury College,
A5112865750,H Berger,H. A. Berger; H Berger; Hanno Berger,
A5113994659,Emily Harris Canning,Emily Harris Canning; Emily H. Canning; Emily Canning,
A5000473105,Susan R. Windham,Susan R. Windham,
A5000780542,Ethan Shurberg,Ethan Shurberg,
A5000973503,Kristian Kime,Kristian Kime,
A5001156443,Mingrui Bai,Mingrui Bai,
A5001298746,X. Chen,X. Chen,
A5001621935,Masako Kikuchi,Masako Kikuchi,https://orcid.org/0000-0002-9882-4934
A5001842754,Jacques Drouin,Jacques Drouin; J. Drouin,
A5001871397,Mao Shan-cheng,Mao Shan‐cheng; Shancheng Mao,
A5002021525,Crystal J. Yu,Crystal J. Yu,
A5002098725,L. Kirsch,L. Kirsch,
A5002698493,Ian J. Murphy,Ian James Murphy; Ian Murphy; Ian J. Murphy,
A5003574318,David Kaplan,David Ellis Kaplan; David Kaplan; D. Kaplan,
A5003936967,Gabriel Robinson,Gabriel Robinson,
A5004239710,Chunqi Shi,Chunqi Shi,
A5004940124,J. J. Callahan,J. J. Callahan,
A5005201211,Reyal S. Hoxie,Reyal S. Hoxie; Reyal Hoxie,https://orcid.org/0000-0003-3853-1205
A5005440108,Kwang Hee Hong,Kwang Hee Hong,
A5005524432,B. V. Khoury,Bernard Victor Khoury; B. V. Khoury,
A5006226673,Martin Dudek,Martin Dudek; Martin G. Dudek,
A5007030455,Jeffery C. Hall,Jeffery C. Hall; J. C. Hall,
A5007258352,Antonio S. Samson,Antonio S. Samson; A. S. SAMSON,
A5007361359,Vincent C. Panzano,Vincent C. Panzano,
A5007614233,Jillian E Franks,Jillian E. Franks,
A5008062072,Richard Brutti,Richard Brutti,
A5008279309,Ercan Kamber,Ercan Kamber,
A5008388553,D. Faulkner,Donald M. Faulkner; D. Faulkner,
A5009459176,Bessie K. Hahn,B. Hahn; Bessie K. Hahn,
A5009914466,Inna Broude,Inna Broude,
A5010053115,Delora K. Gaskins,Delora Gaskins; Delora K. Gaskins,
A5010525466,L. D. Fogg,L. D. Fogg; Lauren Fogg; L. Fogg,
A5011080760,Tania L. Eskin,Tania L. Eskin; Tania Eskin,
A5011231898,Maria Altebarmakian,Maria Altebarmakian,
A5011832465,Jungpeng Chen,Jungpeng Chen,
A5012483926,Susan F. Waelder,S. Waelder; Susan F. Waelder; Susan Waelder,
A5012719228,Wiyanto Evelyn,Wiyanto Evelyn; Evelyn Wiyanto,
A5013156640,Melodee S. Kornacker,Melodee S. Kornacker; Melodee Siegel Kornacker; M. S. Kornacker,
A5013995844,Laura Ligouri,Laura Ligouri; Laura E. Ligouri,
A5017125843,Katharine R Rowlands,Katharine R. Rowlands; K Rowlands,https://orcid.org/0000-0002-3572-7221
A5017635544,J. D. Jaufmann,J. D. Jaufmann; Judy Jaufmann,
A5018704713,Guglielmo Grimaldi,Guglielmo Grimaldi,https://orcid.org/0000-0001-9639-2587
A5019135818,Qiwei Sun,Qiwei Sun,https://orcid.org/0000-0001-9938-817X
A5019540542,Faith Smith,Faith Smith; F. F. Smith,
A5019656052,J Wang,J Wang; JiXiao WANG,
A5021321937,Malgorzata Hay,M. Hay; Malgorzata Hay,
A5021668582,Harry F. Keshet,Harry Finkelstein Keshet; Harry F. Keshet,
A5022186404,E. C. von Stetten,E. C. von Stetten; Eric C. von Stetten,
A5022240214,Jacob D. Wirth,Jacob Wirth; Jacob D. Wirth,https://orcid.org/0000-0002-6227-9321
A5023227987,Aleksandr Kivenson,Aleksandr Kivenson,
A5023244242,Naiyin Yu,Naiyin Yu; N Gornostyrev Yu.,
A5023336568,Josh Lederman,Josh Lederman,
A5023721164,Alan R. McCleary,Alan Mccleary; A.R. McCleary; Alan R. McCleary; Alan Ross Mccleary,
A5024432054,J. Trubatch,Janett Trubatch; J. Trubatch,
A5024584594,Youwei Qiao,Youwei Qiao; Y.D. Qiao,https://orcid.org/0000-0002-8495-2097
A5024902034,María J. Durán,María J. Durán; María José Cahueñas Durán,https://orcid.org/0009-0008-2663-0701
A5025475205,Linda H. Gillum,L H Gillum; Linda H. Gillum,
A5025710783,Joanna Volpe-Vartanian,Joanna Volpe‐Vartanian; J. Volpe‐Vartanian,
A5025805860,Jane A. Beebe,Jane A. Beebe,
A5026430479,Hilary E. Rogers,Hilary E. Rogers; Hilary Rogers; Hilary Eileen Rogers,
A5027120673,Hanyu Song,Hanyu Song,
A5027152716,T. Phan,Trinh Thi Hoai Phan; Thi Thu Hien PHAN; Phan Thi Thu Hien; T. Phan,https://orcid.org/0000-0002-9562-112X
A5027233647,Tanya Edwards,Tanya Edwards; T. P. Edwards,
A5028574573,Zhigang Xi,Zhigang Xi,
A5030305299,Nathan R. Wong,Nathan Wong; Nathan R. Wong,https://orcid.org/0000-0001-8178-1184
A5030463279,Roser Saurí Colomer,Roser Saurí Colomer; R. Saurí Colomer,
A5030637836,E. Colson,E. Colson,
A5030744203,Kanaya Malakar,Kanaya Malakar,https://orcid.org/0000-0002-3418-4034
A5030774998,Anna G. Sombrio,Anna G. Sombrio; Anna Sombrio,
A5031644675,A. Weiss-Wendt,ANTON WEISS‐WENDT; A. Weiss‐Wendt,
A5031675879,K. C. Chang,Kai Cheh Chang; K. C. Chang,
A5031778823,Galina Zolotusky,Galina Zolotusky; G Zolotusky,
A5032124504,Keridwen N. Luis,Keridwen N. Luis,
A5032735222,D. Mladenov,D. Mladenov,
A5032773991,Christine M. Garfink,C Garfink; Christine M. Garfink,
A5033253641,Dimokritos Stamatakis,Dimokritos Stamatakis,
A5034002459,Alex T. Stern,Alex T. Stern,
A5034217435,Zoe Pringle,Zoe A. Pringle; Zoe Pringle,
A5034290360,Yuejiao Zheng,Yuejiao Zheng,
A5035211637,Yudan Ding,Yuanzhuo Ding; Y Ding; Yudan Ding,
A5035576249,G. Roberts,Geoff Roberts; G. Roberts,
A5035653563,Rebecca A. Schoer,Rebecca Schoer; R. Schoer; Rebecca A. Schoer,
A5036953582,Moses Kim,Moses Kim,
A5037679583,Liora Norwich,Liora S. Norwich; Liora Norwich,
A5038277587,Emma McGuirk,Emma McGuirk; Emma R. McGuirk; E. R. McGuirk,
A5038560446,UJITHA M. DASSANAYAKE,Ujitha M. Dassanayake; Ujitha Dassanayake; U. Dassanayake,
A5040835958,Matthew D. Linton,Matthew D. Linton,
A5041092636,Alex Lưu,Alex Lưu,https://orcid.org/0000-0003-1393-6791
A5041151194,A. Dushkin,A. Dushkin; Andrey Dushkin,
A5042307481,K. Nagai,K. Nagai,
A5043147537,Arnab Datta,Arnab Datta,https://orcid.org/0000-0002-7474-1720
A5044452236,Awo Osei-Anto,Awo Osei‐Anto,
A5044808990,Jeffrey P. Mumm,Jeffrey P. Mumm,
A5045727281,April L. French,April French; April L. French; April Lynn French; April L. French,https://orcid.org/0000-0003-3021-1792
A5046185078,S. Apsell,S. Apsell; S. P. Apsell,
A5046633978,Charmian McIntyre,Charmian McIntyre; Charmian C. McIntyre,
A5047156682,Jason Yoon,J.T.Yoon; Jason Yoon,
A5047208483,R.S. Edayathumangalam,Raji S. Edayathumangalam; R.S. Edayathumangalam; R. Edayathumangalam; Raji Edayathumangalam,
A5047837063,Ashley E. Wilson,Ashley E. Wilson; A.E. Wilson,
A5048067377,Henrietta Hung,Henrietta Hung; Henrietta J. Hung,
A5049183027,Jan Qiu,Jan Qiu,
A5049367264,S. Chen,S. Chen,
A5049421690,M.A. Jarema,M.A. Jarema; M. A. C. Jarema,
A5049543252,Ian Moura,I. Moura; Ian Moura,https://orcid.org/0000-0001-8135-1096
A5050973220,Anne Ehret,Anne Ehret; A Ehret,
A5051040065,Eugene Z. Kim,Eugene Z. Kim,
A5051749050,Magnus E. Bjornsson,M.E. Bjornsson; Magnus E. Bjornsson,
A5051780493,Jui Wei Chien,Jessie Chien; Jui Wei Chien; J. Chien; J. W. Chien,https://orcid.org/0000-0002-8483-5771
A5052052494,Moises Lino e Silva,Moises Lino E Silva,
A5052523041,Charles Ingersoll,C. A. Ingersoll; Charles Ingersoll,
A5053121053,Vivian Solana Moreno,Vivian Solana Moreno,
A5053132301,Ashley E. Brammer,Ashley E. Brammer,
A5053347524,Emily S. Kolker,Emily S. Kolker; Emily Kolker,
A5053417944,M. Tabata-Kelly,M. Tabata‐Kelly,
A5053425392,Kelsey C. Anthony,Kelsey C. Anthony; Kelsey Anthony,
A5053547101,Stephen E. Baldwin,Stephen E. Baldwin,
A5053606905,Jeffrey C. Hall,J C Hall; Jeffrey C. Hall,
A5054483140,Reuven Kaminer,Reuven Kaminer,
A5055222325,J. Burnotte,J. Burnotte,
A5055310458,Hillel I. Sims,Hillel I. Sims,
A5056018968,Michelle Weiner,M Bakur Weiner; Michelle Weiner,
A5056223894,Si-wei JU,S G Ju; Siwei Ju; Shaowen Ju; Si‐wei JU,
A5056557312,Kaylee Stewart,Kaylee Stewart,
A5056576704,Vicki Melchior,Vicki Melchior; V Melchior,
A5059513387,I. Marko,I. Marko; Ingrid Marko,
A5060336380,Lorrie. Comeford,Lorrie. Comeford; Lorrie L. Comeford; L. COMEFORD,
A5061335513,Kazunori Miyamura,K Miyamura; Kazunori Miyamura,
A5061408219,Sara Pollak,Sara A. Pollak; Sara Pollak,
A5061553522,Della M. Hughes,Della M. Hughes,
A5062221486,Jasmine Temple,Jasmine Temple,
A5063017416,Michael Walden,M.P. Walden; Michael Walden; M. Walden,
A5063792719,Benjamin Hancock,Benjamin R. Hancock; Benjamin Hancock,
A5064040745,Roberto S. Salva,Roberto S. Salva,https://orcid.org/0000-0001-6106-1382
A5064403574,David M. Santucci,David M. Santucci; David Santucci,
A5064868290,Krzysztof W. Pankiewicz,Krzysztof W. Pankiewicz; K. W. Pankiewicz,
A5066052869,Sybil T. Lockhart,Sybil T. Lockhart,
A5066307346,Leslie A. McArthur,Leslie A. McArthur,
A5066713919,Brian Fair,Brian James Fair; Brian Fair,
A5066768564,Dorothy Shamonsky,Dorothy Shamonsky; Dorothy J. Shamonsky,https://orcid.org/0000-0003-0854-4849
A5067097465,Brit Rohnes,Brit Rohnes; B. Rohnes,
A5067109028,C E Fricks,Carl Fricks; C E Fricks,
A5067971598,Brandie J. Kovaleski,Brandie J. Kovaleski; Brandie Kovaleski,
A5068009331,Peter Fisher Epstein,Peter Fisher Epstein,https://orcid.org/0000-0003-1553-0795
A5068097492,Eliane Tschaen Barbieri,Eliane Tschaen Barbieri,
A5068774597,Louis J. Riceberg,L J Riceberg; Louis J. Riceberg,
A5070116234,Olivia S. Leland,Olivia S. Leland; Olivia Leland,https://orcid.org/0009-0007-2632-9647
A5070138063,Jonah Price,J. Newell Price; J. Price; Jonah Price,
A5070231509,Olena Bagno,Olena Bagno,
A5070553412,Wanbing Zhang,Wanbing Zhang,
A5071647784,Daniel T. N. Chen,Daniel T. N. Chen; Daniel T.‐N. Chen,
A5071781845,Faith I. T. Ferguson,Faith Ferguson; Faith I. T. Ferguson; Faith I. Ferguson,
A5072810275,Sarah J. Serbun,Sarah J. Serbun,
A5073671532,Kenneth R. Leslie,Kenneth R. Leslie,
A5074156661,Ryan M. O’Leary,Ryan M. O'Leary; Ryan M. O’Leary,https://orcid.org/0000-0003-1042-0466
A5074902460,Sally E. Hager,Sally E. Hager,
A5074932642,Krisztian Gado,Krisztian Gado,
A5075379813,F Fitzgerald,F Fitzgerald; Françis A. J. Fitz‐Gerald,
A5078588619,Jan‐Philipp Spies,Jan‐Philipp Spies,
A5079324274,Kacy Ninteau,Kacy Ninteau,https://orcid.org/0000-0002-4687-223X
A5079743633,Emi T. Kullberg,Emi Kullberg; Emi T. Kullberg,
A5080087994,Y. Yao,Y. Yao,
A5080298333,J. R. Carter,J. R. Carter,
A5080685275,Adam DeCosta,Adam DeCosta,https://orcid.org/0000-0003-2652-8367
A5082654341,Esther Ryvkina,E. Ryvkina; Esther Ryvkina; E RYVKINA,
A5082938707,Jamie Kugler,Jamie Kugler; J. L. Kugler,
A5083200365,Leah Shapiro,Leah Shapiro; L. М. Shapiro,
A5083270703,K. O'connor,K. O'connor,
A5083418777,S. Xie,S. Xie,
A5084677515,Rachel S. Madsen,Rachel S. Madsen,
A5084939222,S. Altman,S. Altman; Senators Altman,
A5085707553,William B. Dahl,W. Dahl; William B. Dahl; William Dahl,https://orcid.org/0000-0001-9918-5938
A5086085091,Taro Tanimoto,T. Tanimoto; Taro Tanimoto,
A5086170981,Michael A. Sennett,Michael A. Sennett,https://orcid.org/0000-0001-5660-4231
A5086171695,Kristen M. Turpin,Kristen M. Turpin; Kristen Meylor Turpin,https://orcid.org/0000-0002-2707-4830
A5086703496,Cassandra N. Berman,Cassandra Nicole Berman; Cassandra N. Berman,
A5090327158,Alex Luu,Alex Luu,
A5090496827,Avinaash Subramaniam,Avinaash Subramaniam,https://orcid.org/0000-0003-1670-7054
A5091248090,Amanda Ames,Amanda Ames,https://orcid.org/0000-0001-7105-6210
A5091641133,Phoebe Kazdin Schnitzer,Phoebe Kazdin Schnitzer,
A5091804808,Joseph D. Berman,Joseph David Berman; Joseph D. Berman; Joseph Berman,
A5093265366,Ioannis Valoumas,Ioannis Valoumas,
A5093868477,Jack Garbus,Jack Garbus,https://orcid.org/0009-0004-5494-0038
A5094440139,Do Babies,Do Babies,
A5094634307,Gianfranco Facco,Gianfranco Facco,
A5094634308,Bonetti Honorable,Bonetti Honorable,
A5101608530,Sheena Thomas,S.M. Thomas; Sheena Thomas,https://orcid.org/0000-0001-8434-545X
A5102184407,Matt Newman,Matt Newman,
A5102266709,Nicholas K. Clark,Nicholas K. Clark,
A5102908721,Ella Tuson,Ella Tuson,https://orcid.org/0000-0002-4297-6322
A5102936785,Thomas A. Hansen,Thomas A. Hansen; T. Hansen; Thomas Hansen,https://orcid.org/0000-0002-7950-8039
A5103064501,Daniel H. Zhou,Daniel H. Zhou; Daniel Zhou,https://orcid.org/0009-0008-7555-7918
A5103608895,L. Bianchini,L. Bianchini,
A5103754415,M. Germán Díaz,MM Diaz; M. Germán Díaz; M.G. Díaz,
A5104355649,Philip A. St. John,P Amara John; Philip A. St. John; P.A. John,
A5105272153,N. Skvorodnev,N. Skvorodnev,
A5105504117,D. Pomeroy,D. Pomeroy,
A5105539852,K. O'Connor,K. O'Connor,
A5105705604,K. O’Connor,K. O’Connor,
A5105707844,Andrew Sawyer,Andrew J. Sawyer; Andrew Sawyer,
A5105782516,K. Zengel,K. Zengel,
A5105868385,N. Miladinovic,N. Miladinovic,
A5105933428,M. Kirk,M. Kirk,
A5106023526,Julie Schmidt,Julie Schmidt; Julie A. Schmidt,
A5106224298,L. Spencer,Lia Spencer; L. Spencer; L J Spencer,https://orcid.org/0009-0001-4991-7376
A5106266752,Giovanni Motta,Giovanni Motta; G E Motta,
A5106725871,N. Miladinovic,N. Miladinovic,
A5106941871,Zilin Luo,Zilin Luo,
A5107063634,Verena Herget,Verena Herget,
A5107884066,P. Zhang,P. Zhang,
A5107900976,Z. M. Schillaci,Z. M. Schillaci,
A5107909908,Z. M. Schillaci,Z. M. Schillaci,
A5107942113,P.A. Erland,P.A. Erland,
A5108093603,S. Gozpinar,S. Gozpinar,
A5108247442,Leandro Lombardi,L. Lombardi; Leandro Lombardi,
A5108432943,Wai-Ying Leung,W.‐Y. Leung; Wai‐Ying Leung,
A5108863348,Saptorshi Ghosh,Saptorshi Ghosh,https://orcid.org/0009-0007-4389-6651
A5109134842,G. DeZorzi,G. Dezorzi,
A5109637478,Sophia Reiss,S. Reiss; Sophia Reiss,
A5109968641,Dagmar Ringe,Dagmar Ringe; D Ringe,
A5110155734,James V. Weber,James V. Weber,
A5110200798,N. Skvorodnev,N. Skvorodnev,
A5110210376,F. Kayumov,F. Kayumov,
A5110273614,Barry L. Adams,Barry L. Adams,
A5110278574,Gung‐Wei Chirn,Gung‐Wei Chirn,
A5110428317,L. Kirsch,L. Kirsch,
A5110725099,E. J. Hajic,Eva Hajič; E. J. Hajic,
A5110952410,Alexander Kaye,Alexander Kaye,
A5111010062,H. Chen,H. Chen,
A5111556000,Tzyy-Chyau Liang,Tzyy‐Chyau Liang,
A5111704699,R Abrahams,R Abrahams; Ronald H. Abrahams,
A5111821821,Juanhui Xie,Juanhui Xie; J. Xie,
A5112066254,P. Abraham,Preethi Susan Abraham; P. Abraham,
A5112110890,Yang Wei,Yang Wei,
A5112131467,Y.M. Abbas,Y.M. Abbas,
A5112408398,B. D. SONG,B. D. SONG; Bo‐Kyoung Song,
A5113469866,B. Bablouzian,B. Bablouzian; Barkev Bablouzian,
A5113486030,L. Kirsch,L. Kirsch,
A5113494712,F. B. HASAN,F.B. Hasan; F. B. HASAN,
A5113518002,Faith L. Smith,Faith L. Smith,
A5114011065,James Duffy,James Duffy; James P. Duffy,
A5114215026,Tan Gao,Tan Gao,
A5000193821,Cori M. Kautz,Cori M. Kautz,
A5000341718,Vladimir V. Feschenko,V V Feschenko; Vladimir V. Feschenko,
A5001574354,Jing Huang,J. Sonia Huang; Jing Huang,https://orcid.org/0000-0003-3397-4891
A5001640532,Alva D. Dillon,Alva Dillon; Alva D. Dillon,https://orcid.org/0000-0001-5259-2392
A5001664246,Sylvan S. Schweber,S. S. Schweber; Sylvan S. Schweber,
A5001698949,Sarvesh Uplap,Sarvesh Uplap,https://orcid.org/0009-0008-2304-5064
A5001932164,Janice Velos,Janice Velos,
A5002273326,M. NITAY,Miriam Nitay; M. Nitay,
A5002375395,Jennifer J. Wicks,Jennifer J. Wicks,https://orcid.org/0000-0003-0887-8611
A5002546702,Andrew W. Holowinsky,Andrew Holowinsky; Andrew W. Holowinsky,
A5002890103,Mingxin Ding,Mingxin Ding,https://orcid.org/0000-0002-4296-5033
A5003298990,Grace Tien,Grace Tien,https://orcid.org/0000-0002-5381-4871
A5003651989,Neil Friedman,N B FRIEDMAN; Neil Friedman,
A5003919766,S. Cho,S. Cho,
A5004356682,Antonio Pereira,A. B. Pereira; Antonio Pereira,
A5004811966,My Le,My Le,
A5005070191,Maria R. Palacios,Maria R. Palacios,
A5005266638,J. A. Pirog,J. A. Pirog,
A5005382728,Chris Hoefler,C. Hoefler; Chris Hoefler,
A5005516613,José L. Agosto Rivera,Jose Rivera; José Rivera; José L. Agosto Rivera,
A5005867687,N. Brawn,N. M. BRAWN; N. Brawn; N.M. Brawn,
A5007295393,Jean-Louis Romanet Perroux,Jean‐Louis Romanet Perroux,
A5007917791,George Van Kollias,G. Van Kollias; George Van Kollias,https://orcid.org/0000-0002-5538-9469
A5009866159,Mayumi Shibuya,Mayumi Shibuya,
A5010366984,Martha A. Erickson,M.A. Erickson; Martha A. Erickson,
A5010792631,Madalina Georgescu,Madalina Georgescu,
A5011016441,Rebecca Herrington,Rebecca Herrington,
A5011636540,Cortney Evans,Cortney Evans,
A5011905227,Megan Pamela Ruth Madison,Megan Pamela Ruth Madison; Megan Madison,https://orcid.org/0000-0002-9493-5303
A5013374311,J. Moulai,Javad Moulai; J. Moulai,
A5013478367,Alexandria Vasquez,Alexandria Vasquez,
A5013915214,R. Studley,R. Studley,
A5013944706,Danna M. Zeiger,Danna M. Zeiger,
A5014404839,Stanley Tam,Stanley Tam; S. Tam; S S Tam,
A5014605967,Irina E. Vainberg,I E Vainberg; Irina E. Vainberg,
A5014836745,K. Hara,K. Hara,
A5015698210,Jacqueline L. Naffin-Olivos,Jacqueline L. Naffin‐Olivos,https://orcid.org/0000-0002-3356-2419
A5016018525,Samuel B. Greene,Samuel B. Greene,https://orcid.org/0009-0003-2506-9012
A5016232586,Vicki L. Wolff-Long,V.L. Wolff‐Long; Vicki L. Wolff‐Long; Vicki Wolff‐Long,
A5016613217,Sonia N. Steinberg,Sonia N. Steinberg; Sonia Steinberg,
A5016689852,Julie Yiu,Julie Yiu,
A5017220775,Amy Booxbaum,Amy Booxbaum,
A5017529685,Meisui Liu,Meisui Liu,
A5017871280,Kimberly H. O'Donnell,K H O'Donnell; Kimberly H. O'Donnell,
A5017913396,Emily Jane Stadnicki,Emily J. Stadnicki; Emily Jane Stadnicki,https://orcid.org/0009-0000-5280-6047
A5018229953,Chandra L. Murphy,Chandra L. Murphy; Chandra Murphy,
A5018889976,Andrea G. Brear,Andrea G. Brear,
A5019037108,Lilly Ostrovsky,Lilly Ostrovsky,
A5019138245,Mingxi M. Song,Mingxi Max Song; Mingxi M. Song,
A5019310249,Raymond Albert,Albert Raymond; Raymond Albert,
A5019776847,Patrick Brown,P. A. R. Brown; Patrick Brown,
A5020309855,Juliet Gryspeerdt,Juliet Gryspeerdt,
A5020721307,Stephen J. Gendzier,S. J. GENDZIER; Stephen J. Gendzier,
A5020734922,Bob E. Stout,Bob E. Stout; Bob Stout,
A5020955384,Victoria Sorrentino,Victoria Sorrentino; Victoria A Sorrentino,https://orcid.org/0000-0002-7967-6040
A5021885897,Matthew Beverly,Matthew Beverly,
A5022745384,Siobhan Gartland,S Gartland; Siobhan Gartland,https://orcid.org/0000-0002-3653-6961
A5023331627,Geraldine R. Keith,Geraldine R. Keith; Geraldine Keith,
A5023580607,Kelly Flavahan,Kelly Flavahan,
A5023677131,Jennifer X. Li,Jennifer X. Li,
A5023755324,Kate B. Fitzpatrick,Kate B. Fitzpatrick; Kate Fitzpatrick,https://orcid.org/0009-0002-4389-1969
A5023855712,ANTOINETTE SCHOAR,ANTOINETTE SCHOAR,
A5024411893,Joseph F. Gerstein,Joseph F. Gerstein; J Gerstein,
A5024462012,Alejandra Gonzalez,A. Gonzalez; Alejandra Gonzalez,https://orcid.org/0000-0001-6483-5005
A5024988295,Y. Cheng,Y. Cheng,
A5025512132,Mark A. Bourjaily,Mark A. Bourjaily; Mark Bourjaily,
A5028379392,Cori Posner,Cori Posner,https://orcid.org/0000-0002-8577-8406
A5029330368,Alexander C. Mitchell,Alexander C. Mitchell,
A5029414041,T.R. Cass,T.R. Cass,
A5029706595,Allison Stagg,Allison Stagg,
A5029726019,G. M. Carrow,G. M. Carrow; GM Carrow,
A5030187040,Eve Saucier,Eve Saucier,
A5030336191,Claire A. Symanski,Claire A. Symanski,
A5030542337,Bjorn Levi Gunnarsson,Bjorn Levi Gunnarsson,
A5030631561,S. E. Corrette,S. E. Corrette; S Corrette,
A5030929458,Elizabeth M. Slayter,Elizabeth M. Slayter; Elizabeth Maclean Slayter,
A5030989932,Joseph Desomogyi,Joseph Desomogyi,
A5031016566,Rachel Fish,R. C. Fish; Rachel Fish,
A5033652246,Christian D. Swinehart,C SWINEHART; Christian D. Swinehart,
A5034859636,Thomas G. McCauley,Thomas McCauley; Thomas G. McCauley,
A5035057247,Diane Martell,Diane R. Martell; Diane Martell,
A5035728485,Jordyn L Cowan,J. Cowan; John Cowan; Jordyn L Cowan; J. E. Cowan,
A5037633240,Ira Gerstein,Ira Gerstein; Gerstein Ira,
A5038193974,Lynn Schlesinger,L. SCHLESINGER; Lynn Schlesinger,
A5038859361,Danny Daniel Mollericona Alfaro,Danny Daniel Mollericona Alfaro Brandeis; Danny Daniel Mollericona Alfaro,https://orcid.org/0000-0002-9926-9872
A5038885086,Randall S. Geller,Randall S. Geller,
A5038933592,Theodore L. Shay,Theodore L. Shay; Theodore Shay,
A5039249612,Margarete Wells,M. Wells; Margarete Wells,
A5040398217,R. William Lusenhop,R. William Lusenhop,
A5040468655,F. William Abbate,F. W. Abbate; F. William Abbate,
A5040756786,M.J. Feldman,Matthew Feldman; M. Feldman; M.J. Feldman,
A5040794988,H. K. Peterson,H. Kenneth Peterson; H. K. Peterson,
A5040828027,Jason Lappé,J LAPPE; J. T. Lappe; Jason Lappé,
A5041381597,Eva Marie Stahl,Eva Ståhl; Eva Marie Stahl; E Ståhl,
A5041831360,Neil J. Ritter,Neil J. Ritter,
A5042480925,Martha R. Bethell,Martha R. Bethell; M R Bethell,
A5042491901,Carly C. KleinStern,Carly C. KleinStern; C. C. Kleinstern,
A5042533733,Jill Tetreault,Jill Tetreault; J.C. Tetreault,
A5042755550,Mark Hutchens,Mark Hutchens,
A5042781820,Jeremy Krell,Jeremy Krell; J Krell,
A5043145177,Karola Wolff,Karola Wolff; K. H. Wolff,
A5044041836,James A. Wareing,JAMES WAREING; J. A. WAREING; James A. Wareing,
A5044790345,Zhou Zhiqi,Zhiqi Zhou; Zhou Zhiqi,
A5044807973,Lakshmi Venkataraman,Lakshmi Venkataraman,
A5045004273,Ora S. Rogovin,Ora Rogovin; O. Rogovin; Ora S. Rogovin,https://orcid.org/0000-0001-8423-2332
A5045069288,Susan L. Stoops,Susan L. Stoops,
A5045859267,Chansik Kim,C. Kim; Chansik Kim,https://orcid.org/0000-0002-0043-0276
A5046575846,Ryan T. Cullinane,Ryan T. Cullinane,
A5047531181,M. H. Zaidi,M. H. Zaidi,
A5047796116,W.C. Phillips,W.C. Phillips,
A5048500293,Laura Borriero,Laura Borriero; L Borriero,
A5049085605,Jane Y. Kiselgof,Jane Y. Kiselgof; J. Y. KISELGOF,
A5049201940,Jui-Jen Wang,Jui‐Jen Wang,
A5050079979,Laurie Chen,L. Chen; Laurie Chen,
A5050271381,Mason J. Towne,Mason J. Towne,
A5051660785,Davia Schioppo,Davia Schioppo; Davia A. Schioppo,https://orcid.org/0000-0003-1828-3611
A5052258533,Erin L. Devine,Erin L. Devine,
A5052401115,D.L. Kellenberger,Daniel L. Kellenberger; D.L. Kellenberger,
A5052888498,Melissa Chesarone-Cataldo,Melissa Chesarone‐Cataldo,
A5053349249,Anna Kazatskaya,Anna Kazatskaya,
A5053821470,D Wang,D Wang,
A5055125764,Chi-Yu Hu,Chi‐Yu Hu; C. Hu; C. ‐K. Hu,
A5055420902,Douglas L. Hink,Douglas L. Hink; D. L. HINK,
A5056204696,Kenroy G. Granville,K. Granville; Kenroy G. Granville; Kenroy Granville,
A5057310541,Russell W. Hereford,R W Hereford; Russell Hereford; Russell W. Hereford,
A5057519595,Susan Feinman Houghton,Susan Houghton; S Houghton; Susan Feinman Houghton; Susan F. Houghton,
A5057684119,Morton L. Barr,Morton L. Barr,
A5058199452,B. Ronish,B. Ronish; Bonnie Ronish,
A5058249073,Lydia Cox,Lydia Cox,
A5058720156,Salma Mohammed,Salma Mohammed; S Mohammed; Salma Obaid Mohammed,
A5058790121,MT Barros,MT Barros; M A F Barros,
A5058956084,S. Haas,S. Haas,
A5058989922,Brya Gross,Brya Gross; B. Gross,
A5059060022,Melanie J. Kingsley,Melanie J. Kingsley,
A5059101565,Ricky Baggio,Ricky Baggio; R. F. Baggio; R. BAGGIO,
A5059332804,Sivan Rajuan Shtang,S. Rajuan Shtang; Sivan Rajuan Shtang,https://orcid.org/0000-0001-6819-6909
A5059351100,Zechuan Zhao,Zechuan Zhao,
A5059663718,David G. Wedaman,David Wedaman; David G. Wedaman,
A5059746125,Maria C. Genco,Maria Genco; Maria C. Genco,
A5060648895,J. Deerinck Thomas,Joseph Thomas; J. Deerinck Thomas,
A5060778440,Emily Reber,E Reber; Emily Reber,
A5061100889,Jacob D. Mardovin,Jacob D. Mardovin,
A5061126652,Kim R. Thorup,Kim R. Thorup,
A5061161756,Jayaseetha Rau,Jayaseetha Rau,
A5061628081,Christopher L. Nagle,C. NAGLE; Christopher Nagle; Christopher L. Nagle,
A5062723372,Natasa Kravchenko,N. Kravchenko; N. I. Kravchenko; Natasa Kravchenko,
A5063205501,Kung-Yue Wu,Kung‐Yue Wu; K. K. Wu,
A5063522784,Thomas Cottle,T Cottle; Thomas Cottle,https://orcid.org/0000-0002-3640-3894
A5063708233,Goldburn P. Maynard,Goldburn P. Maynard,
A5064121012,Kristina Galatsis,Kristina Galatsis,
A5064613968,Claire Martel,Claire Martel,
A5064752759,Attapol Thamrongrattanarit,Attapol Thamrongrattanarit,
A5064931782,S. M. Zucker,Sam Zucker; S. M. Zucker,
A5065413821,Kerri L. Rossi,Kerri L. Rossi,
A5066067318,Robin A. Akerstrom,Robin A. Akerstrom,
A5066283017,Alexander J. Kinney,Alexander Kinney; Alexander J. Kinney,https://orcid.org/0000-0003-2446-3133
A5066931585,Cheri A. Quickley,Cheri A. Quickley; C. A. QUICKLEY,
A5067450743,Sophia Adame,Sophia Adame,
A5067537302,Josh Introne,J.E. Introne; Josh Introne,
A5067550720,Asaf Reich,Asaf Reich,
A5068201111,Patricia Raney,Patricia Raney; P. Raney,
A5069479782,E. Briefel,Ellen Briefel; E. Briefel,
A5069852411,Joshua W. Fost,Joshua W. Fost; Joshua Fost,
A5069863599,Rosalie E. Katchen,Rosalie Katchen; Rosalie E. Katchen,
A5070075713,Erika Bodenheimer,Erika. Bodenheimer,
A5070090117,Harith Hasan Al­‐Qarawee,Harith Hasan Al‐Qarawee; Harith Hasan Al­‐Qarawee,
A5070643306,Candi Ramos,Candi Ramos,
A5071115421,Gayun Chan,Gayun Chan,
A5071346171,Serena David,Serena David; Serena S. David; S David,https://orcid.org/0000-0003-3175-326X
A5071398710,S. Ilan Troen,S. Ilan Troen,
A5071778520,Paul Hamrick,Paul Albert Hamrick; Paul Hamrick,
A5071792476,Zita Dixon,Zita Dixon,https://orcid.org/0000-0003-3145-9597
A5072442818,Marie Adams,Marie Elizabeth Adams; Marie Adams,
A5072954882,Alison Angell,Alison Angell,
A5073016614,Kathleen Dennehy,Kathleen Dennehy; Kathleen M. Dennehy,
A5075072389,Harry James Wignall,Harry James Wignall; Harry J. Wignall,
A5075347626,Karen R. Tyo,Karen R. Tyo; Karen Richards Tyo,
A5075454180,Kendall Harsch,Kendall Harsch,
A5075511115,Samantha Leonard,Samantha Leonard,https://orcid.org/0000-0002-3983-4470
A5075536405,J. R. Lackner,JR Lackner; J. R. Lackner,
A5075539071,Thomas Li,T. J. Li; Thomas Li,
A5076691972,Kathleen C. Maigler,Kathleen C. Maigler; Kathleen Maigler,https://orcid.org/0000-0001-8972-1178
A5076988440,Ruocong Tang,Ruocong Tang; Ruo‐Cong Tang,https://orcid.org/0000-0003-4848-4107
A5077402891,J. Chen,J. Chen,
A5077679032,Nomi Sofer,Nomi Sofer,
A5078389583,Anna Vijayan,Anna Vijayan,
A5078454092,Robbie Dembo,Robbie Dembo; R. Dembo,
A5079074013,Nwakaso N. Umejiego,Nwakaso N. Umejiego,
A5079114619,Ruoyu Guo,Ruoyu Guo,
A5079667806,Alexandra Piñeros Shields,A. Shields; Alexandra Piñeros Shields,https://orcid.org/0000-0002-9443-4875
A5080180933,Susannah S. Adel,Susannah S. Adel,https://orcid.org/0000-0002-9216-3979
A5080593277,Helaina J. Lehrer,Helaina J. S. Lehrer; Helaina J. Lehrer; H. Lehrer,
A5081537342,W. Woods Christopher,W. Woods Christopher; Wade‐Martins Christopher,
A5081969355,Linda M. Buckley,L M Buckley; Linda Buckley; Linda M. Buckley,
A5082034355,Creston F. Jamison,Creston F. Jamison,
A5082263636,Joel Herman,Joel Herman,
A5082826074,J. Bloustine,J. Bloustine; Joshua David Bloustine,
A5082967957,Wing-Kee Man,W.‐K. MAN; Wing‐Kee Man; W. K. Man,
A5083259389,James D. Stoesz,James D. Stoesz,
A5084080277,Ross Shaull,Ross Shaull,
A5084495783,Ariella Deem,Ariella Deem,
A5084705099,S M Wiener,Scott Wiener; S. M. Wiener,
A5084993754,Joseph G. O'Connor,Joseph G. O'Connor; J. G. O'CONNOR,
A5085448443,Muna Güvenç,M. Güven Güvenç; Muna Güvenç,https://orcid.org/0000-0001-9707-0934
A5085471567,Sara Chaganti,Sara Chaganti,
A5085528225,Catherine J. Robbins,Catherine J. Robbins,
A5085708518,Sarah J. Halford,Sarah J. Halford,https://orcid.org/0000-0001-5173-4686
A5086120368,Jean Bernard Hishamunda,Jean Bernard Hishamunda; Jean B. Hishamunda,
A5086126779,Albert E. Murray,Albert E. Murray,
A5086531050,Gabrielle J. Dugas,Gabrielle J. Dugas; Gabrielle Dugas,
A5086563627,Donald Francis Durocher,Donald F. Durocher; Donald Francis Durocher; Donald Durocher,
A5086580688,Lauren Crosser,Lauren Crosser,https://orcid.org/0000-0003-1161-7869
A5086820478,Efrat Eilat,Efrat Eilat,
A5087038288,Jacob Burg,Jacob Burg,
A5087199997,Denise Burke Aske,Denise Aske; Denise B. Aske; Denise Burke Aske,https://orcid.org/0000-0001-7486-837X
A5087290855,M. Soares-Santos,M. Soares‐Santos,
A5088386364,Malavika A. Nair,M. Nair; Malavika A. Nair; Ms. Divya Nair,
A5089084625,Melinda D'Ippolito,Melinda D'Ippolito,
A5089925785,Ludmilla Kolmakova-Partensky,Ludmilla Kolmakova‐Partensky; L. Kolmakova‐Partensky,
A5090034265,Nechama Sammet Moring,Nechama Sammet Moring,
A5090820484,J. Lightbody,J. E. Lightbody; J. Lightbody; James Lightbody,
A5091414409,Sherry Israel,Sherry Israel,
A5091636185,HE Yan-ni,HE Yan‐ni,
A5092703176,Paul R. Flohr,Paul R. Flohr; Paul Flohr,
A5094439935,John Badgley,John Badgley,
A5094674678,Nazli Kibria,Nazli Kibria,
A5094808132,Yusof Ishak,Yusof Ishak,
A5095010190,Naomi Chazan,Naomi Chazan,
A5099537812,J Witkowski,J Witkowski,
A5101190992,Dorothy Kim,Dorothy Kim,
A5101699012,Thư Lê,Thư Lê; Thu Vân Lê; Thu Le,https://orcid.org/0000-0002-9365-338X
A5102167423,Nikhil Goyal,Nikhil Goyal,
A5102497115,Anne Joseph,Anne Joseph; Anne M. Joseph,
A5102510191,Liang Minglin,Liang Minglin,
A5103051253,K Mani,Kevin Mani; K. Mani,https://orcid.org/0000-0002-7883-8351
A5103586655,Jeff Herman,Jeff Herman,
A5104069719,Rebecca Barton,Rebecca Barton,
A5104077350,DS Shepard,DS Shepard,
A5104718584,Franc ̧ois-Xavier,Franc ̧ois‐Xavier,
A5105179970,G. Amundsen,G. Amundsen,
A5105216057,H. Wellenstein,H. Wellenstein,
A5105225592,S. Pospisil,S. Pospisil,
A5105238595,G. Sciolla,G. Sciolla,
A5105263095,N. Skvorodnev,N. Skvorodnev,
A5105296240,H. Wellenstein,H. Wellenstein,
A5105342320,D. Partos,D. Partos,
A5105625129,G Sciolla,G. Sciolla,
A5105782532,S. Gozpinar,S. Gozpinar,
A5105936101,K. Zengel,K. Zengel,
A5106182752,M. Kirk,M. Kirk,
A5106439327,Zi Long,Zi Long,
A5106459221,A. Venturini,A. Venturini,
A5106459481,K. Zengel,K. Zengel,
A5107174634,Maximilian Goblirsch-Kolb,Maximilian Emanuel Goblirsch‐Kolb; Maximilian Goblirsch‐Kolb,
A5107253664,J. F. C. Wardle,J. F. C. Wardle,
A5107397112,A.L. Moreira De Carvalho,A.L. Moreira De Carvalho,
A5107833363,L.E. Kirsch,L.E. Kirsch,
A5107871848,G. Amundsen,G. Amundsen,
A5107903214,S. Shrestha,S. Shrestha,
A5107912681,M. Goblirsch-Kolb,M. Goblirsch‐Kolb,
A5107915774,G. Sciolla,G. Sciolla,
A5107924737,S. Solomon,S. Solomon,
A5107943001,P. Riedler,P. Riedler,
A5108142114,D. T. Zenger,D. T. Zenger,
A5108321208,Naixuan Zhao,Naixuan Zhao,
A5108616957,Sangeetha Sriram,Sangeetha Sriram,
A5109147633,Yi‐Qun Shi,Yi‐Qun Shi,
A5109449674,Sari B. Samuels,Sari B. Samuels,
A5109523487,Joseph Vasey,Joseph Vasey,
A5109562518,Gregory A Petsko,Gregory A. Petsko,
A5109695279,Evelyn Keefer,Evelyn Keefer,
A5109814457,L. Kirsch,L. Kirsch,
A5110026098,Wm. P. Jencks,Wm. P. Jencks,
A5110027991,Carolyn Cohen,Carolyn Cohen,
A5110084610,Steve Fournier,Steve Fournier,
A5110127292,B. Clark,B. Clark; B.O. Clark; Bob Clark,
A5110229466,Jeffrey C Hall,Jeffrey C Hall,
A5110466095,Andrea Kaiser,Andrea Kaiser; A. Kaiser; A. D. Kaiser,
A5110880909,Robert Kohn,R Kohn; Robert Kohn; Robert P. Kohn,
A5110911263,DA Wheeler,Da Wheeler,
A5111743209,M Siegel,M Siegel; Mark Siegel; M P Siegel,
A5111834730,Norimichi Kinoshita,Norimichi Kinoshita,
A5112802441,S. Brown,Stuart Gerry Brown; S. Brown,
A5112906630,Alex Bisson,Alex Bisson,
A5113052709,Sophie V Griswold,Sophie V. Griswold,https://orcid.org/0000-0003-2340-9602
A5113096808,Gurbir Arora,Gurbir Arora,
A5113970865,C W Dickey,Chad Dickey; C W Dickey,
A5000590504,Arnold D. Litt,Arnold D. Litt,
A5000706980,Huxley He,Huxley He,
A5000730094,Jennifer Meagher,Jennifer Meagher,
A5000952801,Rachel Busby,Rachel Busby,https://orcid.org/0000-0003-0268-3282
A5001381841,Lewis A. Coser,Lewis A. Coser,
A5001483793,Robin Schectman,Robin Schectman,
A5001562328,Joanne Y. Shih,Joanne Y. Shih,
A5001702998,S. Na,S. Na,
A5001960822,Alexandre Bisson,A. C. Bisson; Alexandre Bisson,
A5002405944,Peter Castle,Peter W. Castle; Peter Castle,
A5002824898,Judith K. Rosenberg,Judith Rosenberg; Judith K. Rosenberg,
A5002900257,Joanna Taylor,Joanna Taylor; Joanna Mary Therese Taylor,https://orcid.org/0009-0004-4246-5241
A5002985987,Jacob Vinay Vikas Konakondla,Jacob V. Konakondla; Jacob Vinay Vikas Konakondla; Vinay Vikas Konakondla-Jacob,https://orcid.org/0000-0003-1328-9395
A5003018296,Mary Jo Larcom,M. J. Larcom; Mary Jo Larcom,
A5003071908,Steven J. H. Chen,Steven J. H. Chen; S. J.‐H. CHEN,
A5003340507,Isabel Cepeda,Isabel Cepeda,
A5003380621,Ines Grom-Mansencal,Ines Grom‐Mansencal,
A5003728125,Grace M Cuenco,Grace M. Cuenco,
A5004152549,Zachary Lipkin-Moore,Zachary Lipkin‐Moore,
A5004833491,Hayley M. Browdy,Hayley M. Browdy,
A5005109534,Stefan Pescatore,Stefan Pescatore,
A5005412166,Padraig Niall Murphy,Padraig Niall Murphy; P.N. Murphy; Padraig N. Murphy,
A5005614072,Katherine Pruzan,Katherine Pruzan,
A5005771150,Paul Salstrom,Paul Salstrom,
A5006129473,D. N. Lobovits,D. N. Lobovits; Daniel Lobovits,
A5006711299,Darlene K. Winkelman,Darlene K. Winkelman,
A5006926668,Mary E. Farbman,Mary E. Farbman,
A5007101399,Hannah Provenza,Hannah Provenza,
A5007326214,Naren Sundararajan,Naren Sundararajan,
A5007448572,Ann Conway,Ann C. Conway; Ann Conway,
A5007908615,Sherwood C. Lewis,Sherwood C. Lewis,
A5007963459,Ruoxi W. Wang,Ruoxi W. Wang,
A5007993228,Mitchell Peran,Mitchell Peran; Mitchell J Peran,https://orcid.org/0000-0001-8341-1662
A5008595847,Shaurav Regmi,Shaurav Regmi,
A5008676142,Keith Marple,Keith Marple,
A5008676643,Patrick Tufts,Patrick Tufts,
A5008855359,Frank Rigg,Frank Rigg; F J RIGG,
A5008981240,Steven Del Signore,Steven Del Signore,
A5009899389,Kyle H. Lee,Kyle H. Lee,
A5011154639,Glenn A. Toczko,G. A. TOCZKO; Glenn A. Toczko,
A5011455047,Emma Rivellese,Emma Rivellese,
A5011563560,Elizabeth Nyamupachitu-Mago,Elizabeth Nyamupachitu‐Mago,
A5011718043,Mara Brill,Mara Brill,
A5012236179,Valérie Bettaque,Valérie Bettaque,https://orcid.org/0009-0006-9778-8341
A5012814065,Barry John Donahue,Barry John Donahue; B. Donahue,
A5013111297,Naomi Sinai,Naomi Sinai; N. Sinai,
A5013849576,Deniz Kizildag,Deniz Kizildag,
A5014059042,Jennifer Desrochers,Jennifer Desrochers,
A5014301027,Edward J. Wilkins,Edward J. Wilkins,
A5014408410,Charles J. Ciotti,Charles J. Ciotti; C. J. Ciotti,
A5015003360,Lijun Bu,Bu LiJun; Lijun Bu,
A5015780191,T. Aleksiev,Tyanko Aleksiev; T. Aleksiev,
A5016260508,Jeremy J. Ahouse,Jeremy Ahouse; J J Ahouse; Jeremy J. Ahouse,
A5016282698,Susan L. Malbin,Susan L. Malbin,
A5016504830,Martha Thompson,M. A. Thompson; Martha Thompson,
A5016624925,Anatoly Rinberg,A. Rinberg; Anatoly Rinberg,
A5017084986,Menahem Cohen,M. L. Cohen; Melissa Cohen; Menahem Cohen,
A5017614111,P.S. Steindel,Philip Steindel; P.S. Steindel,
A5017949628,J. A. Berglund,J. A. Berglund,
A5018205190,Clare Hammonds,Clare Hammonds,
A5018264238,Katarina J. Ruscic,Katarina Ruscic; Katarina J. Ruscic,
A5018490409,Sara Towsley,Sara Towsley,
A5018673992,Jennifer Genova,Jennifer Genova,
A5019064670,Ismail Ndalami Salihu,Ismail Ndalami Salihu; Ismail Ndalami Salihu,https://orcid.org/0000-0002-8405-1934
A5019163635,Tracey Seier,Tracey A Seier; Tracey Seier,
A5019166848,Natalie Chin,Natalie Chin; N.L.J. Chin,
A5020038950,Mingus Mapps,Mingus Mapps,
A5020067691,Christina Quasney,Christina Quasney,
A5020219163,Sarah K Stumper,Sarah K. Stumper,
A5020481527,G. B. Sephton,G. B. Sephton,
A5020788198,Capitman Ja,Capitman Ja,
A5020823779,Lucia Finotto,Lucia Finotto,
A5020963705,Sanjit Bose,Sanjit Bose,
A5021247907,Eilin Holtan Torgersen,Eilin Holtan Torgersen; Eilin Torgersen,
A5022252680,Travis Rogers,Travis Rogers,
A5022427652,Julia Matson,Julia Matson,
A5023266111,Samantha R. Lee,S. Lee; Samantha R. Lee,https://orcid.org/0000-0002-9225-3077
A5024155172,James Sheehy,James Sheehy; J Sheehy,https://orcid.org/0000-0001-8368-1160
A5024212524,Elizabeth A. Gifford,Elizabeth A. Gifford; Elizabeth Gifford,
A5024265977,James A. Chiarelli,James A. Chiarelli,
A5024437036,I.L. Givot,I Givot; I.L. Givot,
A5024437043,Demian Park,Demian Park,
A5025785816,Kim Godsoe,Kim Godsoe,
A5025847920,Anna Chou,Anna Chou,
A5025994184,Koshelev Elizabeth,Koshelev Elizabeth; Elizabeth Koshelev,
A5026086119,Mareshia D. Donald,Mareshia D. Donald,
A5026172503,Haim Levanon,Haim Levanon,
A5026193080,Xiaoqi Tang,Xiaoqi Tang,
A5026309452,Xiao-Chuan Cai,Xiao‐Chuan Cai,
A5026371977,Xiu Xia Sun,Xiu Xia Sun,
A5026557422,Daniel Kohn,Daniel B. Kohn; Daniel Kohn,
A5027694907,Mark Rozencwaig,Mark Rozencwaig,https://orcid.org/0009-0009-2082-4983
A5028146085,Mubarak E. Awad,Mubarak Awad; Mubarak E. Awad,
A5028211497,Adam Schwartzbaum,Adam A Schwartzbaum; Adam Schwartzbaum,
A5028222476,Isaac Paddy,Isaac Paddy; Isaac A. Paddy,https://orcid.org/0000-0002-6090-2191
A5028367146,Manlung Ma,Man‐Lung Ma; Manlung Ma,
A5028549490,Jon Schlesinger,Jon Schlesinger,https://orcid.org/0000-0003-2412-131X
A5028606086,Raíssa M Gervasio,Raíssa M Gervasio; R Gervasio,https://orcid.org/0000-0002-1510-2734
A5029067778,Bernadette Wing,Bernadette Wing,
A5029120661,J. Maryott,Jessica Maryott; J. Maryott,
A5029798216,S. S. Schweber,S. S. Schweber,
A5031176703,Simon A. Wesley,Simon A. Wesley; S. A. Wesley,
A5031275509,Elena Sapède,Elena Sapède,
A5031746343,Gloria Aldana,Gloria Aldana; G. J. Aldana,
A5032151150,Vivian Baer-Weiss,Vivian Baer‐Weiss,
A5032218343,Khuzaima Mama,Khuzaima Mama,
A5032688374,Lily Scheindlin,Lily Scheindlin; L Scheindlin,
A5033090877,René P. Gfeller,René P. Gfeller; Rene P. Gfeller,
A5033147733,N. Barash-Schmidt,N. Barash‐Schmidt,
A5033307069,Sarah Taghvai Soroui,Sarah Soroui; Sarah Taghvai Soroui; Sarah T. Soroui,https://orcid.org/0000-0002-6365-869X
A5033775130,D. Kudejira,D. Kudejira; Denboy Kudejira,
A5033845874,Daniel Acker,Daniel Acker; Daniel W. M. Acker,https://orcid.org/0000-0001-7955-0248
A5033922333,Gess Kelly,Gess Kelly,
A5034075931,Thomas Thüne,Thomas Thüne; T. Thüne,
A5034350401,Kirsten Brand,Kirsten Brand; Kirsten A. Brand,
A5035907006,Mario O. Bourgoin,Mario O. Bourgoin,
A5036176315,Joseph Rauch,Rauch Joseph; Joseph Rauch,https://orcid.org/0000-0001-9965-8045
A5036605160,Richard Gunning,Richard Gunning; R. Gunning,
A5036870180,Armine Avetisyan,Armine Avetisyan; A. G. Avetisyan; Ani Avetisyan,https://orcid.org/0000-0003-3673-6696
A5036923412,Rachel K. Carver-Brown,Rachel K. Carver‐Brown; R.K. Carver‐Brown,
A5036978465,Faigel Hc,HC Faigel; Faigel Hc,
A5037089953,Janna Kaplan,Janna Kaplan,https://orcid.org/0000-0002-0667-3308
A5037348800,David L. Post,David L. Post,
A5038393389,Milton Malcolm,Milton Malcolm; Malcolm Milton,
A5039270508,Raymond Adman,Raymond Adman; R. Adman,
A5039348012,A. W. Gray,A. Gray; A. W. Gray,
A5039591629,Allyson Livingstone,Allyson Livingstone,
A5039797549,Karishma Bulsara,Karishma Bulsara; Karishma K Bulsara,
A5039873765,Jessica Santos,Jessica Santos; Jéssica Bezerra dos Santos,
A5040709909,Eli Embleton,Eli Embleton,
A5041243748,Achilles J. Sanchez,Achilles J. Sanchez,
A5041567075,Sharon Feiman Nemser,Sharon Feiman Nemser,
A5042490557,Rafael I. Rubenstein,Rafael I. Rubenstein; Rafael Rubenstein,
A5042542765,Kathleen Keck,Kathleen Keck; K Keck,
A5043049168,Judith Feher,Judith Feher,
A5044229788,Amy Q. Li,Amy Q. Li,
A5044322153,Abeles Rh,RH Abeles; Abeles Rh,
A5044325054,Jessica K. Laufer,Jessica K. Laufer,
A5045069289,Chris Tompkins,Chris Tompkins; C. W. Tompkins,
A5045392809,Mary Lee York,Mary Lee York,
A5045447681,Judith Stauber,Judith F. Stauber; Judith Stauber,
A5045551792,Gwendolyn Carter,Gwendolyn Carter,
A5045675010,Y Kipervarg,Y. Kipervarg,
A5045686058,Yasmin Marrero,Yasmin Marrero,
A5045727815,Ludi Yang,L.‐L. Yang; Ludi Yang,
A5046112721,Jan Civian,Jan Civian; Jan T. Civian,
A5046161213,Seneca J. Scott,Seneca J. Scott; Seneca Scott,https://orcid.org/0009-0004-7591-5990
A5046323611,R. Chafel,Rebecca M. Chafel; R. Chafel,
A5046449706,Anthony Cai,Anthony Cai,https://orcid.org/0000-0001-7731-2481
A5046451284,S. Cushner,Stephen Cushner; S. Cushner,
A5046477929,Michael Applebaum,M. N. Applebaum; Michael Applebaum; M. Applebaum,
A5047473667,Micaela Kaplan,Micaela Kaplan,
A5047579694,Barbara F. Shatkin,Barbara F. Shatkin,
A5047628671,Dorothy Read Freifelder,Dorothy Read Freifelder,
A5048323856,Agnes C. Jacquier,Agnes C. Jacquier,
A5048433888,Tingdong Chen,Tingdong Chen,
A5048463096,Jonathan Neil V. Erasmo,Jonathan Neil Erasmo; Jonathan Neil V. Erasmo,
A5048722438,Megan Clough Groshek,Megan Clough Groshek,
A5048784601,Janelle Mills,Janelle Mills,
A5049203026,R. Tawel,Raoul Tawel; R. Tawel,
A5049383524,Ali Aghvami,Ali Aghvami,
A5049454003,Sirano Dhe-Paganon,Sirano Dhe‐Paganon; S. DHE‐PAGANON,
A5049662740,Tarryn E. Mcghie,Tarryn E. Mcghie; Tarryn McGhie,
A5050282005,M.H.S. Lee,Margaret Lee; M.H.S. Lee,
A5050537852,Frederick C. Gabrielson,Frederick C. Gabrielson; F. Gabrielson,
A5050580990,Bryan Andrew Lober,Bryan Andrew Lober; Bryan A Lober,
A5050610681,Anthony T. Vaver,Anthony T. Vaver,
A5051180337,Jeanne Rim,Jeanne Rim,
A5051269736,Justin Sher,Justin A. Sher; Justin Sher,
A5051717097,Benjamin H. Rosenfeld,Benjamin H. Rosenfeld,https://orcid.org/0000-0002-4820-8316
A5051987736,K.J. Marshall,Kelly Marshall; K.J. Marshall,
A5052152172,Stephan O. Nwaukwa,Stephan O. Nwaukwa; S. O. NWAUKWA,
A5052224408,Marina Haworth,Marina Haworth,
A5052262942,Katelyn R Parisi,Katelyn R. Parisi,
A5052477436,Pavel Bandarchuk,Pavel Bandarchuk,
A5052490468,DANIEL LEE CARTER,DANIEL LEE CARTER,
A5053149340,Olive Musoni,Olive Musoni,
A5054118389,Robert Lazar,Robert Lazar,
A5054985833,T. Méndez Faith,Tomislav Faith; T. Méndez Faith,
A5055224496,Arthur Green,Arthur Green,
A5055406954,M M Zaman,M M Zaman; MA Zaman,
A5055535837,Amy Singer,Amy Singer,
A5056793467,Emily A. Calobrisi,Emily A. Calobrisi,https://orcid.org/0000-0003-0575-2378
A5056909083,Joan Knudsen,Joan Knudsen; J.C. Knudsen,
A5057762654,Eddie Galvez,E.F. Galvez; Eddie Galvez; E. Galvez,
A5058166996,Y. Yang,Y. Yang,
A5058260741,Warren J. Blackstone,Warren J. Blackstone,
A5058866879,Carina Ray,Carina Ray,
A5058923467,S. Ilan Troen,S. Ilan Troen,
A5059375801,Anne Gregory,Anne Gregory,
A5059444254,zhaoxi zheng,zhaoxi zheng,
A5059654377,Anne Verbeck Sorber,Anne Verbeck Sorber; Anne Sorber,
A5060383470,Kayla M. Ladd,Kayla M. Ladd,https://orcid.org/0000-0001-5289-4729
A5060448946,Sheila Brachfeld,Sheila Brachfeld,
A5060535740,J. G. Bovarnick,Joan Givner Bovarnick; J. G. Bovarnick,
A5060891001,Joel Katcoff,Joel Katcoff,
A5060937921,B Paul,B Paul; Barry Paul,
A5061040635,John Philip Averell,J. P. Averell; John Philip Averell,
A5061513487,Trina R. Sarafi-Reinach,Trina R. Sarafi‐Reinach,
A5061577024,A.L. Wang,AiPing Wang; A.L. Wang,
A5061921257,Guillermo Narváez Paliza,Guillermo Narváez Paliza; Guillermo Narvaez Paliza,
A5062224973,Reethy Sundar,Reethy Sundar,
A5062439889,Mark R. Green,Mark R. Green,
A5062920237,Sophie Trachtenberg,Sophie Trachtenberg,https://orcid.org/0000-0002-8917-9435
A5063125822,Sean L. Cotton,Sean L. Cotton,
A5063177880,Susan A. Bangasser,Susan A. Bangasser; S Bangasser,
A5063386110,Kristine A. Mackin,Kristine Mackin; Kristine A. Mackin,
A5063730645,T. M. MILLER,Tamara Miller; T. M. MILLER,
A5063954402,Neha Koundinya,Neha Koundinya,
A5064529279,Jeanne P George,J George; Jeanne George; Jeanne P George,
A5064650378,Fenghua Dong,Fenghua Dong,
A5064671237,Dan Sfedj,Dan Sfedj,
A5064922391,Mengnan Zhu,Mengnan Zhu,
A5065475178,Carmela Belizaire,Carmela Belizaire; C. Belizaire,
A5065650330,Austin M. Bannister,A. BANNISTER; Austin Bannister; Austin M. Bannister,https://orcid.org/0000-0001-7371-7596
A5066143578,P. W. Inward,P. W. Inward,
A5066466355,C M Mulliken,C.M. Mulliken,
A5066826584,S J Kulkarni,S J Kulkarni,
A5067008509,Wendy Hodge,Wendy Hodge; W. Andrew Hodge,
A5067043933,Don Murray,Don Murray; D. W. Murray,
A5067131525,MH Briggs,Briggs Mh; MH Briggs; M Briggs,
A5067570960,Julia K. Apiki,Julia Apiki; Julia K. Apiki,https://orcid.org/0000-0002-4493-9306
A5067650425,Justin Curran,Justin Curran; J. L. CURRAN,https://orcid.org/0000-0003-1648-513X
A5067820488,Mingqi Sha,Mingqi Sha,
A5068839153,Thomas K. Ranuga,Thomas K. Ranuga,
A5069438441,Emily H. Chen,Emily H. Chen,
A5069571195,Evan Sayer,Evan Sayer,
A5069621952,Margarete Landsberg,M. Karen Landsberg; Margarete Landsberg,
A5069624846,Margarita M. Cooley,Margarita M. Cooley,
A5070498638,Kristiana M. Hubley,Kristiana Hubley; Kristiana M. Hubley,
A5070508314,Marina V. Busuyek,Marina V. Busuyek,
A5070538530,Elizabeth Baran,Elizabeth Baran,
A5070895998,Mari May,M. May; Mari May; M.M. May,
A5071601688,Barbara Cunningham,Barbara Cunningham,
A5071723254,Anand Mahadevan,Anand Mahadevan,https://orcid.org/0000-0002-4689-4885
A5073340200,Zachary Feiger,Zachary Feiger,
A5074157107,Narayanan Badri,Narayanan Badri,
A5074754202,Miguel Schneider Fontán,Miguel S. Fontan; Miguel Schneider Fontán; Miguel Schneider Fontan,
A5075018207,Y. Zhu,Y. Zhu,
A5075352381,Joseph Weisberg,Joseph Weisberg; Joseph M. Weisberg,https://orcid.org/0009-0001-6051-6936
A5075519439,V.N. Sivanandam,V.N. Sivanandam,
A5076570258,John Capeci,John Capeci,
A5076848469,Carol A. Prost,Carol A. Prost; Carol Prost,https://orcid.org/0000-0002-6848-3833
A5076882937,Martin Connor,Martin F. Connor; Martin Connor,
A5076927021,Samuel Aviles,Samuel Aviles,
A5077128260,V L Truong,V L Truong; Vu L Truong,
A5077516100,Olawale Olaleye,O.A Olaleye; Olawale Olaleye,
A5077705930,Nancy Simms,N. Simms; Nancy Simms,
A5078200102,Ian William Olivo Read,Ian Read; Ian William Olivo Read,https://orcid.org/0000-0003-3435-9516
A5078711443,Gideon Rappaport,Gideon Rappaport,
A5078839198,Zachary Yocum,Zachary Yocum,
A5078919855,Daniel Nussbaum,Daniel Nussbaum,https://orcid.org/0000-0003-0498-4564
A5079026014,Edward Levitan,Edward Levitan,
A5079088369,Margaret L. Stubbs,Margaret L. Stubbs,
A5079889945,Jacob T. Nathanson,Jacob T. Nathanson,
A5079999838,Loren G. Kabat,Loren G. Kabat; Loren Kabat,
A5080100847,Kelleigh Kennedy,Kelleigh Kennedy,
A5080116544,G.L. Guttrich,G. L. Guttrich,
A5080513465,Fengting Huang,Fengting Huang,https://orcid.org/0009-0005-3978-4935
A5081232511,Andrea Guerrero,Andrea Guerrero; A.M. Guerrero,
A5082203637,Jungoh Ham,Jungoh Ham,
A5082454721,Aminul Huq,Aminul Huq,
A5082619951,Samuel F. Nassar,Samuel F. Nassar,
A5083004213,Nancy Manzik,Nancy Manzik; N Manzik,
A5083358855,Danni Cao,Danni Cao; D J Cao,
A5083655708,Denise M Hilton,Denise M. Hilton,https://orcid.org/0000-0003-1577-1855
A5083700458,Amikam Cohen,Amikam Cohen; A. L. Cohen,
A5083799691,Jessica L. D'Agostino,Jessica L. D'Agostino,
A5083864228,Chelsea Groves Kuhnle,Chelsea Groves Kuhnle,https://orcid.org/0000-0001-6938-9307
A5083907464,John M. Daniels,John M. Daniels,
A5085123805,T. Doherty,Taylor Marie Doherty; T. Doherty,https://orcid.org/0000-0002-9378-1576
A5085207778,Deborah A. Judelson,Deborah A. Judelson; D. A. JUDELSON; Deborah Judelson,
A5085508795,Ruocong Tang,Ruocong Tang,
A5085576935,Mary C. Barrett,M C Barrett; M. Barrett; Mary C. Barrett,
A5085650389,J. Chen,J. Chen,
A5085683630,Dan Araki,Dan Araki,
A5085751940,Nadia Y. Kim,Nadia Y. Kim,
A5085780604,Sue Yen Tay,Sue Yen Tay,
A5085944782,Nicolette Barber,Nicolette Barber,https://orcid.org/0000-0002-6663-5338
A5086640480,Rabia Belt,Rabia Belt; R. Belt,
A5086676302,Megan J. Limbert,Megan J. Limbert,
A5086952878,Zheng Zhou,Zhou Zheng; Zheng Zhou,https://orcid.org/0000-0001-9313-2106
A5087027483,P. M. KEEHN,P. M. KEEHN,
A5087320032,Alan Berger,Alan Berger,
A5087330787,Carly Murphy,C.L. Murphy; Carly Murphy,
A5087570108,Olga V. Barykina‐Tassa,Olga V. Barykina‐Tassa,
A5087593640,Elisabeth Okrant,Elisabeth Okrant,
A5087660011,X Chen,X Chen,
A5087776327,Maria I Agudelo,MARIA I. AGUDELO; Maria I Agudelo,
A5088315237,Y. Liu,Y. Liu,
A5088704193,Alex Feinman,Alex Feinman,
A5088775650,Kay Pine,Kay S. Pine; Kay Pine,
A5089676211,Nicholas Herndon,Nicholas Herndon,https://orcid.org/0000-0003-4605-2052
A5089832966,Ziyanda Stuurman,Ziyanda Stuurman,
A5090903621,Subhadra Mokashe,Subhadra Mokashe,https://orcid.org/0000-0002-5425-2903
A5091117093,Gitanjali Joglekar,G. Joglekar; Gitanjali Joglekar,
A5091255349,Robert Stachel,Robert Stachel,
A5091479869,Amelia Hawkins,Amelia Hawkins,https://orcid.org/0000-0001-5878-9794
A5091690663,Yiting Cao,Yiting Cao,https://orcid.org/0000-0003-1452-908X
A5091744800,Michelle D. Withers,Michelle D. Withers; Michelle Dawn. Withers,
A5092050297,Corbyn Terpstra,Corbyn Terpstra,https://orcid.org/0009-0006-7005-8437
A5092142551,Zhiyu Liu,Zhiyu Liu,
A5092242864,Rishi Hariharaprasad,Rishi Hariharaprasad,
A5094242905,Dionysus Morris-Evans,Dionysus Morris‐Evans,
A5094524445,Katie Acosta,Katie Acosta,
A5099013732,Andrew Glaser,Andrew Glaser,
A5099537809,R Kornberg,R Kornberg,
A5099537810,P Von Hippel,P Von Hippel,
A5099537811,Hanna Van De Watering,Hanna Van De Watering,
A5099537813,S Cockcroft,S Cockcroft,
A5099541080,P Von Hippel,P Von Hippel; Pia Hippel,
A5100541145,Chao Li,Chao Li; Li Chao,
A5101149414,Mary Campbell,Mary Campbell,
A5101197552,Huining Liu,Liu Huining; Huining Liu,
A5102077459,Susanna Lee,Susanna Lee,
A5102117942,M. Kohinoor Begum,MK Begum; M. Kohinoor Begum; M. K. BEGUM,
A5102228890,S Winter,Sylvia Winter; S Winter,
A5102267420,Sribas Goswami,Sribas Goswami,
A5102473150,S. L. Porter,S. L. Porter; See Porter; S Porter,
A5102534107,Sophia Lemieux,Sophia Lemieux,
A5102590258,Maya Kruse,Maya Kruse,
A5102758508,Rui DU,Rui Du,
A5103028019,Yuan Tian,Yuan Tian,https://orcid.org/0000-0003-4080-7549
A5103584129,I B Levitan,I B Levitan,
A5103667538,Li Zhen-Yu,Li Zhen‐Yu; Li Zhenyu,
A5104270141,Pranav Ojha,Pranav Ojha,
A5104692994,Stuart Farrow,Stuart Farrow,
A5105044957,Ivan Gautschi,Ivan Gautschi,
A5105159686,J. I. Lamoureux,J. I. Lamoureux,
A5105182320,S. Nelson,S. Nelson,
A5105203376,D. Partos,D. Partos,
A5105278847,N. Miladinovic,N. Miladinovic,
A5105299460,L. Kirsch,L. Kirsch,
A5105308251,J. Bensinger,J. Bensinger,
A5105342662,H. Wellenstein,H. Wellenstein,
A5105521785,K. Zengel,K. Zengel,
A5105544166,S. Hageböck,S. Hageböck,
A5105641460,C Blocker,C Blocker,
A5105645406,M. Kolb,M. Kolb,
A5105781359,Craig Blocker,Craig Blocker,
A5105938015,G Sciolla,G Sciolla,
A5106594761,G. Sciolla,G. Sciolla,
A5106687355,E. Spiriti,E. Spiriti,
A5107109252,Porter L. Tomsick,Porter L. Tomsick,
A5107118958,L. Bianchini,L. Bianchini,
A5107204576,S. Haas,S. Haas,
A5107252609,S. Rajek,S. Rajek,
A5107466755,D. Pomeroy,D. Pomeroy,
A5107838097,Craig Blocker,Craig Blocker,
A5107852607,Y. Xie,Y. Xie,
A5107901725,Z. M. Schillaci,Z. M. Schillaci,
A5107907496,M. Goblirsch-Kolb,M. Goblirsch‐Kolb,
A5107924135,D. A. Trischuk,D. A. Trischuk,
A5107925489,S. Prell,S. Prell,
A5107925506,P. Tornambe,P. Tornambe,
A5108077255,Cornelio Campos,Cornelio Campos; C Campos,
A5108188836,Silvan Samuel Schweber,Silvan Samuel Schweber,
A5108368913,Milciades Contreras,M. Cervantes Contreras; Milciades Contreras,
A5108773643,Anne M. Valentine,Anne M. Valentine,
A5109004843,K. Zengel,K. Zengel,
A5109133828,Gerald D. Fasman,Gerald D. Fasman,
A5109427775,Tracy P. Marien,Tracy P. Marien,
A5109516375,M J McGaughey,M J McGaughey,
A5109551017,Harold Lee,Harold Lee,
A5109857941,Dan Oprian,Dan Oprian,
A5109940906,John E. Lisman,John E. Lisman,
A5109944451,Laura Cook,Laura Cook; L. COOK,
A5109975465,Sonia Olikara,Sonia Olikara,
A5110061040,Bradley Morrison,Bradley Morrison; B. H. Morrison,
A5110073691,Christopher Miller,Christopher Miller,
A5110305195,DSW Robert Morris,DSW Robert Morris; D Morris,
A5110832678,Taro Q.P. Uyeda,Taro Qp Uyeda; Taro Q.P. Uyeda; Taro Uyeda,
A5110900762,Mr Duffy,Mr Duffy,
A5111126815,Rupam Saha,Rupam Saha,
A5111305107,Shixuan Song,Shixuan Song,
A5111357033,Kelsey Clements,Kelsey Clements,
A5111489254,H. Niu,H. Niu,
A5111535077,Stanley. Orman,Stanley. Orman,
A5111607610,Caitlin Slodden,Caitlin Slodden; Caitlin E. Slodden,
A5111848988,Bruce Evans,Bruce Evans; Bruce D. Evans,
A5111876426,KK Siwicki,KK Siwicki,
A5112037886,GB Kitto,GB Kitto; Kitto Gb,
A5112084825,John Noble,John Noble,
A5112582156,Robert Callan,Robert J. Callan; Robert Callan,
A5113645533,Jingzhu Peng,Jingzhu Peng; J. Peng,
A5113670114,Emily Stott,Emily Stott,
A5113770677,M Ptácek,Melissa M. Ptacek; M Ptácek,
A5114119366,Clare L. Hurley,Clare L. Hurley,
A5115819683,Alex Adornato,Alex Adornato; Alex A Adornato,
A5000357816,Vyacheslav A. Papkov,Vyacheslav A. Papkov; V.A. Papkov,
A5000612408,Tamar Parmet,Tamar Parmet,
A5000632148,Ellen M. Smith,Ellen M. Smith; Ellen Smith,
A5001093040,Erchi Zhang,Erchi Zhang,https://orcid.org/0000-0003-4911-2970
A5001876426,Sheryl X. Hao,Sheryl X. Hao,
A5001882663,Kuo‐yu Wang,Kuo‐yu Wang; K. Wang,
A5002043797,Marji Erickson-Warfield,M Erickson‐Warfield; Marji Erickson‐Warfield,
A5002112341,Elliot R. Rubin,Elliot R. Rubin,
A5002262273,RUTH ROSENBERG,RUTH ROSENBERG,
A5002444863,Beth Mohr Dana,Beth Dana; Beth Mohr Dana,
A5002563642,Yura Yokoyama,Yura Yokoyama,
A5002590112,T. J. Price,Todd Price; T. J. Price,
A5003010531,Jillian Dickert,Jillian Dickert,
A5003253791,Qun Ju,Qun Ju; Q. Ju,
A5003294248,X. S. Li,X. S. Li,
A5003372368,Melda M. Buyukozturk,Melda M. Buyukozturk,
A5003467495,C. A. van Vreeswijk,C. A. van Vreeswijk,
A5003582718,Avi Baran,Avi Baran; A Baran,
A5003604503,Alexandra Bazarsky,Alexandra Bazarsky,https://orcid.org/0000-0003-0949-5153
A5003669080,Denise D. LeBlanc,Denise D. LeBlanc,
A5003685258,Y Chen,Y Chen,
A5003770049,S. J. CARTER,S. J. CARTER,
A5004155903,Christine M. Pizer,C M Pizer; Christine M. Pizer,
A5004515744,Nithya Setty,Nithya Setty,
A5004615448,Selen Amado,Selen Amado,
A5004887843,Hannah Lloyd,Hannah Lloyd,
A5004919252,Hyman B. Katz,Hyman B. Katz,
A5005004526,Nathan S. Bromberg,Nathan S. Bromberg,
A5005108605,R.A. Small Wood,R.A. Small Wood; R.A. Wood,
A5005147368,Alyssa Schwartz,Alyssa Schwartz,
A5005259400,Lesley Kaplan,Lesley Kaplan; L J Kaplan,
A5005633304,W. S. Farmer,W. S. Farmer,
A5005860722,Jeanie Holt,Jeanie Holt,
A5006169853,Marion L. Mealey-Ferrara,Marion L. Mealey‐Ferrara,
A5006436189,Prottas Jm,Prottas Jm,
A5006663780,Gary M. Marqus,Gary M. Marqus,
A5006855170,Frank W. Barley,Frank W. Barley; Frank Barley,
A5007128466,Alexandra G. Montalvo,Alexandra G. Montalvo,
A5007334321,Leslie Golden,Leslie Golden,
A5007366328,Kristyna Palm,K. Palm; Kristyna Palm,
A5007654900,L E Kirsch,L E Kirsch,
A5007655845,Alan Melchior,Alan Melchior,
A5008140623,Natasha Baas‐Thomas,Natasha Baas‐Thomas,https://orcid.org/0000-0002-4711-721X
A5008335596,G. Todorov,G. Todorov,
A5008436313,Y. Liu,Y. Liu,
A5008464391,Cosmo Guerini,Cosmo Guerini,https://orcid.org/0000-0002-9475-5011
A5008476368,Hyeon-Nyeon Lee,Hyeon‐Nyeon Lee,
A5008559021,David Morisseau,David Morisseau; D. MORISSEAU,
A5008768374,Cathy Burack,Cathy Burack,
A5008871570,Alexander Kapulsky,Alexander Kapulsky; A. Kapulsky,
A5008902521,JONATHAN S. WOOCHER,JONATHAN S. WOOCHER,
A5008991602,Wanbing Zhang,Wanbing Zhang,
A5009008141,G. D. Hines,G. D. Hines; G. Hines,
A5009362032,G.L. Karabatsos,G.L. Karabatsos,
A5009421266,Adriana Uglesity,Adriana Uglesity; A. Uglesity,
A5009546666,R. Hammerschlag,R. Hammerschlag,
A5009738611,Megan Sun,Megan Sun,
A5009762382,Jeannette Lemieux,Jeannette Lemieux; J. P. V. LEMIEUX,
A5011045531,Pengcheng Song,Pengcheng Song,
A5011181339,Melina Pérez Ramos,Melina Pérez Ramos; Melina Perez Ramos,
A5011200732,Danielle Joubran,Danielle Joubran,
A5011251550,Yee Dl,Yee Dl,
A5011304356,Meredith A. Carpenter,Meredith A. Carpenter,
A5011341486,Francis C. Huneeus,Francis C. Huneeus; Francis Huneeus,
A5011530459,Cassandra Hall,C. E. Hall; Cassandra Hall,
A5011631279,Ngo Di Lan,Ngo Di Lan,
A5011869185,Xuhang Wang,Xuhang Wang,
A5012463090,B. L. A. Carter,B. L. A. Carter,
A5012577885,Chee Fook Fu,Chee Fook Fu,
A5012598829,Gregory Button,Gregory Button,
A5012798994,Suraj Nagendra Rao,Suraj Nagendra Rao,
A5012824626,Jae Eun Nam,Jae Eun Nam,
A5012910264,Marianne Colangelo,Marianne Colangelo,
A5013390008,Arthur J. Benjamin,Arthur J. Benjamin,
A5013654285,Marsha Heuser,Marsha Heuser,
A5013777457,Richard A. Roy,Richard A. Roy,https://orcid.org/0000-0001-6671-8339
A5013829194,Angela Binda,Angela Binda,
A5013968078,Lou Talarico,Lou Talarico,
A5014078959,Dennis M. Maharjan,Dennis M. Maharjan; Dennis Maharjan,
A5014103178,Rhoeun Park,R.W. Park; Rhoeun Park,
A5014115003,Michael S. Clarage,M. Clarage; Michael S. Clarage,
A5014522325,Irami Osei-Frimpong,Irami Osei‐Frimpong,
A5014619336,Olga V. Barykina,Olga V. Barykina,
A5014819259,Nadya Styczynski,Nadya Styczynski,
A5014956097,Micaela Grimes,Micaela Grimes,https://orcid.org/0000-0001-6266-2112
A5015168600,Carlye B. Case,C.B. Case; Carlye B. Case,
A5015535115,Gal Zilberberg,Gal Zilberberg,
A5015560265,W.S. Liu,W.S. Liu,
A5015818508,Peter Rathjens,Peter Rathjens,
A5015828983,John Walter Anthony Zak,J. Zak; John Walter Anthony Zak,
A5015969288,Suzanne Hillman,Suzanne Hillman,
A5016265704,H Levinson,H Levinson,
A5016560779,Lauren Wolters,Lauren Wolters,https://orcid.org/0000-0002-7704-3135
A5016703497,Isaac Konlan,Isaac Konlan,
A5016883112,Zhiyun Hu,Zhiyun Hu,
A5016936898,Wantong Lin,Wantong Lin,
A5016988575,Yonatan Zur,Yonatan Zur,
A5017213172,B. V. Khouri,B. V. Khouri,
A5017279569,Corrie Ratner,Corrie Ratner,
A5017338621,Melissa McNiel,Melissa McNiel,
A5017395841,Barry G. Shelley,Barry G. Shelley,
A5017471802,Greg Farrell,Greg Farrell,
A5017476915,Jerzy Masek̵o,Jerzy Masek̵o,
A5017983219,Javier Cantón,Javier Cantón; J. Canton,
A5018244758,Maya Subramanian,Maya Subramanian,https://orcid.org/0009-0001-1140-9237
A5018256388,Ian K. Christie,Ian K. Christie,
A5018262030,Alek Kopulsky,Alek Kopulsky,
A5018464479,Galima Zolotusky,Galima Zolotusky,
A5018743498,Leonard J. Garber,Leonard J. Garber,
A5019090851,Stefan Stanojeviea,Stefan Stanojeviea,
A5019238287,GS Waller,G. Waller; GS Waller,
A5019651943,Bernard Hishamunda,Bernard Hishamunda,
A5019885122,Jesselin Romero Escobar,Jesselin Romero Escobar,
A5019996760,Margaret E. Kottke,Margaret Kottke; Margaret E. Kottke,
A5020143801,Moshe Cavalin,Moshe Cavalin,
A5020248717,Joshua Eike,Joshua Eike,
A5020727826,O.M.I. J. Lorne Macdonald,O.M.I. J. Lorne Macdonald; Owen Macdonald,
A5020773150,Nega Gerard,Nega Gerard,
A5020794405,Kent Xili Deng,Kent Deng; Kent Xili Deng,
A5020912801,Howard E. Freeman,Howard E. Freeman; H E Freeman,
A5020999313,Irina S. Vayl,Irina S. Vayl,
A5021033708,Salman Alam,Salman Alam,https://orcid.org/0009-0002-5489-3732
A5021186568,Lawrence Chud,Lawrence Chud,
A5021519237,Paul Axel,Paul Axel,
A5022299790,Sonam Mehta,Sonam Mehta,
A5022467559,Emily Bunker Peterson,Emily Bunker Peterson,
A5022515236,Daniel Kryder,Daniel Kryder,
A5022685638,Eileen M. Kranz,Eileen M. Kranz,
A5022800182,Katina Carter,Katina Carter,
A5023018017,Annie M. Tsai,Annie M. Tsai,https://orcid.org/0000-0001-5472-8046
A5023385854,Bethany Romano,Bethany Romano,
A5023416497,V. A. Davis,V. A. Davis,
A5023506634,Ecaterina Damien,Ecaterina Damien,
A5023583116,Ira S. Dizengoff,Ira S. Dizengoff,
A5024196831,Jody Shapiro Davie,Jody Shapiro Davie,
A5024500304,Aquiles J. Sanchez,Aquiles J. Sanchez; Aquiles Sanchez,
A5024860598,Gabriela G. Giordano,Gabriela G. Giordano,
A5025118498,Rosemary Amofah,R. AMOFAH; Rosemary Amofah,
A5025381995,Jane Kondev,Jane Kondev; J. Kondev,
A5025465413,Colvin P. Fawcett,Colvin P. Fawcett,
A5025723964,R. Sekuler,R. Sekuler,
A5026047477,F. Khalilzade,F. Khalilzade,
A5026047863,Dana Devon,Dana Devon,
A5026165548,Don Westwater,D. Westwater; Don Westwater,
A5026247648,Piotr Magee,P. Magee; Piotr Magee,
A5026358938,Neal Carpenter,Neal Carpenter,
A5026570264,Samuel R. McCandlish,Samuel McCandlish; Samuel R. McCandlish,
A5027085478,Abigail Garber,A. Garber; Abigail Garber,
A5027167263,Liane Curtis,Liane Curtis,
A5027169986,N. Dale,N. Dale,
A5027520436,Bethany E. Dutra,Bethany E. Dutra,
A5027714810,Richard R. Lee,R. R. Lee; Richard R. Lee,
A5028029388,Taylor Mckinnon,Taylor Mckinnon,
A5028583655,Avital Bar-Shalom,Avital Bar‐Shalom,
A5028645666,K. Igusa,K. Igusa,
A5028716240,Andreas P. Rauch,Andreas P. Rauch,
A5029310747,Rebecca Freedman,Rebecca Freedman,
A5029355048,Li Deng,Li Deng,
A5029359747,Neal E White,Neal E White,
A5029422035,J. Admiraal,J. Admiraal,
A5029453178,Deyril O'neal,D. O'Neal; Deyril O'neal,
A5029842833,Gerald W. Bush,Gerald W. Bush,
A5029844738,Daniel L. Breen,Daniel L. Breen; Daniel Breen,https://orcid.org/0000-0002-5681-0964
A5029888094,Mitchell S. Dernis,Mitchell S. Dernis,
A5029949987,M L Greenacre,M L Greenacre,
A5030169862,Aranda R. Duan,Aranda R. Duan,
A5030403055,Bruce Reinhardt,B Reinhardt; Bruce Reinhardt,
A5030584556,Kathryn F. Kravitz,Kathryn Kravitz; Kathryn F. Kravitz,
A5031052440,Gabriel P. Ashton-Rickardt,Gabriel Ashton‐Rickardt; Gabriel P. Ashton‐Rickardt,
A5031082582,Emanuele Curti,Emanuele Curti,
A5031124402,Marco Borja,Marco Borja,
A5031241195,Aleksander Milovanovic,Aleksander Milovanovic; A Milovanović,
A5031312689,Ц. Лиу,Ц. Лиу; T. LIU,
A5031344199,Catherine Sukow,Catherine Sukow,
A5031466921,Teresa Kroeger,Teresa Kroeger,https://orcid.org/0000-0002-6346-6401
A5031486418,Fin f,Fin F,
A5031520920,Ray Wong,Ray Wong,
A5031543354,Aimee Kobjack,Aimee Kobjack,
A5031961615,Alan Tso,Alan Tso,
A5032099633,Nakayama Algebras,Nakayama Algebras,
A5032130359,Olivia Edelman,Olivia Edelman; O Edelman,
A5032395204,J. Celebuski,J. Celebuski,
A5032812088,H.A. Lee,H.A. Lee,
A5033015902,J. Eynon,J. Eynon,
A5033292506,Afia A. Adaboh,Afia A. Adaboh,
A5034171929,W. D. Kwalwasser,W. D. Kwalwasser,
A5034191884,S. G. Stieglitz,S. G. Stieglitz,
A5034253867,Elizabeth Anne Schatzel-Murphy,Elizabeth Anne Schatzel‐Murphy; Elizabeth A. Schatzel‐Murphy,
A5034472011,Bradley Berke,Bradley Berke,
A5034479357,Nian-Ci Liang,Nianci LIANG; Nian‐Ci Liang,
A5034499900,AM Valles,AM Valles,
A5034743376,Ariana L. Boltax,Ariana Boltax; Ariana L. Boltax,
A5035225717,Fairooz Newaz,Fairooz Newaz,
A5035291166,Sofia Gonzalez Rodriguez,Sofia Gonzalez Rodriguez,https://orcid.org/0000-0002-2264-1031
A5035361264,Lachlan Elam,Lachlan Elam,
A5035434689,Lori H. Goldstein,Lori H. Goldstein; Lori Goldstein,
A5035635222,Yung-sing Li,Yung‐sing Li,
A5035900900,G. McN.,G. McN.,
A5035963940,Marshall Corson,Marshall Corson; M. CORSON,
A5036980878,Alexander V. Garger,Alexander V. Garger,
A5037043949,JULIAN NEMETH,JULIAN NEMETH; J. Németh,
A5037153327,S. Chen,S. Chen,
A5037369250,Janet L Fisher,Janet L Fisher; J. L. Fisher,
A5037918650,Sanjitha Subramaniam,Sanjitha Subramaniam,
A5037926666,Ethan J. Yetton,Ethan J. Yetton; E. YETTON,
A5038006617,Jamie S. Jason,Jamie S. Jason,
A5038156545,Lisandro Martin,Lisandro Martin,https://orcid.org/0000-0001-9597-1843
A5038743575,Jeffrey B. Liu,Jeffrey B. Liu,
A5038871157,R. LaFauci,R. LaFauci; R. LAFAUCI,
A5038910797,C. Barnaby,C. Barnaby,
A5039031652,Anthony I. Lipscomb,Anthony I. Lipscomb,https://orcid.org/0000-0002-3737-4095
A5039171190,Alden J. Sanford,Alden J. Sanford,
A5039270958,Ann M. Gifford,Ann M. Gifford; A M Gifford,
A5039330117,Gang Ma,Gang Ma,
A5039382124,Ian Townson,I. Townson; Ian Townson,
A5039594960,Barry Zakireh,Barry Zakireh,
A5039703400,Anne M. Silveira,Anne M. Silveira,
A5039915501,Helen VanVunakis,Helen VanVunakis,
A5040396689,Fadi Chaabo,Fadi Chaabo,
A5040484005,Lawrence Zaroff,L. Zaroff; Lawrence Zaroff,
A5040655495,Rebecca C. Soslowsky,Rebecca C. Soslowsky,https://orcid.org/0009-0007-5113-8463
A5040775788,Paul J. Minsky,Paul J. Minsky,
A5040808727,Sydney Padgett,Sydney Padgett,
A5041146218,Joan. Potter,Joan. Potter,
A5041164764,Maria Madison,Maria Madison,
A5041248388,Joel Y. Loewenberg,J. Loewenberg; Joel Y. Loewenberg,
A5041275740,Arantxa Ortiz-Hernández,Arantxa Ortiz; Arantxa Ortiz‐Hernández,https://orcid.org/0000-0003-1006-7009
A5041514811,Elon R. Mathieson,Elon R. Mathieson,
A5041725988,Mao Cai,Mao Cai,
A5041887064,Alyssa Urbi,Alyssa Urbi,
A5041924862,Scott E. Leonard,Scott E. Leonard,
A5042051443,Y. Chen,Y. Chen,
A5042210601,Karen Wiedemann,Karen Wiedemann; K Wiedemann,
A5042282242,Drew Flanagan,Drew Flanagan,
A5042687585,Rebecca Albuquerque,Rebecca Albuquerque,https://orcid.org/0000-0001-7161-6708
A5042767455,Yihao Zhuang,Yihao Zhuang,
A5042887686,Michael D'Eon,Michael D'Eon,https://orcid.org/0000-0003-1381-716X
A5042910023,Rachel Gerber,Rachel Gerber,
A5043255456,Zihao Zhuang,Zihao Zhuang,
A5043343048,Emilie Diouf,Emilie Diouf,
A5043411683,Maria Grigorova,Maria Grigorova,
A5043669232,Yaxuan Wen,Yaxuan Wen,
A5043779507,Anna Volftsun,Anna Volftsun,
A5043842584,N. Melnick,N. Melnick,
A5044199091,T. L. Tan,T. L. Tan; Tian Tan,https://orcid.org/0000-0002-8500-4195
A5044380437,Elan Shatoff,Elan Shatoff,
A5044472729,Natasha Khruschova,N. KHRUSCHOVA; Natasha Khruschova,
A5044481956,Gabriel Colton,Gabriel Colton,
A5044746723,K. Park,K. Park,
A5045045828,Ela Kula,E Kula; Ela Kula,
A5045071823,Barry L. Adams,Barry L. Adams; Barry Adams,
A5045170610,Brittany Cindric,Brittany Cindric,
A5045261780,Matthew Wakem,Matthew Wakem; M. Wakem,
A5045293666,H J Schnitzer,H J Schnitzer,
A5045319485,Luci-Kolmakova Partensky,Luci‐Kolmakova Partensky,
A5045321055,Alexandra S. Cao,Alexandra S. Cao,https://orcid.org/0000-0003-1758-7445
A5045491520,Sara Plachta-Elliott,Sara Plachta‐Elliott,
A5045539167,Shannon R. Finnell,Shannon R. Finnell; S.R. Finnell,
A5046013233,Jill A. Kwass,J. A. KWASS; Jill A. Kwass,
A5046167005,Jennifer Deveraux,Jennifer Deveraux,
A5046179237,Denny O'Neal,Denny O'Neal,
A5046203809,Jan F. Klein,Jan F. Klein,
A5046337724,Samuel Kapon,Samuel Kapon,
A5046582532,Shen Zhou,Shen Zhou,
A5046768190,Esther Brandon,Esther Brandon,https://orcid.org/0000-0001-9302-0454
A5046879113,Felicity Kusinitz,Felicity Kusinitz,
A5047010760,Claudia J. Jacobs,Claudia J. Jacobs,
A5047026563,Nicky M. Sirianni,Nicky M. Sirianni,
A5047273962,Karina S. Herlambang,Karina S. Herlambang,
A5047399503,Jill E Becker,Jill E Becker; J Becker,
A5047448230,Honey Nagakura,Honey Nagakura,
A5047569404,Kerrie O’Brien,Kerrie O’Brien; K. J. O'Brien,
A5047601541,Roger Pritchard,R.D. Pritchard; Roger Pritchard,
A5047883062,Heather Panic,Heather Panic,https://orcid.org/0000-0003-2661-9832
A5047905149,JEFFREY WEISEL,JEFFREY WEISEL; J W Weisel,
A5047934098,Karen M. Daugherty,Karen M. Daugherty,
A5048028172,Kiran Jit K. Ahluwalia,Kiran Jit K. Ahluwalia,
A5048738190,Martin S. Roth,Martin S. Roth; Martin Roth,
A5048738617,Arun Kumar Halihal Shanmukachary,Arun Kumar Halihal Shanmukachary,
A5048820260,Julien V. Diegel,Julien Diegel; Julien V. Diegel,
A5048962384,C P Kyriacou,C P Kyriacou,
A5049162789,Willaim DeJong,Willaim DeJong; W W DeJong,
A5049182358,Neil B. Redlener,Neil B. Redlener,
A5049203934,Allison Mazella,Allison Mazella,
A5049369481,Sumedh Shenoy,Sumedh Shenoy,
A5050281978,Amy Milne,Amy Milne; A N Milne,
A5050497306,X. Zhang,X. Zhang,
A5050588416,Gillian Kitch Humphries,G Humphries; Gillian Kitch Humphries,
A5050707600,Avital Simone,Avital Simone,
A5051608721,Nelya Malbranche,Nelya Malbranche,https://orcid.org/0000-0002-0727-4122
A5051627572,Suhendi Ery Saputro,Suhendi Ery Saputro,
A5051636514,Blake Dohrn,Blake Dohrn,
A5051787057,Christopher Y. Morii-Sciolla,C. Y. Morii‐Sciolla; Christopher Y. Morii‐Sciolla,
A5051867548,HEIDI MINTZ MASSEFSKI,H. M. MASSEFSKI; HEIDI MINTZ MASSEFSKI,
A5052361099,Mildred Mistovich,Mildred Mistovich,
A5052480793,Amy Grace DuPage,Amy Grace DuPage,
A5052554644,Ben Shiller,Ben Shiller,
A5052644565,Hannah Suib,Hannah Suib,
A5052645198,S. Chen,S. Chen,
A5052712304,Advay Goel,Advay Goel,
A5052973129,Molly Bruzzese,Molly Bruzzese,
A5053055218,Ellie Driscoll,Ellie Driscoll,
A5053274901,X. M. Chen,X. M. Chen,
A5053339877,Ryan S. Glasnovich,Ryan S. Glasnovich,https://orcid.org/0000-0001-7741-1383
A5053523106,Henrys. G. Cutter,Henrys G. Cutter; Henrys. G. Cutter,
A5053579487,Mary G. Springham,Mary G. Springham; M G Springham,
A5053603589,Kanneganti Divya,Kanneganti Divya,
A5053851532,Lorrie. Comeford,Lorrie. Comeford; L. COMEFORD,
A5054498339,Ronald White,R E White; Ronald White,
A5054737035,Anthony J. Scarsella,Anthony J. Scarsella,
A5054746898,Mitchell L Model,Mitchell L Model,
A5054956061,Lisa Fortunato,Lisa Fortunato,
A5054957532,B. N. Skvorodnev,B. N. Skvorodnev,
A5055105833,T.A. Chatman,T.A. Chatman,
A5055316676,Carol Kandall,C. KANDALL; Carol Kandall,
A5055373350,Brian C. Hall,Brian C. Hall; Brian Hall,
A5055850852,Naomi B. Amoin,Naomi B. Amoin,
A5055949066,Mary Eshelman,Mary Eshelman,
A5056153666,Christine E. Taft,Christine E. Taft,
A5056161108,Chris Simonetti,Chris Simonetti,
A5056174006,Pierrette Quintiliani,Pierrette Quintiliani,
A5056228580,J. Blouwolff,J. Blouwolff,
A5056267338,Jeffrey Futcher,Jeffrey Futcher,
A5056270025,Ignatius Wei Shawn Ang,Ignatius Ang; Ignatius Wei Shawn Ang,
A5056358533,James H. Clay,James H. Clay,
A5057017514,Michael G. Drzyzga,Michael Drzyzga; Michael G. Drzyzga,
A5057159238,S.P.Sudhakara Rao,Sudhakara Rao; S.P.Sudhakara Rao,
A5057207845,Diane V. Sherman,Diane V. Sherman,
A5057271575,Alisha F. Atlas-Corbett,Alisha Atlas‐Corbett; Alisha F. Atlas‐Corbett,
A5057331891,Beatrice Philips,Beatrice Philips; B. T. Philips,
A5057349522,B. van der Linden,Blanche Linden; B. van der Linden,
A5057358225,Noor Shamsiah Toha,Noor Shamsiah Toha; Noor Toha,
A5057410834,Marvin Sasson,M. SASSON; Marvin Sasson,
A5057559158,Lisa Armanetti,L. ARMANETTI; Lisa Armanetti,
A5057619897,Pierre Moerbeke,Pierre Moerbeke,
A5057623847,G. Ferriani,G. Ferriani,
A5057902645,J M Kolb,J M Kolb,
A5057983378,K.Y. Kotov,K.Y. Kotov,
A5058051073,Di‐Fu Wu,Di‐Fu Wu,
A5058104028,Maurice J. A. Glickman,Maurice J. A. Glickman,
A5058104931,Kristina Antonsson,Kristina Antonsson,
A5058129449,Julian Ho,J.‐S. Ho; Julian Ho,
A5058380156,Laurie Gelb,L. Gelb; Laurie Gelb,
A5058399882,David Starkey,David Starkey,
A5058728774,Lindy Divarci,Lindy Divarci,
A5058951051,Rasheed Lindsey,Rasheed Lindsey,
A5059007999,Eli Salzberg,Eli Salzberg,
A5059034995,Judith G. Chernin,Judith G. Chernin,
A5059125474,Amie M. Richardson,Amie M. Richardson,
A5059241977,Harris Ghaus,Harris Ghaus,
A5059454314,Ralph C. Lewis,Ralph Lewis; Ralph C. Lewis,
A5059689655,Yevgenia Goltser,Yevgenia Goltser,
A5059909805,Adam Batkin,Adam Batkin,
A5060106924,F. M. Eger,F. M. Eger,
A5060111310,Evis Havari,Evis Havari; E Havari,
A5060311612,Barbara Yu Fong Wan,Barbara Yu Fong Wan; B. Y.‐F. WAN,
A5060341858,Petra Munih,Petra Munih,
A5060442249,Jenna DeFrancisco,Jenna DeFrancisco,
A5060448142,Unda Ioana Crisan,Unda Ioana Crisan,
A5060523952,Raphael J. Turra,Raphael J. Turra; R. Turra,
A5060742420,Rafael Saddi Teixeira,Rafael Saddi Teixeira,
A5060768033,R. Lechan,R. Lechan,
A5060849094,ALEX GARGER,ALEX GARGER; A. Garger,
A5060982585,James N. Brantner,James N. Brantner; James Brantner,
A5061056179,Lawrence Perlman,Lawrence Perlman,
A5061063604,Minlee Kim,Minlee Kim,
A5061133259,Brendan Halstead,Brendan Halstead,
A5061141260,Sonia Gloss,Sonia Gloss,
A5061173849,J Hoglen,J Hoglen,
A5061343717,Marc Bezpalko,Marc Bezpalko,
A5061441023,Reissa Gervasio,R. Gervasio; Reissa Gervasio,
A5061494903,A. James Lee,A. James Lee,
A5062117481,Rey M. Aguilar,Rey M. Aguilar,
A5062206517,Wanping Zeng,W. Zeng; Wanping Zeng,https://orcid.org/0009-0005-2492-3162
A5062317724,Irv Epstein,Irv Epstein,
A5062553540,Alex Duarte,Alex Duarte,https://orcid.org/0000-0002-5809-7154
A5062747288,Karen E. Waldron,Karen E. Waldron,
A5063080002,Theodore Chelmow,Theodore Chelmow,
A5063524910,Jennifer Vicinay,Jennifer Vicinay; J. Vicinay,
A5063635135,Y Sheline,Y Sheline,
A5063775166,Maria Kulchyckyj,M. Kulchyckyj; Maria Kulchyckyj,
A5064085378,Larry E. Tetone,Larry E. Tetone,
A5064128030,Sofia Lavrentyeva,Sofia Lavrentyeva,https://orcid.org/0000-0003-0249-9696
A5064128930,E. K. Kaplan,E. K. Kaplan,
A5064315400,Anne P Carter,Anne P Carter,
A5064530008,George Peguero,George Peguero,
A5064544698,Albert Countryman,Albert Countryman,
A5064611713,Bohm Park,Bohm Park,
A5064772978,Sean Gerrish,Sean Gerrish,
A5065043395,Aaron Macks,A. Macks; Aaron Macks,https://orcid.org/0000-0003-0949-3545
A5065392374,Nathan Subrahmanian,Nathan Subrahmanian,https://orcid.org/0000-0003-3112-8253
A5065479713,Ellen C. Moran,Ellen C. Moran,
A5065496287,Manohar Wadke,M. Wadke; Manohar Wadke,
A5065501816,А. В. Душкин,Amy Dushkin; А. В. Душкин,
A5065617278,D Orr,D Orr,
A5065625149,L.S. Schussel,L.S. Schussel,
A5065703346,Leslie M. Lang,Leslie M. Lang; Leslie Lang,
A5066171537,Joseph Wachukta,Joseph Wachukta,
A5066455978,Hongyuan Qiu,Hongyuan Qiu,
A5066513494,J. J. Callahan,J. J. Callahan,
A5066756209,Michelle Simpson,Michelle Simpson,
A5066775241,S. Deser,S. Deser,
A5066822595,Changhan Xu,Changhan Xu,
A5067312626,Magda Olesiak,Magda Olesiak,
A5067366644,Adam C. Kaplan,Adam C. Kaplan,
A5067469107,Anna H. Hartmann,Anna H. Hartmann,
A5067547622,Stephen Alkins,Stephen Alkins,
A5067580998,James Ji,James Ji,
A5067817893,María Fernanda Cabezas,María Fernanda Cabezas; Maria Fernanda Cabezas,https://orcid.org/0000-0002-0384-6816
A5067939614,Philip Braunstein,Philip Braunstein,
A5068052798,J C Orr,JC Orr; J C Orr,
A5068735730,Helene Rand,Helene Rand; H. RAND,
A5068869311,F. Busa,F. Busa,
A5068919063,Lathel Rolle,L. Rolle; Lathel Rolle,https://orcid.org/0000-0003-0562-1781
A5069037945,A F Steinlauf,A F Steinlauf,
A5069293578,S.K. Nderitu,S.K. Nderitu,
A5069378362,Tally Kritzman Amir,Tally Kritzman Amir; Tally Amir,
A5069802319,Sydney J. Clifford,Sydney J. Clifford,
A5070040246,Borukhov Bensiin,Borukhov Bensiin; Bensiin Borukhov,
A5070218111,Deborah Wygal Mascioli,Deborah W. Mascioli; Deborah Wygal Mascioli,
A5070279723,Brooke Page Rosenbauer,Brooke Page Rosenbauer,
A5070663323,Brandon Hong,Brandon Hong,
A5070877758,J W Pierce,J W Pierce,
A5070963109,KG Rendahl,KG Rendahl,
A5071100014,Tifara Ramelson,Tifara Ramelson,
A5071166174,Molly O. Lorenz,Molly O. Lorenz; M. Lorenz,
A5071658104,David A. Bressler,David A. Bressler,
A5072126295,Nancy Brimlow,Nancy Brimlow,
A5072246587,Xiangchi Yuan,Xiangchi Yuan,https://orcid.org/0000-0001-5270-4817
A5072405134,Geoffrey P. Clarke,Geoffrey Clarke; Geoffrey P. Clarke,
A5073475985,Jessica Liebowitz,Jessica Liebowitz; J LIEBOWITZ,https://orcid.org/0000-0002-9601-5615
A5073552966,A-E. F. Nassar,A‐E. F. Nassar,
A5073685915,Anna Khazan,Anna Khazan,
A5073873427,Roger Khazan,Roger Khazan; R. Khazan,
A5074302974,Diane R. Hinton,Diane R. Hinton; D Hinton,
A5074373432,Baba Gang,Baba Gang,
A5074469625,Daniel A. Kenney,Daniel A. Kenney; Daniel Kenney,
A5074957860,Jamie S. Soohoo,Jamie S. Soohoo,
A5075261004,Zoey C. Keeley,Zoey C. Keeley,https://orcid.org/0000-0003-1468-6763
A5075291534,Ritika Saxena,Ritika Saxena,
A5075486211,Gyung -Hee Lee,Gyung ‐Hee Lee,
A5075583026,Jean Menary,Jean Menary,
A5075586185,Eliana Magnani,Eliana Magnani,
A5075673165,Ruoxue Wang,Ruoxue Wang,
A5075747614,Tatiana Loya González,Tatiana Loya González,
A5075820464,A. Bucheister,A. Bucheister,
A5076420222,Shula Reinharz,S Reinharz; Shula Reinharz,
A5076469098,Christian Kennett,Christian Kennett; C. J. Kennett,
A5076717915,Joseph S. Berliner,Joseph S. Berliner,
A5077021878,Staci Jill Rosenthal,Staci Rosenthal; Staci Jill Rosenthal,
A5077094279,Trevor Robbins,T. Robbins; Trevor Robbins,
A5077273411,Nancy Worth,Nancy Worth,
A5077370939,S. Y. LEE,S. Y. LEE,
A5077390510,Rachel Karpoff,Rachel Karpoff,
A5077451894,Nick Moran,Nick Moran,
A5077497118,Peter Allen Mansbach,Peter Allen Mansbach; P. Mansbach,
A5077886774,Paul Weene,Paul Weene,
A5077924606,Lana R. Penn,Lana R. Penn,
A5078005452,Karen T. Kane,Karen Kane; Karen T. Kane,
A5078400261,Bernice Zeldin,Bernice Zeldin,
A5078531030,John Shrecker,J. Shrecker; John Shrecker,
A5078552649,Eugenia Y Kiselgof,Eugenia Y Kiselgof; E. Y. KISELGOF,
A5078554405,Thomas Rossetti,Thomas Rossetti,
A5078559418,J. C. Corrette-Bennett,J. C. Corrette‐Bennett; J. Corrette‐Bennett,
A5078576112,Sama Ansari,Sama Ansari,
A5078611302,Sylvia W. Sirignano,Sylvia W. Sirignano,
A5078655321,Alexis A. Antracoli,Alexis A. Antracoli,
A5079095743,Eva Notis,Eva Notis,
A5079449245,Evie Notis,Evie Notis,
A5079513077,Eric Benzschawel,Eric Benzschawel,
A5079536472,Warren L. Fields,Warren L. Fields,
A5079998400,Y. Liu,Y. Liu,
A5080415835,Vishnu M. Vaidya,Vishnu M. Vaidya; V Vaidya,
A5080473286,J. Liken,J. Liken,
A5080867071,Jennifer Heymont,Jennifer Heymont,
A5081299949,Roxanne Dávila,Roxanne Dávila,
A5081495097,Daniel García Murillo,Daniel García Murillo,https://orcid.org/0000-0002-6802-4784
A5081503544,Mike Conjalka,M. CONJALKA; Mike Conjalka,
A5081677411,Ellen Liss,Ellen Liss; E. Liss,
A5081756218,Jieha Lee,Jieha Lee,
A5081759352,Ruifang Song,Ruifang Song,
A5081763882,Danielle Rand,Danielle Rand,
A5081797240,Ariel Libhaber,Ariel Libhaber,
A5082538688,Nora Weber,Nora Weber,
A5082680970,Yangrui Ma,Yangrui Ma,
A5083053944,Lewis L. Jacobs,Lewis L. Jacobs; L.L. Jacobs,
A5083372079,Gideon Mor,Gideon Mor,
A5083397089,Kirsten Rene,Kirsten Rene,
A5083453638,L. Balvay,L. Balvay,
A5083794158,Loni Rogers,Loni Rogers,
A5083919773,Charles A.T. Skeete,Charles A.T. Skeete,
A5084032736,Chong-Hyun Kim,Chong‐Hyun Kim,
A5084063211,Lucille Holljes Altschul,Lucille Holljes Altschul; LUCILLE ALTSCHUL,
A5084091789,Aviv Segal Morag,Aviv Segal Morag,
A5084111344,Aliza J. Schwartz,Aliza J. Schwartz,
A5084671087,Anant Onkar Bhasin,Anant O. Bhasin; Anant Onkar Bhasin,
A5084723605,Jan Obel,Jan Obel,
A5084834279,M.L. Coval,M.L. Coval,
A5085372462,Maria A. Valencia,Maria A. Valencia; Maria Valencia,
A5085484125,Karen Roth Geromini,Karen Roth Geromini,
A5085622546,Judy Sneath,Judy Sneath,
A5085916974,Mary J. Bularzik,Mary J. Bularzik,
A5085965438,Zizhang Chen,Zizhang Chen,
A5086061662,Carolyn K. Kotarski,Carolyn K. Kotarski; C. Kotarski,
A5086190689,Kimberly M. Prenda,Kimberly M. Prenda; K M Prenda,
A5086261290,Bryan K. Wang,Bryan K. Wang,
A5086399638,Hilary M. Yeo,Hilary M. Yeo,
A5086711749,Keiji Ibata,Keiji Ibata,
A5086989553,Cong Qiao,Cong Qiao,
A5087058938,Chun-Hsing Chen,Chun‐Hsing Chen; C.‐H. Chen,
A5087145172,Lila Kaminsky,Lila Kaminsky,
A5087517972,Michelle Bourdeau,Michelle Bourdeau,
A5087690709,D. Wang,D. Wang,
A5087962644,Philip J. Meldman,Philip J. Meldman,
A5087998698,William C. Gay,William C. Gay,
A5088285881,Alfred Harris,Alfred Harris,
A5088509422,B.L.A. Carter,B.L.A. Carter,
A5088692045,Philip Lessans,Philip Lessans,
A5088716818,Tay P. Ho,Tay P. Ho; T Ho,
A5088802607,Greg Petsko,Greg Petsko,
A5089421171,Tsoyue Sun,Tsoyue Sun,
A5089831582,Ian Moura,Ian Moura,
A5089911883,William Lenh,W. Lenh; William Lenh,
A5089988207,Tina M. Sherman,Tina M. Sherman,
A5090092396,Samuel G. Bates,Samuel Bates; Samuel G. Bates,
A5090162454,Gerald L. Showstack,Gerald L. Showstack,
A5090242038,Sarah G. Turk Karan,Sarah G. Turk Karan,
A5090377731,Richard Ea,Richard Ea; EA Richard,
A5090636743,M S Dushay,M S Dushay,
A5090637066,Robert M. Beauregard,Robert M. Beauregard,
A5090637236,Alessandra A. Hruschka,Alessandra A. Hruschka; Alessandra Hruschka,
A5090639781,Sebastian LaGambina,Sebastian LaGambina,
A5090863828,Doris J. Bates,Doris J. Bates; D. J. BATES,
A5090936835,Steven B. Bloomfield,Steven B. Bloomfield,
A5090944856,R J Konopka,R J Konopka,
A5091006524,Idum Reiten,Idum Reiten,
A5091043051,AT Farid,AT Farid,
A5091268801,Zhengyang Zhou,Zhengyang Zhou,https://orcid.org/0000-0002-4609-7448
A5091416517,Rusmir Musić,Rusmir Musić; Rusmir Music,
A5091664332,Madeline Piccione,Madeline Piccione,
A5091894646,S. Deser,S. Deser,
A5092225267,Trent Quist,Trent Quist,
A5092797726,Charmi Porwal,Charmi Porwal,
A5093047071,Jorge Golowash,Jorge Golowash,
A5093346469,Grace Berchtold,Grace Berchtold,https://orcid.org/0000-0003-4319-539X
A5093380920,Alexander J. B. Reading,Alexander J. B. Reading,
A5093393062,Nikolas Proskura,Nikolas Proskura,
A5093652951,Malcolm J. Blough,Malcolm J. Blough; Malcolm Blough,https://orcid.org/0000-0002-1799-6073
A5093732514,Kelsey Sikes,Kelsey Sikes,https://orcid.org/0009-0003-9711-920X
A5093769703,Olivia Leland,Olivia Leland,
A5093769704,Ashley Dodge,Ashley Dodge,https://orcid.org/0000-0003-1201-5237
A5094143708,Jan Schreiber,Jan Schreiber,
A5094191609,Nidhi Gadia,Nidhi Gadia,
A5094191610,Mansi Thumbar,Mansi Thumbar,
A5094349266,Larry Freidman,Larry Freidman,
A5094623153,Carl Shapiro,Carl Shapiro,
A5094630103,Glenn Colton,Glenn Colton,
A5094674677,Series Editors,Series Editors,
A5094710717,David Eisen-,David Eisen‐; David Eisen,
A5094848479,Anthony Eliot,Anthony Eliot; A Eliot,
A5094854852,H Kitto,H Kitto,
A5094900122,Anne Hegeman,Anne Hegeman,
A5095230472,Valerii Dymshits,Valerii Dymshits,
A5095283458,Gregg Gardner,Gregg Gardner,
A5095651056,Senthilnath Chetty,Senthilnath Chetty; S Chetty,
A5095961163,Jamie Wire,Jamie Wire,
A5096365614,Jacob A. Gehtman,Jacob A. Gehtman,
A5096885338,Emma Y. Gao,Emma Y. Gao,
A5096946833,Andrew G. Szent-Gy�rgyi,Andrew G. Szent‐Gy�rgyi,
A5097050872,not provided Michael Rosbash,not provided Michael Rosbash,
A5098166667,Marvin Meyers,Marvin Meyers,
A5098681878,Laura Grunenkovaite,Laura Grunenkovaite,
A5098784604,Joel Cutcher Gershenfeld,Joel Cutcher Gershenfeld; Joel Gershenfeld,
A5098790926,Joel Gershenfeld,Joel Gershenfeld,
A5099022526,Hailey R. Crane,Hailey R. Crane,
A5099378900,Robert Stacey,Robert Stacey,
A5099541079,R Kornberg,R Kornberg,
A5099541085,S Cockcroft,S Cockcroft,
A5099651368,Susan Savitch,Susan Savitch,
A5100232156,MSW Natasha Lynne Vogdes,MSW Natasha Lynne Vogdes,
A5100861636,Deborah Grant,Deborah Grant; DM Grant,
A5100880429,Yan Na Zhao,Yan Zhao; Yan Na Zhao,
A5100881351,L. Coffey,L. Coffey,
A5101064884,Xiao Chen,Xiao Chen; Chen Xiao,
A5102142355,C. Blocker,C. Blocker,
A5102292880,Leandro de Oliveira Royer,Leandro de Oliveira Royer,
A5102383569,Jenny Cheng,Jenny Cheng,
A5102473838,Kim Beyer,K Beyer; Kim Beyer,
A5102665121,Xicong Wang,Xicong Wang,
A5102819597,Roshni Ray,Roshni Ray,https://orcid.org/0009-0006-1923-0780
A5103071029,Brandon Singh,Brandon Singh,https://orcid.org/0009-0001-7895-0079
A5103369679,J. Bradley Morrison,J. Bradley Morrison; JohnT. Morrison,
A5103435068,Ester Bullitt,E S Bullitt; Ester Bullitt,
A5103498667,G. C. DIAZ DE DELGADO,Guillermo C. Delgado; G. C. DIAZ DE DELGADO,
A5103563486,Rebecca Miller,Rebecca Miller,
A5103608911,C. Blocker,C. Blocker,
A5104222656,Serena S. Chiu,Serena S. Chiu,
A5104282611,Pierre-Jean David,Pierre‐Jean David; P. A. David,
A5104310159,Andrew Rueda,Andrew Rueda,
A5104693882,Do ̈ppler,Do ̈ppler,
A5104694810,E Eberhart,E Eberhart,
A5104934438,Bernadette J. Brooten,Bernadette J. Brooten,
A5105041065,Francella Nicholas,Francella Nicholas,
A5105042053,Kontrogianni- Konstantopoulos Aikaterini,Kontrogianni‐ Konstantopoulos Aikaterini,
A5105043544,Argaman Liron,Argaman Liron,
A5105142507,N. Miladinovic,N. Miladinovic,
A5105178894,S. Gozpinar,S. Gozpinar,
A5105191429,J. I. Lamoureux,J. I. Lamoureux,
A5105237069,S. Behrends,S. Behrends,
A5105285194,R. F. Harr,R. F. Harr,
A5105364067,Eric Andrew Fitzgerald,Eric Andrew Fitzgerald,
A5105400654,Weixing Gu,Weixing Gu,
A5105542133,J. Samarati,J. Samarati,
A5105572343,J Chen,J Chen,
A5105573149,J. Chen,J. Chen,
A5105579894,G. Sciolla,G. Sciolla,
A5105617304,K. Uchida,K. Uchida,
A5105627772,S. Dhaliwal,S. Dhaliwal,
A5105629248,M. Nordberg,M. Nordberg,
A5105629297,Z.M. Schillaci,Z.M. Schillaci,
A5105630502,G. Sciolla,G. Sciolla,
A5105706910,S. Dhaliwal,S. Dhaliwal,
A5105709290,M. Goblirsch-Kolb,M. Goblirsch‐Kolb,
A5105871874,S. Solomon,S. Solomon,
A5105987834,Craig Blocker,Craig Blocker,
A5106092208,Leonard W. Poon,Leonard W. Poon,
A5106269612,Parker Olkowski,Parker Olkowski,
A5106346216,Ken Kirio,Ken Kirio,
A5106418525,Y. Morita,Y. Morita,
A5106748107,S. Mitsui,S. Mitsui,
A5107031008,GG Turrigiano,GG Turrigiano,
A5107232686,Ch. Amelung,Ch. Amelung,
A5107346259,S. Gozpinar,S. Gozpinar,
A5107365240,V. Boisvert,V. Boisvert,
A5107365257,F. Capocasa,F. Capocasa,
A5107397197,P. Buchholz,P. Buchholz,
A5107419674,Daria A. Nefedova,Daria A. Nefedova,
A5107606519,Shiji Valsan,Shiji Valsan,
A5107851392,Louis Bianchini,Louis Bianchini,
A5107855959,S. Gozpinar,S. Gozpinar,
A5107873838,P. Podberezko,P. Podberezko,
A5107886817,M Soares-Santos,M Soares‐Santos,
A5107910819,Z. M. Schillaci,Z. M. Schillaci,
A5107924124,Z. M. Schillaci,Z. M. Schillaci,
A5107924615,M. Goblirsch-Kolb,M. Goblirsch‐Kolb,
A5107929831,Z. M. Schillaci,Z. M. Schillaci,
A5107937191,V. Latonova,V. Latonova,
A5107939704,D. T. Zenger,D. T. Zenger,
A5108109533,K O'connor,K O'connor,
A5108136626,Simona Gargiulo,S. Gargiulo; Simona Gargiulo,
A5108138749,Z. M. Schillaci,Z. M. Schillaci,
A5108355684,S. Moed,S. Moed,
A5108505131,F. Chevallier,F. Chevallier,
A5108517604,Arthur M. Hanel,Arthur M. Hanel; A M Hanel,
A5108524321,THOMAS STERGAARD TANGE,THOMAS STERGAARD TANGE; Thomas ∅. Tange,
A5108776840,Joseph Sutton,Joseph Sutton; J S Sutton,
A5108949096,Mikki Lee,Mikki Lee,
A5109111221,Sharon Hewitt,Sharon Hewitt,
A5109121845,Jiao-Jie Li,Jiao‐Jie Li,
A5109170892,Adam Lawrence Glick,A. Glick; Adam Lawrence Glick,
A5109261419,Llavori Leonardo,Llavori Leonardo; L Leonardo,
A5109460146,Senthil Subbiah Kumar,S. Kumar; Senthil Subbiah Kumar,
A5109535037,Marian Schwartz,Marian Schwartz,
A5109543477,A.L. Heggelund,A.L. Heggelund,
A5109701265,Jeff Johnston,Jeff Johnston,
A5109762934,Sohjeong Kim,Sohjeong Kim; S. K. KIM,
A5110096128,KarenE. Fields,KarenE. Fields,
A5110159813,My Linh D. Nguyen,M Nguyen; My Linh D. Nguyen,
A5110163811,FRANK H. CHEN,Frank H Chen; FRANK H. CHEN,
A5110208142,Eduardo Galvez,E GALVEZ; Eduardo Galvez,
A5110513021,Matthew MacKenzie,M.J. Mackenzie; Matthew MacKenzie,
A5110556767,K. H Kwok,Kit Kwok; K. H Kwok,
A5110587205,Martha W. Krauss,Martha W. Krauss,
A5110823927,D.A. Wheeler,D.A. Wheeler,
A5110870978,Robert E. Cenczyk,Robert E. Cenczyk,
A5110873240,Joan Evans,Joan Evans; J. Evans,
A5110876710,Peter Meineck,Peter Meineck,
A5110899234,Myosin Holt,M. E. Holt; Myosin Holt,
A5111192491,Xinyi Ni,Xinyi Ni,
A5111252911,Shu Xin Ng,Shu Xin Ng,
A5111284136,Maria T. Madison,M. Madison; Maria T. Madison,
A5111386621,Dorothy Epstein,D. K. Epstein; Dorothy Epstein,
A5111407555,Dorothy Louise Read. Freifelder,Dorothy L.R. Freifelder; Dorothy Louise Read. Freifelder,
A5111433637,S. Rodier,S. Rodier,
A5111478010,John B. Currie,John B. Currie,
A5111591394,Christian D. Johnson,Christian D. Johnson,
A5111653562,William M. Goldsmith,William M. Goldsmith,
A5111857266,Tiao-Yin Lin,Tiao‐Yin Lin,
A5111879650,Kai-Hsuan Chu,Kai‐Hsuan Chu,
A5111901910,S. Zheng,S. Zheng,
A5112081060,S.J. Bernard Coughlin,S.J. Bernard Coughlin; Shaun Coughlin,
A5112094971,Dorsey Jones,D. L. Jones; Dorsey Jones,
A5112099667,L. Bianchini,L. Bianchini,
A5112244311,E. K. DOYLE,E. K. DOYLE; Erin Doyle,
A5112412540,Caitlin O. Slodden,C. Slodden; Caitlin O. Slodden,
A5112744464,David Elmer,David Elmer,
A5112761184,Wayne Mak,Wayne Mak; W. K. Mak,
A5112837375,D. Dodsworth,D. Dodsworth,
A5113269716,William Lau,William Lau,
A5113271215,Katelyn E Strauss,Katelyn Strauss; Katelyn E Strauss,
A5113319270,Justin Jin,Justin Jin,
A5113525436,Hai‐Peng Yang,Hai‐Peng Yang,
A5113623240,D. A. Stone,D. A. Stone,
A5113639839,J. W. Healy†,J. W. Healy†; Jess Healy,
A5113676137,Myai Le,Myai Le,
A5113677940,N. Miladinovic,N. Miladinovic,
A5113987561,S. Sevova,S. Sevova,
A5114166581,Qian L. Lei,Qian L. Lei,
A5114210174,Anna Marangoni,Anna Marangoni,
A5114285384,Areen Khalaila,Areen Khalaila,
A5114328821,Keren Bobilev,Keren Bobilev,
A5114668345,Elena Soranno,Elena Soranno,
A5114756284,Deyaan Guha,Deyaan Guha,
A5114975575,Sarah J Jerome,Sarah J Jerome; Sarah Jerome,
A5115819684,Johanna Matulonis,Johanna Matulonis,
A5000234658,Katherine Cahn-Fuller,Katherine Cahn‐Fuller,
A5000293640,Katie Piattelli,Katie Piattelli,
A5000345478,Nabeeha Haq,Nabeeha Haq,
A5000382152,Zi‐Peng Fan,Zi‐Peng Fan,
A5000589194,Dagmar Binge,Dagmar Binge,
A5000809630,Eliezer Shinnar,Eliezer Shinnar,
A5000888480,D Koepsell,D Koepsell,
A5001018640,David FreifelderP,David FreifelderP,
A5001157080,Mehraj R Awal,Mehraj R Awal,
A5001225599,V. Thirumulai,V. Thirumulai,
A5001233155,Kristin Wieneke,Kristin Wieneke,
A5001269540,Ayelet A Eden,Ayelet A Eden,
A5001299814,Kenneth A. Raskin,Kenneth A. Raskin,
A5001348904,Sara Scully,Sara Scully,
A5001359804,Margaret G. Wiley,Margaret G. Wiley,
A5001466200,D Baltimore,D Baltimore,
A5001744628,Cynthia S. D. Schweppe,Cynthia S. D. Schweppe,
A5001758362,Xiao-bing Ji,Xiao‐bing Ji,
A5001907157,Kathleen Taylor,Kathleen Taylor,
A5001938580,Emily Parodi,Emily Parodi,
A5001996727,Eva Y Chiu,Eva Y Chiu,
A5002085610,Cheryl Kreinbring,Cheryl Kreinbring,
A5002201129,Margaret Toscano,Margaret Toscano,
A5002339414,Steve Gulley,Steve Gulley,
A5002407389,Amy S. Y. Lee,Amy S. Y. Lee,
A5002512284,Rhea Small,Rhea Small,
A5002620514,JUDITH Y. BERNSTEIN,JUDITH Y. BERNSTEIN,
A5002698800,Jakov Kučan,Jakov Kučan,
A5002744698,Qingli Che,Qingli Che,
A5002899880,Tangqui Li,Tangqui Li,
A5003018838,Q-Han Park,Q‐Han Park,
A5003095945,Alexandra Kaganovich,Alexandra Kaganovich,
A5003376023,Kathleen K. Siwick,Kathleen K. Siwick,
A5003449339,Navneet Marwaha,Navneet Marwaha,
A5003707975,Rosalind Chait Barnet,Rosalind Chait Barnet,
A5003710156,Bomsol Lee,Bomsol Lee,
A5003805284,Kate Giapponi,Kate Giapponi,
A5003842994,S. Bessendorf,S. Bessendorf,
A5003873013,N. Sofen,N. Sofen,
A5003927726,Barbra Berwald,Barbra Berwald,
A5004121409,Kenneth B. Levine,Kenneth B. Levine,
A5004385488,Peter Conrad e Kristin K. Barker,Peter Conrad e Kristin K. Barker,
A5004393877,Linda Frisch,Linda Frisch,
A5004561634,Norman Ashoroft,Norman Ashoroft,
A5004662057,Katherine Herrington,Katherine Herrington,
A5004728278,April D. Chang,April D. Chang,
A5004741491,Amélie Oksnberg Rorty,Amélie Oksnberg Rorty,
A5004766748,Nicole D'Agostino,Nicole D'Agostino,
A5005001668,Phil Holberton,Phil Holberton,
A5005216805,Yevgeniya Golster,Yevgeniya Golster,
A5005248785,Alexander W. Darrow,Alexander W. Darrow,
A5005269750,Bradley E. Kosiba,Bradley E. Kosiba,
A5005368775,S. Zheng,S. Zheng,
A5005398822,Gajendrahar Dwivedi,Gajendrahar Dwivedi,
A5005400040,E Crain,E Crain,
A5005534404,Steven Sass,Steven Sass,
A5005653186,Noah Mark,Noah Mark,
A5005752193,Savso Strle,Savso Strle,
A5005875071,William F. Eicker,William F. Eicker,
A5006070886,Alfered L. Ivry,Alfered L. Ivry,
A5006113538,Samuel Mintzer Fuchs,Samuel Mintzer Fuchs,
A5006160402,Miriam P. Halperin,Miriam P. Halperin,
A5006430916,J Danner,J Danner,
A5006530821,Temitope Odunleye,Temitope Odunleye,
A5007010039,Keongmin Rim,Keongmin Rim,
A5007106406,Alma Berson,Alma Berson,
A5007287708,Beverly M. Ash,Beverly M. Ash,
A5007418581,KAREN S. ADLER,KAREN S. ADLER,
A5007424387,Catherine M. Spicer,Catherine M. Spicer,
A5007476057,B.A. Revill,B.A. Revill,
A5007491944,Jackie Blesso,Jackie Blesso,
A5007540597,Luis E. Yglesias,Luis E. Yglesias,
A5007553885,Anja Parish,Anja Parish,
A5007559972,A. Maskey,A. Maskey,
A5007561070,Jonathan Soo Hoo,Jonathan Soo Hoo,
A5007802582,Marcia Hood Brown,Marcia Hood Brown,
A5007810727,Shakara L Scott,Shakara L Scott,
A5008231056,Ellen P. Rayner,Ellen P. Rayner,
A5008335010,Mareshia Donald,Mareshia Donald,
A5008383133,F. Tomasz,F. Tomasz,
A5008452816,Cynthia E. Beam,Cynthia E. Beam,
A5008632575,Noah K. Gilman,Noah K. Gilman,
A5008689175,DonaldB. Giddon,DonaldB. Giddon,
A5008871560,Susan W. Tafler,Susan W. Tafler,
A5009072520,S. Gallion,S. Gallion,
A5009076767,Lindsay H. Mortenson,Lindsay H. Mortenson,
A5009107983,M. Cherniack,M. Cherniack,
A5009250318,K. Prem,K. Prem,
A5009254091,Gretchen Kellogg,Gretchen Kellogg,
A5009530761,Karin Felsher,Karin Felsher,
A5009636065,S. C. Blake,S. C. Blake,
A5009721339,James S. Saunders,James S. Saunders,
A5009791454,Kaylan S. Chakrabarti,Kaylan S. Chakrabarti,
A5009958569,Gunnar Dybwadi,Gunnar Dybwadi,
A5010108076,S J Whitfield,S J Whitfield,
A5010397939,Carlo Nicola Amapane,Carlo Nicola Amapane,
A5010573134,Nicole Ayasse,Nicole Ayasse,
A5010719035,Joe Crook,Joe Crook,
A5010846727,E. Galvez,E. Galvez,
A5010848121,Aryn L. Grossman,Aryn L. Grossman,
A5010931122,GregoryL. Freeze,GregoryL. Freeze,
A5010973828,Wanita Kumar,Wanita Kumar,
A5011016857,Ethan Masella,Ethan Masella,
A5011345704,Ronald von Fellenberg,Ronald von Fellenberg,
A5011478864,M.P. VAZE,M.P. VAZE,
A5011645091,Mercedes Hall,Mercedes Hall,
A5011731430,Theodore Schell,Theodore Schell,
A5011980576,Rthur Wingfield,Rthur Wingfield,
A5012075068,C H Kim,C H Kim,
A5012160804,Maitri Stiskin,Maitri Stiskin,
A5012360500,Janet Mosnaim,Janet Mosnaim,
A5012415290,Jared M. Clemens,Jared M. Clemens,
A5012438818,Anna Yatskar,Anna Yatskar,
A5013132512,J. Chen,J. Chen,
A5013201080,C. Hohenemmser,C. Hohenemmser,
A5013247395,NATASHA LEVIN,NATASHA LEVIN,
A5013322397,Wenqian An,Wenqian An,
A5013450049,D. SCHARDL,D. SCHARDL,
A5013531101,Livnat Herzig,Livnat Herzig,
A5013540186,Tereasa Ching Ho,Tereasa Ching Ho,
A5013824706,Jennifer L. Hefele,Jennifer L. Hefele,
A5013866069,Kathryn A. Piper,Kathryn A. Piper,
A5014087517,H. Wellenstein,H. Wellenstein,
A5014220356,SK Veerunaidu Subbiah,SK Veerunaidu Subbiah,
A5014381105,Laura Larenz,Laura Larenz,
A5014455440,Saied Shahraz,Saied Shahraz,
A5014556691,Danielle M. Maurice,Danielle M. Maurice,
A5014573676,Vassilios A. Rigas,Vassilios A. Rigas,
A5014619791,A. W. Sandoval,A. W. Sandoval,
A5014628205,Trybus Km,Trybus Km,
A5014767347,H. Marqusee,H. Marqusee,
A5015025044,Leonard A. Bard,Leonard A. Bard,
A5015223866,Gina Gotthilf,Gina Gotthilf,
A5015255248,Beverly Renee Stern,Beverly Renee Stern,
A5015273732,Nicole A. Porter,Nicole A. Porter,
A5015490917,Mohammad Taimur,Mohammad Taimur,
A5015611060,Howard Gersham,Howard Gersham,
A5015672673,Humberto Reynoso,Humberto Reynoso,
A5015776905,Yonina C. Weiss,Yonina C. Weiss,
A5015807394,Fietje Oostindier-Braaksma,Fietje Oostindier‐Braaksma,
A5016346521,Christina Mazzio,Christina Mazzio,
A5016528666,Karen Apatow,Karen Apatow,
A5016533462,Y. Li,Y. Li,
A5016621991,Stephan Thernstorm,Stephan Thernstorm,
A5016623809,Diane Goldberg,Diane Goldberg,
A5016730427,P. Kuekes,P. Kuekes,
A5016872916,Rachel H Aubuchon,Rachel H Aubuchon,
A5016901170,HÉLÈNE CODÈRE,HÉLÈNE CODÈRE,
A5016944027,Z.Ben Sassan,Z.Ben Sassan,
A5016955326,Jieying Bo,Jieying Bo,
A5016992876,Cynthia A. Piltch,Cynthia A. Piltch,
A5017071297,Daniel Bellow,Daniel Bellow,
A5017125412,T Kadesch,T Kadesch,
A5017249851,GaryH. Jefferson,GaryH. Jefferson,
A5017256097,Henry Norr,Henry Norr,
A5017304319,Janine N. Wickers,Janine N. Wickers,
A5017345417,L.K. Herrick,L.K. Herrick,
A5017435924,Sherry Wexler,Sherry Wexler,
A5017453343,H. Tung-Li,H. Tung‐Li,
A5017462515,Kaisy Smith,Kaisy Smith,
A5017585490,M. Rosbaslt,M. Rosbaslt,
A5017601670,V. Dharmavaram,V. Dharmavaram,
A5017606986,Frances Colón-Hastings,Frances Colón‐Hastings,
A5017671364,J.J. Herskovits,J.J. Herskovits,
A5017758307,Ariana Berlin,Ariana Berlin,
A5018050611,Clare M. Wheless,Clare M. Wheless,
A5018147208,Daniella B. Tobin,Daniella B. Tobin,
A5018165206,N Gaukhshteyn,N Gaukhshteyn,
A5018202996,Yehudah Livneh,Yehudah Livneh,
A5018203589,Paula Dudnik,Paula Dudnik,
A5018258724,Anastasia Norton,Anastasia Norton,
A5018345172,Heather Pillar,Heather Pillar,
A5018472639,David C. Gil,David C. Gil,
A5018493262,Megan Catalano,Megan Catalano,
A5018529915,C. A. Booth,C. A. Booth,
A5018619619,N. E. Wang,N. E. Wang,
A5018697142,Michele Segal,Michele Segal,
A5018729934,Robexrt H. Abeles,Robexrt H. Abeles,
A5018781756,Amanda K. Shilton,Amanda K. Shilton,
A5018841670,Marguerite A. Eisenstein-Taylor,Marguerite A. Eisenstein‐Taylor,
A5018905020,A. P. Carter,A. P. Carter,
A5018926215,Alana J. Hodson,Alana J. Hodson,
A5019029255,Janet S Zisk,Janet S Zisk,
A5019035216,James T. Shaw,James T. Shaw,
A5019050247,C. Chen,C. Chen,
A5019233915,D. Lee,D. Lee,
A5019236090,Weintana Leah Abraha,Weintana Leah Abraha,
A5019373745,Amy W. Helfman,Amy W. Helfman,
A5019461713,Bruce Oriel,Bruce Oriel,
A5019477185,Rebekah M. Fain,Rebekah M. Fain,
A5019491762,Jeffrey P. Donohue,Jeffrey P. Donohue,
A5019943286,Judith Libhaber,Judith Libhaber,
A5020116062,Craig Seyfreid,Craig Seyfreid,
A5020359830,A L Bodley,A L Bodley,
A5020426651,Jennifer Girourd,Jennifer Girourd,
A5020439434,Tsutomu ARAKAWA,Tsutomu ARAKAWA,
A5020494521,Jennifer B. Brenner,Jennifer B. Brenner,
A5020621404,Edwin E. Huling,Edwin E. Huling,
A5020685865,Ju ̈rgen Kupper,Ju ̈rgen Kupper,
A5020841071,Sophie M Gruztner,Sophie M Gruztner,
A5020936414,Madeline Engeler,Madeline Engeler,
A5021067492,Kemi Peng,Kemi Peng,
A5021074191,Madeline Z. Luke,Madeline Z. Luke,
A5021143995,C. Li,C. Li,
A5021242952,G. M. Bearasley,G. M. Bearasley,
A5021332790,D. Belinskaya,D. Belinskaya,
A5021358617,MichaelT. Duignan,MichaelT. Duignan,
A5021488989,Ian K. Schleifer,Ian K. Schleifer,
A5021528237,R. OLDENBOURG,R. OLDENBOURG,
A5021730590,Y. Li,Y. Li,
A5021809262,S. DeAgostino,S. DeAgostino,
A5021884414,Albert R Colllnson,Albert R Colllnson,
A5022309308,Verne E. Woods,Verne E. Woods,
A5022370092,Gajendradhar Dwivedi,Gajendradhar Dwivedi,
A5022511201,Iu-Yam Chan,Iu‐Yam Chan,
A5022729156,B SNIDER,B SNIDER,
A5022815068,A.H. Ruttenberg,A.H. Ruttenberg,
A5023021231,Jean E. Deo,Jean E. Deo,
A5023109537,B Weiffenbach,B Weiffenbach,
A5023191778,Tiginesh M. Beyene,Tiginesh M. Beyene,
A5023249945,Lena Webb,Lena Webb,
A5023293433,MARIA AGUDELO CURTIN,MARIA AGUDELO CURTIN,
A5023647690,Herbert I. Posin,Herbert I. Posin,
A5023728579,Mitchel D Millan,Mitchel D Millan,
A5023775409,Shaghayegh Rostampour,Shaghayegh Rostampour,
A5023863685,T J Gluckman-Peskind,T J Gluckman‐Peskind,
A5024115282,Marisa Kager,Marisa Kager,
A5024197236,Sarah Fein,Sarah Fein,
A5024412745,Anh-Dai LU,Anh‐Dai LU,
A5024558002,Jess Shenkel,Jess Shenkel,
A5024668413,Ralph Dewitt,Ralph Dewitt,
A5024716162,Jake P. Cohen,Jake P. Cohen,
A5024888445,Brigitte M. Peskar,Brigitte M. Peskar,
A5024898710,Paula Bader,Paula Bader,
A5025009000,I. Siegert,I. Siegert,
A5025068272,Maurice Windley,Maurice Windley,
A5025137029,Vadim Benderskiy,Vadim Benderskiy,
A5025182160,Abraham H. Stein,Abraham H. Stein,
A5025188612,Ramya Ramakrishna,Ramya Ramakrishna,
A5025203814,L. Dann,L. Dann,
A5025268015,Yon G. Lee,Yon G. Lee,
A5025409031,Betsy Aron,Betsy Aron,
A5025502927,Loredana Padurean,Loredana Padurean,
A5025524918,Steve Mirarchi,Steve Mirarchi,
A5025551908,Jennifer G. Horne,Jennifer G. Horne,
A5025593337,Priyanka Renugopalakrishnan,Priyanka Renugopalakrishnan,
A5025620539,Rashad Ullah,Rashad Ullah,https://orcid.org/0000-0002-8620-8181
A5025725303,Nathaniel J. Dimick,Nathaniel J. Dimick,
A5025845568,Bar Guzi,Bar Guzi,https://orcid.org/0000-0002-8058-3570
A5025912018,Liza Ansher,Liza Ansher,
A5025923475,Syd Malaxos,Syd Malaxos,
A5025955341,Lindsay Garito,Lindsay Garito,
A5026218474,Halasa-Rappel Yara A,Halasa‐Rappel Yara A,
A5026245681,Robert A. Thornton,Robert A. Thornton,
A5026307352,H Jefferson,H Jefferson,
A5026439855,Jordan Clapper,Jordan Clapper,
A5026480789,S. Chen,S. Chen,
A5026482596,Stephen G. Mostov,Stephen G. Mostov,
A5026523273,Daniel N.C. Wang,Daniel N.C. Wang,
A5026578113,Nicole Kopetz,Nicole Kopetz,
A5026606566,CATHA MASLOW,CATHA MASLOW,
A5026692742,Michael Crivaro,Michael Crivaro,
A5026858446,C. Chen,C. Chen,
A5026960043,Jane Khour,Jane Khour,
A5027004556,Linda M. Morrill,Linda M. Morrill,
A5027056496,D A Buchbaum,D A Buchbaum,
A5027131111,Terry Ann Knope,Terry Ann Knope,
A5027222999,Emmanuel Obasuyi,Emmanuel Obasuyi,
A5027286031,Charles I. Schotiland,Charles I. Schotiland,
A5027288763,Karina J Baum,Karina J Baum,
A5027305428,Katherine So,Katherine So,
A5027355097,Zayna Basma,Zayna Basma,
A5027362232,Vartan Yeghiazarians,Vartan Yeghiazarians,
A5027362927,Glen Rosenfeld,Glen Rosenfeld,
A5027388474,Benjamin Kragen,Benjamin Kragen,
A5027401547,F Fabre,F Fabre,
A5027582218,Kaisy Smith,Kaisy Smith,
A5027590595,ShiLu Vanasupa,ShiLu Vanasupa,
A5028302273,M.R. Harrington,M.R. Harrington,
A5028361569,SHIMARYAHU TALMON,SHIMARYAHU TALMON,
A5028406312,Cynthia Valdés-Galicia,Cynthia Valdés‐Galicia,
A5028485071,Maja J MataG,Maja J MataG,
A5028546537,John U. Odumah,John U. Odumah,
A5028651486,Y.A. Halasa,Y.A. Halasa,
A5028668098,Susan J. BIRREN,Susan J. BIRREN,
A5028812255,D. Abadi,D. Abadi,
A5028922101,Emanuel Mussman,Emanuel Mussman,
A5028980316,Yaminette Diaz Lindhart,Yaminette Diaz Lindhart,
A5029186399,R. Binion,R. Binion,
A5029219755,Jennifer S. Wu,Jennifer S. Wu,
A5029250180,LAUREBNCE J. SILBERSTEIN,LAUREBNCE J. SILBERSTEIN,
A5029322420,Yuliya Vugmeyster,Yuliya Vugmeyster,
A5029376445,Bridget W. Veratti,Bridget W. Veratti,
A5029393465,R. Kolouch,R. Kolouch,
A5029526546,Jesse D. Gordon,Jesse D. Gordon,
A5029548079,Arielle Stopa,Arielle Stopa,
A5029927861,Maura Baldiga,Maura Baldiga,
A5030120901,Bai Huamao,Bai Huamao,
A5030163022,Colin T Swales,Colin T Swales,
A5030336187,S. Desser,S. Desser,
A5030454430,Priya Iyenger,Priya Iyenger,
A5030573021,J.F. Steinman,J.F. Steinman,
A5030775514,Eleanor R. Ehrenfeld,Eleanor R. Ehrenfeld,
A5031020732,M. Stephen. Zitrin,M. Stephen. Zitrin,
A5031022105,Nathan Needle,Nathan Needle,
A5031211134,J.J. Wang,J.J. Wang,
A5031340097,AUDREY I. LATMAN,AUDREY I. LATMAN,
A5031385580,S. Chen,S. Chen,
A5031401999,Janet Mclntosh,Janet Mclntosh,
A5031462005,Dorothy A. Beli,Dorothy A. Beli,
A5031478716,Kathleen M. Greene,Kathleen M. Greene,
A5031859682,Aimee C. Butterworth,Aimee C. Butterworth,
A5031884003,Beatrice Buten,Beatrice Buten,
A5031986950,Robert W Seifert,Robert W Seifert,
A5032019775,Kaisy Smith,Kaisy Smith,
A5032140051,D Hariharan,D Hariharan,
A5032392863,Alycia N. Sullivan,Alycia N. Sullivan,
A5032459854,Stephen S. Levine,Stephen S. Levine,
A5032471496,CF Barber,CF Barber,
A5032542074,Hillary Teed,Hillary Teed,
A5032667637,JamesT. Newton,JamesT. Newton,
A5032740959,Taylor Jonhston,Taylor Jonhston,
A5032756515,Ellen D. Kellman,Ellen D. Kellman,
A5032797875,Priscilla S. Danniest,Priscilla S. Danniest,
A5032890529,Ann H. Glazebrook,Ann H. Glazebrook,
A5033006910,M. Adler,M. Adler,
A5033040803,Matthew Tattar,Matthew Tattar,
A5033281049,D. A. Kotze,D. A. Kotze,
A5033308614,Emily E. Pruc,Emily E. Pruc,
A5033333137,Yonatan Meschede-Krasa,Yonatan Meschede‐Krasa,
A5033339187,Devereux Gong Powers,Devereux Gong Powers,
A5033398549,Elizabeth Zeinalova,Elizabeth Zeinalova,
A5033404322,Lilit Drak,Lilit Drak,
A5033498108,Alfred Nisonff,Alfred Nisonff,
A5033508852,A. Silliman,A. Silliman,
A5033533973,Hsin-Hong Lai,Hsin‐Hong Lai,
A5033722482,B Torem,B Torem,
A5033740047,S. Lamb,S. Lamb,
A5033766574,Alex Plotnick,Alex Plotnick,
A5033925655,J. Chen,J. Chen,
A5034027002,Ellen Hammerschlag,Ellen Hammerschlag,
A5034099686,J. Papenmeier,J. Papenmeier,
A5034190749,Eleonore Toman,Eleonore Toman,
A5034441671,Jingqi Yuan,Jingqi Yuan,https://orcid.org/0000-0002-4668-487X
A5034462874,Phillip M. Keehn,Phillip M. Keehn,
A5034483905,Jack Forrester,Jack Forrester,https://orcid.org/0000-0001-9755-6854
A5034534201,Ben Notis,Ben Notis,
A5034571707,Sarah M. Glatt,Sarah M. Glatt,
A5034720787,M. P. Karnett,M. P. Karnett,
A5034763120,Madison Lylerohr,Madison Lylerohr,
A5034785005,Frederick W. Pepper,Frederick W. Pepper,
A5034893013,RobinFeuer Miller,RobinFeuer Miller,
A5034898287,J. A. Laskin,J. A. Laskin,
A5034903672,Daniel T. N. Chen,Daniel T. N. Chen,
A5035224964,Melissa H Heinsen,Melissa H Heinsen,
A5035261417,ELIZABETH M. SAJDEL- SULKOWSKA,ELIZABETH M. SAJDEL‐ SULKOWSKA,
A5035295831,Margot Kempers,Margot Kempers,
A5035468879,Thomas G. Hollocher,Thomas G. Hollocher,
A5035527172,Helen B. Rappe Baggett,Helen B. Rappe Baggett,https://orcid.org/0000-0003-1748-7356
A5035609452,Erin Siegal McIntyre,Erin Siegal McIntyre,
A5035719491,N Suresh,N Suresh,
A5035964380,Phillip Maurer,Phillip Maurer,
A5036058184,Kirk Taylor,Kirk Taylor,
A5036060725,Caroline S Mock-Casagrande,Caroline S Mock‐Casagrande,
A5036130674,Shana M Tetrault,Shana M Tetrault,
A5036465325,James A. Finn,James A. Finn,
A5036968213,Molly Lortie,Molly Lortie,
A5036977385,Bonnie Beretta,Bonnie Beretta,
A5037062220,AB Taublieb,AB Taublieb,
A5037067273,L. Smolinsky,L. Smolinsky,
A5037074617,Subba R. Oruganti,Subba R. Oruganti,
A5037203013,Stephanie Sapowicz,Stephanie Sapowicz,
A5037327500,Marcia Phillips,Marcia Phillips,
A5037351368,Emiliano Gutiérrez-Popoca,Emiliano Gutiérrez‐Popoca,
A5037376814,Mo Re Kim,Mo Re Kim,
A5037554436,Tephen J. Whitfield,Tephen J. Whitfield,
A5037667728,Phillix Esquea,Phillix Esquea,
A5037990635,Claude Sige,Claude Sige,
A5038015878,Tom Rossetti,Tom Rossetti,
A5038048016,Mohammed Al Mehdar,Mohammed Al Mehdar,
A5038062045,Elise Ginsberg,Elise Ginsberg,
A5038122986,Kihombo Robert Mpangala,Kihombo Robert Mpangala,
A5038174192,N. E. Seidel,N. E. Seidel,
A5038206267,Nikhil Bumb,Nikhil Bumb,
A5038209831,S. Daros,S. Daros,
A5038244864,Debra Corfman,Debra Corfman,
A5038387607,Szexian Lee,Szexian Lee,
A5038434014,Stephen J. Whitefield,Stephen J. Whitefield,
A5038497571,H. Chen,H. Chen,
A5038531829,Thomas M. Schweitzer,Thomas M. Schweitzer,
A5038813379,Dana R Padgett,Dana R Padgett,
A5038874487,Ricki Pearl Levitus,Ricki Pearl Levitus,
A5039011192,Rosalind S. Gertner,Rosalind S. Gertner,
A5039069038,Ann-Marie Mateucci,Ann‐Marie Mateucci,
A5039231142,M. Krongelb,M. Krongelb,
A5039238936,Rafael Julio Sánchez Lamoneda,Rafael Julio Sánchez Lamoneda,
A5039329303,L Hereford,L Hereford,
A5039411513,Paul A. Carnahan,Paul A. Carnahan,
A5039442605,D.G. Stereeter,D.G. Stereeter,
A5039677025,Marc R. Leibowitz,Marc R. Leibowitz,
A5039694158,Elain Braun-Keller,Elain Braun‐Keller,
A5039890993,Leia Harris,Leia Harris,
A5039896332,S Remer,S Remer,
A5039918029,Perović Nikola,Perović Nikola,
A5039920793,S. J. Carter,S. J. Carter,
A5040014784,Eliayhu Kraus,Eliayhu Kraus,
A5040102006,David I. Ruby,David I. Ruby,
A5040154022,Priya Koundinya,Priya Koundinya,
A5040166652,Faria Afreen,Faria Afreen,
A5040238292,Rephael Stern,Rephael Stern,
A5040277701,Noa Na'aman,Noa Na'aman,
A5040361688,Jennifer K. Unruh,Jennifer K. Unruh,
A5040468045,Mark D. Corrigan,Mark D. Corrigan,
A5040488115,Bri Law,Bri Law,
A5041000882,MIKO JIANG,MIKO JIANG,
A5041150605,IraM. Gessel,IraM. Gessel,
A5041385459,Max Markey,Max Markey,
A5041556161,T.-P. Chen,T.‐P. Chen,
A5041557349,Joshua Leichman,Joshua Leichman,
A5041668430,D.S. Shepard,D.S. Shepard,
A5041838104,Gregorz Ira,Gregorz Ira,
A5041938435,Shu-Jung Kao,Shu‐Jung Kao,
A5042145776,Larry Sternberg,Larry Sternberg,
A5042252404,William B. Salton,William B. Salton,
A5042398120,Elinor Rodgers,Elinor Rodgers,
A5042584287,Donglai Lyu,Donglai Lyu,
A5042626426,M. Grourke,M. Grourke,
A5042764368,Patricia Punsal,Patricia Punsal,
A5042765078,Senthil Veerunaidu Subbiah,Senthil Veerunaidu Subbiah,https://orcid.org/0000-0002-7313-7943
A5042800781,Phillip Cohn,Phillip Cohn,
A5042871603,T. M. Szabo-Maas,T. M. Szabo‐Maas,
A5043072138,KATHARINE R. TULL,KATHARINE R. TULL,
A5043225241,S Lu,S Lu,
A5043358767,S. Desee,S. Desee,
A5043395084,Bronia Goldman,Bronia Goldman,
A5043405919,Constantine G. Kozhukhin,Constantine G. Kozhukhin,
A5043454992,L KLERMAN,L KLERMAN,
A5044198750,R. Wilsker,R. Wilsker,
A5044231123,Michael Perlow-Zelman,Michael Perlow‐Zelman,
A5044268006,Jacob Weisfeld,Jacob Weisfeld,
A5044516088,Isaac Cohen-Abbo,Isaac Cohen‐Abbo,
A5044565897,D Przybylski,D Przybylski,
A5044640119,S. Brocco,S. Brocco,
A5044814984,Terrence G. Merrett,Terrence G. Merrett,
A5044851396,Benson Sazer,Benson Sazer,
A5044855162,Jeanie Springer,Jeanie Springer,
A5044889371,J. Pustejovsky,J. Pustejovsky,
A5044907939,Luke E. Cohen-Abeles,Luke E. Cohen‐Abeles,
A5044908913,Xidhong Xhang,Xidhong Xhang,
A5044924485,Noah K. Gilman,Noah K. Gilman,
A5045053315,Becky Barton,Becky Barton,
A5045078328,Esther Aderonke Abodunrin,Esther Aderonke Abodunrin,
A5045122064,Ravi Lakshmikanthan,Ravi Lakshmikanthan,
A5045226353,Kimberly A. Pukstas,Kimberly A. Pukstas,
A5045353538,Roser Saurf,Roser Saurf,
A5045417246,Evan Moloney,Evan Moloney,
A5045555134,S. DESER,S. DESER,
A5045880342,Jacqueline M. Jordan,Jacqueline M. Jordan,
A5046110508,Janice Robertson,Janice Robertson,
A5046140947,D L Lieberman,D L Lieberman,
A5046141313,C. Agagone,C. Agagone,
A5046156174,J. Chen,J. Chen,
A5046265697,Sevim Yardimici,Sevim Yardimici,
A5046323180,Barry Delclos,Barry Delclos,
A5046337284,Ramya Shyam,Ramya Shyam,
A5046339804,Will Burstein,Will Burstein,
A5046391231,P. Hellert,P. Hellert,
A5046710364,BONITA J. SOLEY,BONITA J. SOLEY,
A5046748400,Audrey Whittle,Audrey Whittle,
A5047069045,G. Mou,G. Mou,
A5047099288,Lumilla Berenfeld,Lumilla Berenfeld,
A5047477141,Andrea N. Wiesel,Andrea N. Wiesel,
A5047498125,H. Susi,H. Susi,
A5047715243,BENNY KRAUT,BENNY KRAUT,
A5047895282,Lianfi Li,Lianfi Li,
A5047968911,Kate L. Crotty,Kate L. Crotty,
A5048026047,T. M. De Kort,T. M. De Kort,
A5048122461,S.G. Ficiei,S.G. Ficiei,
A5048174813,Nick Botchan,Nick Botchan,
A5048260210,Katherine Krajovic,Katherine Krajovic,
A5048363129,M. Ospeck,M. Ospeck,
A5048416291,E. Merrick,E. Merrick,
A5048495670,Matthew R. Mallory,Matthew R. Mallory,
A5048619353,Graciela C. De Diaz Delgado,Graciela C. De Diaz Delgado,
A5048832728,Stacy Dai,Stacy Dai,
A5048937097,Steven S. Sapers,Steven S. Sapers,
A5049673369,ANNE GREGORY,ANNE GREGORY,
A5049889857,Sarah M. Shoemaker,Sarah M. Shoemaker,
A5049930036,Aafia Siddiqui,Aafia Siddiqui,
A5050251007,Magdalena A. Skumiał,Magdalena A. Skumiał,
A5050310988,Laura Bonvini,Laura Bonvini,
A5050384905,Ekwu B. Ochigbo,Ekwu B. Ochigbo,
A5050424506,M. S. Green,M. S. Green,
A5050431612,M.T. GRISARU,M.T. GRISARU,
A5050481172,B. Birang,B. Birang,
A5050538695,Thomas Eugene Bertorelli,Thomas Eugene Bertorelli,
A5050559657,Y. W. Chen,Y. W. Chen,
A5050578713,Saleem Bharmal,Saleem Bharmal,
A5050659177,Edward W. Locke,Edward W. Locke,
A5050693124,Jake Nathanson,Jake Nathanson,
A5050775871,P LIN,P LIN,
A5050824354,Devon J. Powell,Devon J. Powell,
A5050864392,Kimberly Patricio,Kimberly Patricio,
A5050962270,ROSELYN A. FARREN,ROSELYN A. FARREN,
A5050994416,Eyu Hiel,Eyu Hiel,
A5051172085,Raymond S. Stanley,Raymond S. Stanley,
A5051429790,Marissa Turesky,Marissa Turesky,
A5051481879,Damian Payiatakis,Damian Payiatakis,
A5051525113,Ana Nioradze,Ana Nioradze,
A5051581348,Josh Allgaier,Josh Allgaier,
A5051582277,Bennet Epstein,Bennet Epstein,
A5051645778,Loren Bach,Loren Bach,
A5051647109,C.B. Shana,C.B. Shana,
A5051821199,Hannes Pfeiffenberger,Hannes Pfeiffenberger,
A5051842030,Mikeal V. Garabedian,Mikeal V. Garabedian,
A5051937476,Jeanne A. B. Calabro,Jeanne A. B. Calabro,
A5051949404,Alexsandr Kivenson,Alexsandr Kivenson,
A5051958869,Ryanne Spann,Ryanne Spann,
A5052076812,Deena Kanopkin,Deena Kanopkin,
A5052250349,I. H. Gilbert,I. H. Gilbert,
A5052333654,Andrea Saperstein,Andrea Saperstein,
A5052561251,R. Sekuler,R. Sekuler,
A5052875121,S. Chen,S. Chen,
A5052880965,PAMELA KIMKUNG,PAMELA KIMKUNG,
A5052955171,Jared L. Goetz,Jared L. Goetz,
A5053281304,Lovemore Mupfukura,Lovemore Mupfukura,
A5053392663,J. Chen,J. Chen,
A5053673968,L. Kirsch,L. Kirsch,
A5053711022,Arturo C. Alcantara,Arturo C. Alcantara,
A5054063383,B Shenker,B Shenker,
A5054097775,Hereford Rw,Hereford Rw,
A5054157749,Elizabeth M. Cross,Elizabeth M. Cross,
A5054508118,Homayoon Danesh,Homayoon Danesh,
A5054529294,Kris Bouchard,Kris Bouchard,
A5054557393,Margaret L O'Brien,Margaret L O'Brien,
A5054599003,H. Chen,H. Chen,
A5054777904,M. Gibbs,M. Gibbs,
A5054902338,Winand Hess,Winand Hess,
A5054926581,Max Perlitsh,Max Perlitsh,
A5054977358,Yevgenyia Goltser,Yevgenyia Goltser,
A5055065267,Stephanie Armanious,Stephanie Armanious,
A5055141430,Elan Benjamin Reuben,Elan Benjamin Reuben,
A5055199931,TA Fry,TA Fry,
A5055208056,Nannan Chen,Nannan Chen,https://orcid.org/0009-0009-1919-3336
A5055278821,Bev Hosking,Bev Hosking,
A5055365789,Zai Ganesh,Zai Ganesh,
A5055370559,JamesR. Lackner,JamesR. Lackner,
A5055672589,Alexander W. Sarkis,Alexander W. Sarkis,https://orcid.org/0009-0009-0554-0667
A5055752033,Rajashree Ghosh,Rajashree Ghosh,
A5055881502,Maryanne Spicer,Maryanne Spicer,
A5055904298,Allyala K. Nandakumer,Allyala K. Nandakumer,
A5055974773,Ann-Marie Matteucci,Ann‐Marie Matteucci,
A5056054046,Chaelon I. O. Myme,Chaelon I. O. Myme,
A5056111585,E. Shrout Patrick,E. Shrout Patrick,
A5056364827,Nivia Medina,Nivia Medina,
A5056445445,Margaret J Sanyal,Margaret J Sanyal,
A5056666765,Heather W. Lyons,Heather W. Lyons,
A5056724369,A. Wilson,A. Wilson,
A5056834889,Kristin Ma,Kristin Ma,
A5056862476,Sarah W. Obrant,Sarah W. Obrant,
A5056879160,Barb Browning,Barb Browning,
A5057022036,Sumeet Datt,Sumeet Datt,
A5057051450,Gyöurgy Bazsa,Gyöurgy Bazsa,
A5057112278,Liang Jingsheng,Liang Jingsheng,
A5057112825,L.F. Abbott,L.F. Abbott,
A5057130412,Megan Leubner,Megan Leubner,
A5057178843,Janet Michaels,Janet Michaels,
A5057336596,Charles I. Schottiand,Charles I. Schottiand,
A5057677307,Ethan Saal,Ethan Saal,
A5057688544,G. Francis,G. Francis,
A5057734995,Yifan Leng,Yifan Leng,
A5057953541,Allie Indeck,Allie Indeck,
A5058008516,Gerald D. Rosenthal,Gerald D. Rosenthal,
A5058009159,R. Covert,R. Covert,
A5058117124,Michael Rosbach,Michael Rosbach,
A5058180166,A. S. IZGOEV,A. S. IZGOEV,
A5058197885,Julie W. Wei,Julie W. Wei,
A5058202242,Abraham R. Rennert,Abraham R. Rennert,
A5058331033,Ryan Siddique,Ryan Siddique,
A5058415963,MATHEW SCAN,MATHEW SCAN,
A5058480319,M. S. Dernis,M. S. Dernis,
A5058557917,Richard Hegmann,Richard Hegmann,
A5058612286,Bradford Maynes,Bradford Maynes,
A5058740273,John M Lowenateln,John M Lowenateln,
A5058828617,Fernando C. Colon Osono,Fernando C. Colon Osono,
A5058919684,Joan J. Zabkar,Joan J. Zabkar,
A5058982700,SANYAL,SANYAL,
A5059028339,Henry Iancovici,Henry Iancovici,
A5059037427,Jiayue Tai,Jiayue Tai,https://orcid.org/0000-0003-3624-9556
A5059134387,Neeti S Kulkarni,Neeti S Kulkarni,
A5059232425,Robert Schlief,Robert Schlief,
A5059316352,Alice A. Shapiro,Alice A. Shapiro,
A5059384302,Diana Durham,Diana Durham,
A5059394131,Idowu Y. Akanmu,Idowu Y. Akanmu,
A5059445681,Samantha U. March,Samantha U. March,
A5059503358,P. Hanks,P. Hanks,
A5059554404,Ioanna Demetrescu,Ioanna Demetrescu,
A5059797118,Jodie Fafel,Jodie Fafel,
A5059850475,Ellen Tracy Mayra,Ellen Tracy Mayra,
A5060077769,Efim Furman,Efim Furman,
A5060250940,S. Chen,S. Chen,
A5060250970,AV Garger,AV Garger,
A5060339481,Benjamin Kragen,Benjamin Kragen,
A5060344980,Cheryl Kingma-Kiekhofer,Cheryl Kingma‐Kiekhofer,
A5060427168,Alexander H. Sheehan,Alexander H. Sheehan,
A5060435676,Lauren O'Sullivan,Lauren O'Sullivan,https://orcid.org/0000-0002-6269-9190
A5061293774,L.PARKER MARY,L.PARKER MARY,
A5061326825,J.Daniel Amit,J.Daniel Amit,
A5061449368,Hannah K Saltman,Hannah K Saltman,
A5061646651,MH Holmqvist,MH Holmqvist,
A5061690752,T.J. Hickey,T.J. Hickey,
A5062010519,ChristineM. Thomas,ChristineM. Thomas,
A5062052280,Gary H. Jeerson,Gary H. Jeerson,
A5062076533,Gary W. Tannehill,Gary W. Tannehill,
A5062403109,Dillon C. Harvey,Dillon C. Harvey,
A5062650380,Winfield Lowman,Winfield Lowman,
A5062841958,Onaje Salim,Onaje Salim,
A5062914973,Phillip T. Cohen,Phillip T. Cohen,
A5063181666,P.S. Sarin,P.S. Sarin,
A5063363729,S.P. Hariton,S.P. Hariton,
A5063382899,Rabbi Meir Sendor,Rabbi Meir Sendor,
A5063384035,Mark P. Taylort,Mark P. Taylort,
A5063499782,Hsiao-Ti Falcone,Hsiao‐Ti Falcone,
A5063568024,Max Bushmakin,Max Bushmakin,
A5063616261,Moise Bourdeau,Moise Bourdeau,
A5063628593,Andrew W. Hu,Andrew W. Hu,
A5063834435,Helen Van Vanakis,Helen Van Vanakis,
A5063856834,P Keselman,P Keselman,
A5063902354,Jennifer Lutzy McDonald,Jennifer Lutzy McDonald,
A5063955809,Matthew Wakern,Matthew Wakern,
A5064063504,MarÃ­a Iranzo,MarÃ­a Iranzo,
A5064070713,P Wier,P Wier,
A5064098283,Dahiana Loaiza,Dahiana Loaiza,
A5064140367,Bryan A. Bremner,Bryan A. Bremner,
A5064156713,F.H. Cordelle,F.H. Cordelle,
A5064348447,J. P. Levine,J. P. Levine,
A5064414460,Ellen Rovner,Ellen Rovner,
A5064442568,KATHRYN YOSELSON,KATHRYN YOSELSON,
A5064475109,Yuklko Yamazakl,Yuklko Yamazakl,
A5064678312,Josephine Robillo,Josephine Robillo,
A5064704587,Murray Galster,Murray Galster,
A5064706654,J. D. Childress,J. D. Childress,
A5064837951,Russel Weaver,Russel Weaver,
A5064866984,SHLOMO H. MEISLIN,SHLOMO H. MEISLIN,
A5065026101,G. Kasumova,G. Kasumova,
A5065092486,X C Liao,X C Liao,
A5065308065,Erika B. Epstein,Erika B. Epstein,
A5065341021,Iddo Haklai,Iddo Haklai,
A5065556115,Marisa Miodowski,Marisa Miodowski,
A5065595484,E. S. Blanch,E. S. Blanch,
A5065632035,Sooyoung Jeong,Sooyoung Jeong,
A5065641078,S.T. Lovett,S.T. Lovett,
A5065810279,Nikolaus J Skogsberg,Nikolaus J Skogsberg,
A5065814030,Muriel Fudala,Muriel Fudala,
A5065839444,M Ketchum,M Ketchum,
A5065843929,S. Chen,S. Chen,
A5065911315,H Bering,H Bering,
A5066017263,Robert E. Liptrot,Robert E. Liptrot,
A5066249110,Cyrush H. Gordon,Cyrush H. Gordon,
A5066499959,Geoffrey Kao,Geoffrey Kao,
A5066632749,Qingtian Mei,Qingtian Mei,
A5066742013,Achini Opthalage,Achini Opthalage,
A5066879987,Julie M. Morgulis,Julie M. Morgulis,
A5066914594,M. Torres,M. Torres,
A5066933705,Neha Safaya,Neha Safaya,
A5067020626,C P Nielson,C P Nielson,
A5067048842,Holly M. Lauer,Holly M. Lauer,
A5067050011,Barry Berk,Barry Berk,
A5067061856,R.L. De Haan,R.L. De Haan,
A5067242437,B.J. Smernoff,B.J. Smernoff,
A5067287566,Eric Borcsok,Eric Borcsok,
A5067293301,Betsy R. Yachzel,Betsy R. Yachzel,
A5067448055,Lexi Lazar,Lexi Lazar,
A5067480479,Shelmo Morag,Shelmo Morag,
A5067502590,Margaret Barrol,Margaret Barrol,
A5067681343,Joshua A. Kresh,Joshua A. Kresh,
A5067694072,Emily Messalaar,Emily Messalaar,
A5067778007,Roma Pathak,Roma Pathak,
A5067794132,Brian Slepian,Brian Slepian,
A5068003582,Hayden E. Lincicome,Hayden E. Lincicome,
A5068047551,Harry Fruchtman,Harry Fruchtman,
A5068253909,Anita Kao,Anita Kao,
A5068363605,Elizabeth Sklar Rozier,Elizabeth Sklar Rozier,
A5068429845,Melissa J. Heinsen,Melissa J. Heinsen,
A5068525899,Elena Rao,Elena Rao,
A5068538651,Julia Kantor,Julia Kantor,
A5068598545,Rachel Massuda,Rachel Massuda,
A5068654323,Ophelia Delali A. Akoto,Ophelia Delali A. Akoto,
A5068666580,Samuel Beller,Samuel Beller,
A5068698882,Yiyang Piao,Yiyang Piao,
A5068893794,C RUMSEY,C RUMSEY,
A5069098177,Melissa P. Blackman,Melissa P. Blackman,
A5069378650,R I Napomechie,R I Napomechie,
A5069405603,SJ Kulkarni,SJ Kulkarni,
A5069456313,Abby Zadina,Abby Zadina,
A5069687840,Mike Crivaro,Mike Crivaro,
A5069739683,Donald N. Cotler,Donald N. Cotler,
A5069845570,G. Zhang,G. Zhang,
A5069895948,O. Pollack,O. Pollack,
A5069981751,Roberta Leviton,Roberta Leviton,
A5070102774,R. Ruth Linden,R. Ruth Linden,
A5070156105,Batia Snir,Batia Snir,
A5070158886,Hannah Gershon,Hannah Gershon,
A5070187647,Normand L DeCelles,Normand L DeCelles,
A5070279137,R.J. Parmentier,R.J. Parmentier,
A5070516033,Jean Bethge Elshtain,Jean Bethge Elshtain,
A5070536826,Camille Linick,Camille Linick,
A5070567158,T. Kristoffersen,T. Kristoffersen,
A5070578234,Lisa Rourke,Lisa Rourke,
A5070725494,Mark Sceigaj,Mark Sceigaj,
A5070835580,Dagmar Rinye,Dagmar Rinye,
A5070893858,L. Levine,L. Levine,
A5070945405,Kurt A. Belisle,Kurt A. Belisle,
A5071159401,I Lengyel,I Lengyel,
A5071175841,Vasil Makharashvili,Vasil Makharashvili,
A5071385035,Joy von Steiger,Joy von Steiger,
A5071750220,Deborah L Bordne,Deborah L Bordne,
A5071830787,S. B. Bortolami,S. B. Bortolami,
A5071990578,Nelson Hosley,Nelson Hosley,
A5071997273,Jessica G. Pullen,Jessica G. Pullen,
A5072049263,Domenick Raphael,Domenick Raphael,
A5072447675,S.L. Brunelle,S.L. Brunelle,
A5072464094,T. Virmani,T. Virmani,
A5072655139,Nicolae-Adrian Iftimia,Nicolae‐Adrian Iftimia,
A5072768062,C. Geoffrey F. Stamper,C. Geoffrey F. Stamper,
A5072909073,Long Yi,Long Yi,https://orcid.org/0000-0002-2792-3409
A5072994819,H. Chen,H. Chen,
A5073197505,Daniel R. Tenenbaum,Daniel R. Tenenbaum,
A5073271305,Jeffrey Rubman,Jeffrey Rubman,
A5073302069,Camden Parks,Camden Parks,
A5073354703,Jessica D Abramowitz,Jessica D Abramowitz,
A5073400739,John K. Luechauer,John K. Luechauer,
A5073533777,Linajun Li,Linajun Li,
A5073580587,Gurbir S. Arora,Gurbir S. Arora,
A5073582859,Alanna Levy,Alanna Levy,
A5073628567,Jennifer Taufan,Jennifer Taufan,
A5073796486,James Reviewer-Pustejovsky,James Reviewer‐Pustejovsky,
A5073815653,Jill E. Swartz,Jill E. Swartz,
A5073841878,Aline Weitzman,Aline Weitzman,
A5073862051,Mira E. Garin,Mira E. Garin,
A5074146420,May Lima,May Lima,
A5074224500,Saiyeon Yoon,Saiyeon Yoon,
A5074225703,Gwenn C. Eylath,Gwenn C. Eylath,
A5074362283,B. R. Mollow,B. R. Mollow,
A5074446588,Jeff Prottas,Jeff Prottas,
A5074590673,Marc N. Sperber,Marc N. Sperber,
A5074753983,Jan Qui,Jan Qui,
A5074949950,Solomon Finkelstein,Solomon Finkelstein,
A5075060463,Sabrina J.-M. Santiago,Sabrina J.‐M. Santiago,
A5075277988,Saori Kato,Saori Kato,
A5075386970,P. Nowathean,P. Nowathean,
A5075411310,Laura J. Lewis,Laura J. Lewis,
A5075437640,Meital Singer,Meital Singer,
A5075460476,Beth Gabrielle Resko,Beth Gabrielle Resko,
A5075499357,Clementine Faure-Bellaiche,Clementine Faure‐Bellaiche,
A5075509032,G Channugam,G Channugam,
A5075613289,Edward Bassett,Edward Bassett,
A5075722313,Linda E Rost,Linda E Rost,
A5075722693,Hilda Bradvica,Hilda Bradvica,
A5075920253,Meda Kisivuli,Meda Kisivuli,
A5076058831,Geri Ferber,Geri Ferber,
A5076130349,Akash Vadalia,Akash Vadalia,
A5076403362,Joanne Qiao,Joanne Qiao,
A5076583982,Lee H. Matsueda,Lee H. Matsueda,
A5076699389,Philip L. Selesnick,Philip L. Selesnick,
A5076725126,K S Rudnicki,K S Rudnicki,
A5076774311,G. F. Brandes,G. F. Brandes,
A5076810966,S Bromley,S Bromley,
A5076832550,H. Chen,H. Chen,
A5076882339,John F. DeCourcey,John F. DeCourcey,
A5077014928,Joanne Beswick Jannsen,Joanne Beswick Jannsen,
A5077174802,Hana Erkou,Hana Erkou,
A5077226971,M.B. O'Neil,M.B. O'Neil,
A5077480909,Xue-Shi Hao,Xue‐Shi Hao,
A5077528859,R Aguadé,R Aguadé,
A5077582576,Nancy Lovgren,Nancy Lovgren,
A5077652362,Irina Ratskovskaya,Irina Ratskovskaya,
A5077653577,LQ Luo,LQ Luo,
A5077683484,Veronica Nica,Veronica Nica,
A5078098325,J.M. Weingart,J.M. Weingart,
A5078272639,Laura J. Goldin,Laura J. Goldin,
A5078353778,Van Essayan,Van Essayan,
A5078462983,McKay C. Shaw,McKay C. Shaw,
A5078549720,Saqib Hashim,Saqib Hashim,
A5078658314,P. Sampat,P. Sampat,
A5078688734,Qishen Su,Qishen Su,
A5078724581,Damian Y. Lin,Damian Y. Lin,
A5078802480,Schimon Schichor,Schimon Schichor,
A5078947726,Huainin Wang,Huainin Wang,
A5079024123,Dhwani Harihan,Dhwani Harihan,
A5079033907,Whitman E. Lilley,Whitman E. Lilley,
A5079365554,AndrewJ. Swensen,AndrewJ. Swensen,
A5079584433,S. Chen,S. Chen,
A5079886537,F Stutz,F Stutz,
A5079902589,Y. A. Halasa-Rappel,Y. A. Halasa‐Rappel,
A5079928059,Caron Winslow,Caron Winslow,
A5080011717,Malte Möhr,Malte Möhr,
A5080432432,April Y. Hou,April Y. Hou,
A5080958723,Bruce L. A. Carterr,Bruce L. A. Carterr,
A5081277691,Louis Schreiber,Louis Schreiber,
A5081373177,Amie M. Stewart,Amie M. Stewart,
A5081573073,Annika Schulte,Annika Schulte,
A5081692619,C. Chen,C. Chen,
A5081714862,A PRINCE,A PRINCE,
A5081782269,Sarah R. Lipitz,Sarah R. Lipitz,
A5081899342,Priyatam Piya,Priyatam Piya,
A5082105268,A.A. Sharp,A.A. Sharp,
A5082110928,J. Mahmuh,J. Mahmuh,
A5082116369,Henry Boc,Henry Boc,
A5082313178,Jee-Heub Koh,Jee‐Heub Koh,
A5082385576,J. Michjeda,J. Michjeda,
A5082420491,Steven Glasser,Steven Glasser,
A5082437662,J. A. Averell,J. A. Averell,
A5082546750,Callie Watkins Liu,Callie Watkins Liu,
A5082592186,Vincent J Mecozzi,Vincent J Mecozzi,
A5082765034,Bobbiana J. Neubert,Bobbiana J. Neubert,
A5082820116,D ISAACOWITZ,D ISAACOWITZ,
A5083452783,Matthew R. Sgan,Matthew R. Sgan,
A5083495263,A. M. HAESTIER,A. M. HAESTIER,
A5083556642,Elsie Hasskarl,Elsie Hasskarl,
A5083646022,Irina Kotovsky,Irina Kotovsky,
A5083801993,Erickson Ma,Erickson Ma,
A5083830431,Victor Kubatin,Victor Kubatin,
A5083854987,D. Lynne Haggerty,D. Lynne Haggerty,
A5084193971,Benjamin Pulminskas,Benjamin Pulminskas,
A5084195488,Suki Omere,Suki Omere,
A5084364397,Sanchita Dasgupta,Sanchita Dasgupta,https://orcid.org/0009-0007-4604-5879
A5084371941,Svetlana S. Taneva,Svetlana S. Taneva,
A5084564276,Elizabeth Folino,Elizabeth Folino,
A5084660407,Samuel W. Kressel,Samuel W. Kressel,
A5084843748,Habiba Braimah,Habiba Braimah,
A5084844936,Jennifer R. Hurvitz-Wolff,Jennifer R. Hurvitz‐Wolff,
A5085275543,Xue Jie Chen,Xue Jie Chen,
A5085344336,Paul Dismukes,Paul Dismukes,
A5085592679,Julia K. Thompson,Julia K. Thompson,
A5085825964,Gutsell Jennifer,Gutsell Jennifer,
A5085870684,H. T. Epstein,H. T. Epstein,
A5085981435,AMELE OKSENBERG RORTY,AMELE OKSENBERG RORTY,
A5086014276,Eva Gerhart-Mueller,Eva Gerhart‐Mueller,
A5086101297,Marcia Petchers-Cassell,Marcia Petchers‐Cassell,
A5086451610,Maria Altebarmakian Richard Alterman,Maria Altebarmakian Richard Alterman,
A5086571052,Runqiao Dai,Runqiao Dai,
A5086602904,ATTILA O. KLEIN,ATTILA O. KLEIN,
A5086980916,Drew R. Teitz,Drew R. Teitz,
A5087051294,Heba Naim Ali,Heba Naim Ali,
A5087378907,Karen T. Kaye,Karen T. Kaye,
A5087383165,Kaisy Smith,Kaisy Smith,
A5087483062,Ayala Hamami,Ayala Hamami,
A5087534999,Jeanetta M. Ireland,Jeanetta M. Ireland,
A5087565429,Judith Gitomer,Judith Gitomer,
A5087602325,Judy Herzfeld,Judy Herzfeld,
A5087617928,I. M. Asher,I. M. Asher,
A5087669772,Manlun Ma,Manlun Ma,
A5087732930,Max Chretien,Max Chretien,
A5087954565,Glenn D. Hogan,Glenn D. Hogan,
A5087972084,Liana Simpson,Liana Simpson,
A5088298102,Ari Marcus,Ari Marcus,
A5088314111,Benjamin Gomes- Casseres,Benjamin Gomes‐ Casseres,
A5088879070,MJ Hamblen-Coyle,MJ Hamblen‐Coyle,
A5089013132,Susan L. Shevttz,Susan L. Shevttz,
A5089020563,D. Neil Gomberg,D. Neil Gomberg,
A5089332960,Linda Nonno,Linda Nonno,
A5089473551,Sam F. Nassar,Sam F. Nassar,
A5089476973,Kumba Sennaar,Kumba Sennaar,
A5089501126,McGinity Keren R,McGinity Keren R,
A5089527661,Kyle J. Van Gorkom,Kyle J. Van Gorkom,
A5089641317,Michael R. D'Onofrio,Michael R. D'Onofrio,
A5089708161,P J Berger,P J Berger,
A5089906610,Carole Willliams,Carole Willliams,
A5089932093,Victoria Bosman,Victoria Bosman,
A5090219236,Anne Schide,Anne Schide,
A5090455645,Stacey M. Edelstein,Stacey M. Edelstein,
A5090524552,Stephen Scheufele,Stephen Scheufele,
A5090552716,Dianne Quartarone Crocker,Dianne Quartarone Crocker,
A5090574565,Harold Mekeel,Harold Mekeel,
A5090650990,K. Y. Lee,K. Y. Lee,
A5090652504,Leneè S. Holland,Leneè S. Holland,
A5090668849,HELEN T. HEALY,HELEN T. HEALY,
A5090687116,L Klerman,L Klerman,
A5090760569,R. Lee,R. Lee,
A5090785967,C.L. Schildkbatjt,C.L. Schildkbatjt,
A5090798881,SH Bagully,SH Bagully,
A5090855834,Congzhu Lin,Congzhu Lin,
A5090958599,Miriam P. Halperin,Miriam P. Halperin,
A5091235449,Lisa Yuan,Lisa Yuan,
A5091313317,Morton Robins,Morton Robins,
A5091376021,David S. Carvel,David S. Carvel,
A5091420320,Vivian Zeng,Vivian Zeng,
A5091583823,Y. Rodriguez,Y. Rodriguez,
A5091636311,Eva B. Nokes,Eva B. Nokes,
A5091751267,Senior Fellow,Senior Fellow,
A5091783195,Audrey Fiertel,Audrey Fiertel,
A5091796399,Joclyn Davis,Joclyn Davis,
A5091897136,Rotraut v. Garnier,Rotraut v. Garnier,
A5091913239,Clare T. Tully,Clare T. Tully,
A5091956134,Ayça Durmus,Ayça Durmus,
A5091956135,Maryanne Cullinan,Maryanne Cullinan,
A5092183915,Gila Weinrib,Gila Weinrib,
A5092437032,Luca Swinford,Luca Swinford,
A5092443227,Kehong Qing,Kehong Qing,
A5092533824,Ben Kragen,Ben Kragen,
A5092596172,Awosan Oyinkansola,Awosan Oyinkansola,
A5092630910,Christianah Toluwalope Adeoya,Christianah Toluwalope Adeoya,
A5092735594,Dina M. Ocken,Dina M. Ocken,
A5092842711,Noah Lourie,Noah Lourie,
A5092846699,Eric Paik,Eric Paik,
A5092846730,Renée Nakkab,Renée Nakkab,
A5092846734,Rebecka Sokoloff,Rebecka Sokoloff,
A5092846750,Anna Fernands,Anna Fernands,
A5092895054,Rene Kanjo Njamnshi,Rene Kanjo Njamnshi,
A5092984010,Christopher Hollrah,Christopher Hollrah,
A5093093963,Nikita Alimov,Nikita Alimov,
A5093252331,Julia M Apitz,Julia M Apitz,https://orcid.org/0000-0002-9704-9729
A5093403608,Manas Maniar,Manas Maniar,
A5093442418,Babarinde Abdulraheem Olaide,Babarinde Abdulraheem Olaide,
A5093465669,Tamar Aizenberg,Tamar Aizenberg,
A5093836068,Ornit Barkai,Ornit Barkai,https://orcid.org/0000-0001-7018-7470
A5093871470,Nicole Kanzler,Nicole Kanzler,
A5093902580,Sacha Panic,Sacha Panic,
A5093974815,Jennifer Lee-Rambharose,Jennifer Lee‐Rambharose,https://orcid.org/0009-0002-0120-3099
A5093974817,Jennifer Senda,Jennifer Senda,
A5093974818,Nancy Garr-Colzie,Nancy Garr‐Colzie,
A5094024140,Adhithri Rajaragupathi,Adhithri Rajaragupathi,
A5094211174,Melinda D’lppolito,Melinda D’lppolito,
A5094222923,Deniz Bulucu,Deniz Bulucu,
A5094235737,Alberto Madariega,Alberto Madariega,
A5094305410,Skyler Inman,Skyler Inman,
A5094309888,Oran M. Rahamim,Oran M. Rahamim,
A5094378848,Mary Tenzer,Mary Tenzer,
A5094378849,Charles Warren Van Cleve,Charles Warren Van Cleve,
A5094406789,K Igusa' And,K Igusa' And,
A5094448838,Susanne Calories,Susanne Calories,
A5094499952,R Keay,R Keay,
A5094499953,J Merriman,J Merriman,
A5094499954,Bryan Mr,Bryan Mr,
A5094499955,D Gajdusek,D Gajdusek,
A5094499956,J Harri-,J Harri‐,
A5094505045,Witold Me,Witold Me,
A5094513927,Maria Niles,Maria Niles,
A5094513928,Pi Sigma,Pi Sigma,
A5094513929,Alpha Award,Alpha Award,
A5094524446,Amigas Amantes,Amigas Amantes,
A5094524447,Nicholas Wolfi Nger,Nicholas Wolfi Nger,
A5094524448,Do Babies,Do Babies,
A5094574374,Anne Bragance,Anne Bragance,
A5094627030,Anna Perenna In Vergil,Anna Perenna In Vergil,
A5094627031,Statius Ovid,Statius Ovid,
A5094627032,Anna Perenna,Anna Perenna,
A5094641776,Iva Banac,Iva Banac,
A5094648692,William Frucht,William Frucht,
A5094648750,Fridrikh Firsov,Fridrikh Firsov,
A5094705789,Markus Demary,Markus Demary,
A5094705790,Kiel Gemkow,Kiel Gemkow,
A5094705791,Bielefeld Simon,Bielefeld Simon,
A5094705792,Berlin Dominik,Berlin Dominik,
A5094705793,Klagenfurt Gottfried,Klagenfurt Gottfried,
A5094705794,Bielefeld Harting,Bielefeld Harting,
A5094705795,Bielefeld Kordian,Bielefeld Kordian,
A5094705796,Berlin Kai,Berlin Kai,
A5094705797,Bozen Michael,Bozen Michael,
A5094705798,Marcel Rieser,Marcel Rieser,
A5094705799,Berlin Und,Berlin Und,
A5094705800,Zürich Veit,Zürich Veit,
A5094705801,Mannheim Weidlich,Mannheim Weidlich,
A5094705802,Mannheim Anke,Mannheim Anke,
A5094705803,Bielefeld Klaus,Bielefeld Klaus,
A5094705804,Bamberg Lucius,Bamberg Lucius,
A5094705805,Blake Lebaron The,Blake Lebaron The,
A5094705806,Thelma Sachar,Thelma Sachar,
A5094705807,Gießen Mit Beiträgen,Gießen Mit Beiträgen,
A5094705808,Von Axhausen,Von Axhausen,
A5094705809,Zürich Beuck,Zürich Beuck,
A5094705810,Berlin Chen,Berlin Chen,
A5094705811,Berlin Dawid,Berlin Dawid,
A5094711363,Katie Acosta Amigas,Katie Acosta Amigas,
A5094727400,Casey Dué,Casey Dué,
A5094727401,Mary Ebbot,Mary Ebbot,
A5094727402,Donald Karr,Donald Karr,
A5094727403,Joe Ledoux,Joe Ledoux,
A5094727404,Alex Loney,Alex Loney,
A5094727405,Suzanne Lye,Suzanne Lye,
A5094727406,Linda Mcnulty,Linda Mcnulty,
A5094727407,Robin Mitchell-Boysak,Robin Mitchell‐Boysak,
A5094727408,Gregory Nagy,Gregory Nagy,
A5094727409,Dani Bostick,Dani Bostick,
A5094727410,Steven Scully,Steven Scully,
A5094727411,Nicholas Califf,Nicholas Califf,
A5094727412,Joey Kornman,Joey Kornman,
A5094727413,Eve Browning,Eve Browning,
A5094727414,Emily Dana,Emily Dana,
A5094727415,Derek Delisi,Derek Delisi,
A5094731193,Heather Tafel,Heather Tafel,
A5094731195,Rebecca Barnes Weitzenhoffer,Rebecca Barnes Weitzenhoffer,
A5094779205,Kristjan Kristajansson,Kristjan Kristajansson,
A5094812026,D Cancer,D Cancer,
A5094829137,Manfred Steurich,Manfred Steurich,
A5094831585,Rupert Wallerstein,Rupert Wallerstein,
A5094831586,Christian Stichter,Christian Stichter,
A5094831587,Stanlake Potholm,Stanlake Potholm,
A5094849182,James Spudlch,James Spudlch,
A5094877549,Raj Sampath,Raj Sampath,
A5094877550,Mr Soyoye,Mr Soyoye,
A5094877551,Narayanan Gunasekaran,Narayanan Gunasekaran,
A5094887230,Graham Fowell,Graham Fowell,
A5094889914,R Linsker,R Linsker,
A5094896372,Lorenzo Da,Lorenzo Da,
A5094896374,Del Raso,Del Raso,
A5094896375,Esq Ambassador,Esq Ambassador,
A5094909966,Robert Falck,Robert Falck,
A5094924000,Karl Worner,Karl Worner,
A5094939745,Vidal Sassoon,Vidal Sassoon,
A5094939746,Simon Epstein,Simon Epstein,
A5094951877,Mary Dreier,Mary Dreier,
A5094958661,J Lepowskyi,J Lepowskyi,
A5094975802,Alvaro De Vita,Alvaro De Vita,
A5094975803,King Steward,King Steward,
A5094975804,Eric Claeys,Eric Claeys,
A5094975805,De Forest,De Forest,
A5095010188,Carol Birkland,Carol Birkland,
A5095010189,Lisa Blum,Lisa Blum,
A5095010191,Peter Demant,Peter Demant,
A5095010192,Ayala Emmett,Ayala Emmett,
A5095010193,Varda Ginosar,Varda Ginosar,
A5095010194,Ziad Abuzayyad,Ziad Abuzayyad,
A5095010195,Daphna Golan,Daphna Golan,
A5095010196,Rabah Ha- Labi,Rabah Ha‐ Labi,
A5095010197,Sara Kallai,Sara Kallai,
A5095010198,Maxine Kaufman- Lacusta,Maxine Kaufman‐ Lacusta,
A5095010199,Nadia Nasser-Najjab,Nadia Nasser‐Najjab,
A5095010200,Shany Payes,Shany Payes,
A5095010201,Suha Sabbagh,Suha Sabbagh,
A5095010202,Dikla Alush,Dikla Alush,
A5095010203,Hanna Siniora,Hanna Siniora,
A5095010204,Gila Swirsky,Gila Swirsky,
A5095010205,Hanan Ashrawi,Hanan Ashrawi,
A5095010206,Uri Avnery,Uri Avnery,
A5095010207,Mordecai Bar-On,Mordecai Bar‐On,
A5095230473,Eds Photogra,Eds Photogra,
A5095231509,The Works,The Works,
A5095231510,Ed Super,Ed Super,
A5095231511,Mrs Moorman,Mrs Moorman,
A5095231512,A Writer',A Writer',
A5095231513,Hugh Clough,Hugh Clough,
A5095231514,Ed Lowry,Ed Lowry,
A5095236772,Ross Steven,Ross Steven,
A5095247245,Brian Milton,Brian Milton,
A5095247246,Bruce Miroff,Bruce Miroff,
A5095247247,Paul Breines,Paul Breines,
A5095247248,Phil Harris,Phil Harris,
A5095247249,Darrell Hawthorne,Darrell Hawthorne,
A5095247250,Cyril Levitt,Cyril Levitt,
A5095247251,Stan Draenos,Stan Draenos,
A5095248802,Ursula Langkau,Ursula Langkau,
A5095248803,Alex Lives In Amsterdam,Alex Lives In Amsterdam,
A5095248804,H Cleyndertweg,H Cleyndertweg,
A5095253129,Jacob Marcus,Jacob Marcus,
A5095253130,Liz Scarpelli,Liz Scarpelli,
A5095253131,Jeanne Ambrosio,Jeanne Ambrosio,
A5095264824,John Gartley,John Gartley,
A5095264825,James Sackey,James Sackey,
A5095264826,W Cruywagen,W Cruywagen,
A5095264827,Anthony Ngubo,Anthony Ngubo,
A5095264828,Jehenne Teilhet,Jehenne Teilhet,
A5095264829,Jean Borgatti,Jean Borgatti,
A5095283459,Sarra Lev,Sarra Lev,
A5095294078,Ann Tolbert,Ann Tolbert,
A5095410509,Bruce Magid,Bruce Magid,
A5095410510,Citigroup Schroders,Citigroup Schroders,
A5095410511,Rothschild Josse,Rothschild Josse,
A5095429682,Robert Eisen,Robert Eisen,
A5095429683,Cindy Chazan,Cindy Chazan,
A5095429684,Warren Magder,Warren Magder,
A5095429685,Scott Bass,Scott Bass,
A5095429686,Aaron Lasensky,Aaron Lasensky,
A5095429687,Rami Panken,Rami Panken,
A5095429688,Juan Battle,Juan Battle,
A5095429689,Herb Danzger,Herb Danzger,
A5095429690,Mervin Verbit,Mervin Verbit,
A5095429691,Max Ticktin,Max Ticktin,
A5095449851,Ríibert Teighìiiger,Ríibert Teighìiiger,
A5095462093,Lyle Bregestovsky,Lyle Bregestovsky,
A5095473362,Margot Project,Margot Project,
A5095476689,Philip Lown,Philip Lown,
A5095500148,Mr Lavers,Mr Lavers,
A5095518786,Kihomo Robert Mpangala,Kihomo Robert Mpangala,
A5095520958,Yana Bushmelov,Yana Bushmelov,
A5095520959,Benjamin Briscer,Benjamin Briscer,
A5095520960,Masha Lokshin,Masha Lokshin,
A5095520961,Fern Nearly,Fern Nearly,
A5095528507,Lowi Appoints,Lowi Appoints,
A5095528508,Theodore Program,Theodore Program,
A5095544454,Phu Gopalakrishnan,Phu Gopalakrishnan,
A5095544455,Peter Pasadilla,Peter Pasadilla,
A5095544456,Christian Urata,Christian Urata,
A5095544457,James Viegelahn,James Viegelahn,
A5095546789,Index Ann,Index Ann,
A5095546790,The Atlantic,The Atlantic,
A5095546791,Xavier Bias,Xavier Bias,
A5095556821,Joel Baden Born,Joel Baden Born,
A5095592567,Marko Aho,Marko Aho,
A5095592568,Judah Cohen Is Lou,Judah Cohen Is Lou,
A5095592569,Sybil Mervis,Sybil Mervis,
A5095594772,Barbara Wells,Barbara Wells,
A5095604864,Salah Soheyb,Salah Soheyb,
A5095613572,Shiffman Canter,Shiffman Canter,
A5095645206,T Beard,T Beard,
A5095646563,I Memoriam,I Memoriam,
A5095646564,George Fryer,George Fryer,
A5095651053,N Annan,N Annan,
A5095651054,Nane Annan,Nane Annan,
A5095651055,Z Aouni,Z Aouni,
A5095651057,J Christchurch,J Christchurch,
A5095651058,J Dahlqvist,J Dahlqvist,
A5095651059,M Dakhli,M Dakhli,
A5095651060,B Åmo,B Åmo,
A5095651061,L Andrén,L Andrén,
A5095663351,H Schiffrnan,H Schiffrnan,
A5095663352,Aaron Katchen,Aaron Katchen,
A5095828261,Laura Lorenz,Laura Lorenz,
A5095829419,Lijun Lin,Lijun Lin,
A5095856371,S. Ilan Troen,S. Ilan Troen,
A5095856375,S. Ilan Troen,S. Ilan Troen,
A5096752640,C. Mukonoweshuro,C. Mukonoweshuro,
A5096783118,A. Rumshinsky,A. Rumshinsky,
A5096807632,EROME A. SCHIFF,EROME A. SCHIFF,
A5096834976,Fred Berkovitch,Fred Berkovitch,
A5096837478,Matthew Urato,Matthew Urato,
A5096839193,A. Harris,A. Harris,
A5096840181,Arthur Durant,Arthur Durant,
A5096840590,Diane DeGrace,Diane DeGrace,
A5096842782,N. Melnick,N. Melnick,
A5096970859,Rebecca C Soslowksy,Rebecca C Soslowksy,
A5096976063,S. E. Kurzawa-Goertz,S. E. Kurzawa‐Goertz,
A5096982880,MSSS Nancy Atwood,MSSS Nancy Atwood,
A5097017401,Tara Potashnik,Tara Potashnik,
A5097108992,Javed Ikbal,Javed Ikbal,
A5097117832,D Dieu,D Dieu,
A5097245980,Lanser,Lanser,
A5097316233,Kara Houde‐Ng,Kara Houde‐Ng,
A5097318869,Howard Jürgen Renn,Howard Jürgen Renn,
A5097318870,Robert Cohen Don,Robert Cohen Don,
A5097337866,Maria I Aoudelo,Maria I Aoudelo,
A5097337867,Kenneth K Ustin,Kenneth K Ustin,
A5097344366,Abhay Ashtekar,Abhay Ashtekar,
A5097363684,Amy J. Curtis‐Webber,Amy J. Curtis‐Webber,
A5097396676,Liu Meisui,Liu Meisui,
A5097396677,Ivanovic Tijana,Ivanovic Tijana,
A5097402123,Nina Kammere,Nina Kammere,
A5097436861,LI.B. Franklin B. Fogelson,LI.B. Franklin B. Fogelson,
A5097452974,Carin C. De Paola,Carin C. De Paola,
A5097547422,Farbod Hagigi,Farbod Hagigi,
A5097554289,Kevin F. Wall,Kevin F. Wall,
A5097562746,Adrian I. Ruskin,Adrian I. Ruskin,
A5097589501,Røst Salakoski,Røst Salakoski,
A5097671482,H. Kistin,H. Kistin,
A5097705318,Vinay Vikas Konakondla-Jacob,Vinay Vikas Konakondla‐Jacob,
A5097779027,A. G. Szent-Gyorgyt,A. G. Szent‐Gyorgyt,
A5097800773,Tom Barnet-Lamb,Tom Barnet‐Lamb,
A5097804901,Aliae,Aliae,
A5097878838,H. A. Arnson,H. A. Arnson,
A5097884966,Adrian Ne Dana‐Tabet,Adrian Ne Dana‐Tabet,
A5097909233,G. Selig,G. Selig,
A5097947993,Steven V. O'Nei,Steven V. O'Nei,
A5097963935,L. A. Jick,L. A. Jick,
A5098040522,J. Otieno-Malo,J. Otieno‐Malo,
A5098049773,Jennifer Papich,Jennifer Papich,
A5098138540,TRYBUS,TRYBUS,
A5098140912,M. B. Veley,M. B. Veley,
A5098148510,L�szl� Bicz�k,L�szl� Bicz�k,
A5098181798,L. GYOERGYI,L. GYOERGYI,
A5098191153,Sridhar Bearelly,Sridhar Bearelly,
A5098198704,M. Schlangel,M. Schlangel,
A5098211574,Nianwen Xue Iii Organizers,Nianwen Xue Iii Organizers,
A5098212055,CHAD P. BOWN,CHAD P. BOWN,
A5098253429,L.F. Abott,L.F. Abott,
A5098288474,C. M. Cherington,C. M. Cherington,
A5098310134,Petr Panevová,Petr Panevová,
A5098317492,Ludmilbs Stampe,Ludmilbs Stampe,
A5098390151,Alex Ferazzoli,Alex Ferazzoli,
A5098400305,Kathleen M. Karrers,Kathleen M. Karrers,
A5098407026,C L Hagerman,C L Hagerman,
A5098438204,Jarmila Hajičová,Jarmila Hajičová,
A5098449051,Christopher Kolmakova-Partensky,Christopher Kolmakova‐Partensky,
A5098459640,P. Jalan,P. Jalan,
A5098476745,Miriam Beyene,Miriam Beyene,
A5098526559,Ondřej Sgall,Ondřej Sgall,
A5098538096,S Gutowskl,S Gutowskl,
A5098542026,Marie C. Cavanagh,Marie C. Cavanagh,
A5098549922,Susan Kemper Karen A. Kemtes,Susan Kemper Karen A. Kemtes,
A5098570859,Silvie Bojar,Silvie Bojar,
A5098571608,Bernard M. Hoekmanm,Bernard M. Hoekmanm,
A5098582585,P Stemweis,P Stemweis,
A5098590938,Mary M. Childers,Mary M. Childers,
A5098605637,Alexander Farberg,Alexander Farberg,
A5098651184,Eva Cinková,Eva Cinková,
A5098865589,Mary Reifsteck,Mary Reifsteck,
A5098871953,U Morales,U Morales,
A5098871954,Myosin Schliselfeld,Myosin Schliselfeld,
A5098875083,D Jonan,D Jonan,
A5098875084,Lipids Boulanger,Lipids Boulanger,
A5098884070,Peter Fisher Epstein,Peter Fisher Epstein,
A5098959995,Liam Flynn,Liam Flynn,
A5099062221,Senthil Veerunaidu,Senthil Veerunaidu,
A5099142874,Ryan Gossart,Ryan Gossart,
A5099142875,Catherine R. Carmona,Catherine R. Carmona,
A5099196695,Nathan Tompkinsa and,Nathan Tompkinsa and,
A5099196696,Seth Fradenb,Seth Fradenb,
A5099379203,Mrs De- Koven,Mrs De‐ Koven,
A5099379204,Mr Wieder,Mr Wieder,
A5099379205,Mr Arthur,Mr Arthur,
A5099379206,Mrs Hiatt,Mrs Hiatt,
A5099379207,Alfred Ospe,Alfred Ospe,
A5099379208,Mrs Lown,Mrs Lown,
A5099379209,Sidney Steiman,Sidney Steiman,
A5099379210,Mrs Weinberger,Mrs Weinberger,
A5099379211,Mrs Bernand,Mrs Bernand,
A5099407460,Yannik C. C. Esser,Yannik C. C. Esser,
A5099547049,Yaniv Assaf,Yaniv Assaf,
A5099547050,Olivier Boutad,Olivier Boutad,
A5099547051,Lifeline Enza,Lifeline Enza,
A5099651363,Abraham Ben Hananiah,Abraham Ben Hananiah,
A5099651364,Berurah Washofsky,Berurah Washofsky,
A5099651365,Anne Golomb,Anne Golomb,
A5099651366,Hoffman Between,Hoffman Between,
A5099651367,S Agnon,S Agnon,
A5099697347,David Kanarek,David Kanarek,
A5099697348,K Kalmin,K Kalmin,
A5099697349,Ellin Oliver,Ellin Oliver,
A5099697350,Ursula Kelly,Ursula Kelly,
A5099697351,Josiah Kindergarten,Josiah Kindergarten,
A5099697352,Kent Holzer,Kent Holzer,
A5099699731,Saperstein Marc,Saperstein Marc,
A5100138329,Andre Elbaz,Andre Elbaz,
A5100198491,Ist Professorin,Ist Professorin,
A5100206316,Lydia Joh,Lydia Joh,
A5100223117,Yaakov Wurde Die Mishnah Geschrieben,Yaakov Wurde Die Mishnah Geschrieben,
A5100251746,Lasdun Denys,Lasdun Denys,
A5100797559,Selim Hoek,Selim Hoek,
A5100797560,Adrian Ferré-D',Adrian Ferré‐D',
A5100797561,Amaré Chun,Amaré Chun,
A5100859126,Keongjin Kang,Keongjin Kang,
A5100869215,ROBIN CLARK,ROBIN CLARK,
A5100901319,L. Coffey,L. Coffey,
A5101095361,Shu Cai,Shu Cai,
A5101161015,Dan Bullock,Dan Bullock,
A5101243567,Xiefan Wu,Xiefan Wu,
A5102060804,J L Ross,J L Ross,
A5102061253,TM Egan,TM Egan,
A5102067071,Z. B. Szuts,Z. B. Szuts,
A5102171661,Campillos Llanos,Campillos Llanos,
A5102343776,Steven J. Harris,Steven J. Harris,
A5102441155,Humberto Soares,Humberto Soares,
A5102457345,Van Robert,Van Robert,
A5102473672,Ann Bell,Ann Bell,
A5102474648,Alice W. Lee,Alice W. Lee,
A5102509593,Michael Petri,Michael Petri,
A5102554253,Gianna Bruno,Gianna Bruno,
A5102554542,Gianna Bruno,Gianna Bruno,
A5102554544,Lauren Davis,Lauren Davis,
A5102554546,Julian Flesch,Julian Flesch,
A5102881106,Adah Anderson,Adah Anderson,https://orcid.org/0009-0003-8241-2294
A5103115544,Qing Liu,Qing Liu,https://orcid.org/0000-0002-2216-8029
A5103388693,Licurgo de Almeida,Licurgo de Almeida,
A5103451853,Jhon O S. Francis,Jhon O S. Francis,
A5103521571,Robert T. Brennan,Robert T. Brennan,
A5103556166,STEVEN WHITFIELD,STEVEN WHITFIELD,
A5103580526,L. S. Tang,L. S. Tang,
A5103582822,Q N Yu,Q N Yu,
A5103773587,Linda H. Yang,Linda H. Yang,
A5103798414,Giacomo Artoni,Giacomo Artoni,
A5104032567,Elton Barker,Elton Barker,
A5104046878,Akinyode Solomon,Akinyode Solomon,
A5104062287,Mr Beard,Mr Beard,
A5104068989,Katie Tyler,Katie Tyler,
A5104072402,Buffer Kent,Buffer Kent,
A5104075758,Kimberly J MacKenzie,Kimberly J MacKenzie,
A5104100129,Earle Wallace,Earle Wallace,
A5104116043,Paul Brown,Paul Brown,
A5104116044,Anne Anastasi,Anne Anastasi,
A5104178841,Tamar Harrison,Tamar Harrison,
A5104266898,Annabelle Chang,Annabelle Chang,
A5104282612,Dit David,Dit David,
A5104283881,Harrison C. Lucas,Harrison C. Lucas,
A5104406476,David Moquin,David Moquin,
A5104406477,Seng Chee,Seng Chee,
A5104406478,Andreas Hee,Andreas Hee,
A5104406479,Thomas Hentze,Thomas Hentze,
A5104442212,N. Maladinovic,N. Maladinovic,
A5104496731,Mayn McKenna,Mayn McKenna,
A5104550169,Raphael Seligmann,Raphael Seligmann,
A5104634307,Michael C. Steinlauf,Michael C. Steinlauf,
A5104634372,Jolanta Kisler-Goldstein,Jolanta Kisler‐Goldstein,
A5104634570,Glenn Dynner,Glenn Dynner,
A5104634572,Anna Petrov Bumble,Anna Petrov Bumble,
A5104634587,Karen Auerbach,Karen Auerbach,
A5104634707,Yaron Peleg,Yaron Peleg,
A5104657308,James Storer P R O C E E D I N G S Data Compression,James Storer P R O C E E D I N G S Data Compression,
A5104846346,Conrad Reining,Conrad Reining,
A5104872583,Walter Deshler,Walter Deshler,
A5104872584,Mohammed El-Khawas,Mohammed El‐Khawas,
A5104880061,Casey Heely,Casey Heely,
A5104954392,Gustavo Sigelmann,Gustavo Sigelmann,
A5104958035,Robert Liberles,Robert Liberles,
A5105029895,Paul Van,Paul Van,
A5105034789,Alfred Kirkwood,Alfred Kirkwood,
A5105041062,M Madtes,M Madtes,
A5105041063,Barbara Crain,Barbara Crain,
A5105041064,Dalibalta Sarah,Dalibalta Sarah,
A5105041066,Jiao Zhongxian,Jiao Zhongxian,
A5105041068,L Lavillette,L Lavillette,
A5105055567,Nadine Ajzenberg,Nadine Ajzenberg,
A5105055568,Boschi-Muller Sandrine,Boschi‐Muller Sandrine,
A5105055569,Coster Gideon ̈c,Coster Gideon ̈c,
A5105055570,Rudolf Dettmer,Rudolf Dettmer,
A5105055571,Asa Eitan,Asa Eitan,
A5105055572,Jose Frisancho,Jose Frisancho,
A5105055573,Kristina Kligys,Kristina Kligys,
A5105071130,Maegen Borzok,Maegen Borzok,
A5105071131,C Calsou,C Calsou,
A5105071132,Melissa Docampo,Melissa Docampo,
A5105097551,Mohammed AlMehdar,Mohammed AlMehdar,
A5105125391,MaryJo Larson,MaryJo Larson,
A5105185993,N. Miladinovic,N. Miladinovic,
A5105193040,Laurel Coffey,Laurel Coffey,
A5105204426,F. Safai Tehrani,F. Safai Tehrani,
A5105204428,E. Sedykh,E. Sedykh,
A5105216023,S. Terada,S. Terada,
A5105226628,S. Terada,S. Terada,
A5105238911,N. Miladinovic,N. Miladinovic,
A5105239774,Serdar Gozpinar,Serdar Gozpinar,
A5105239776,Gabriella Sciolla,Gabriella Sciolla,
A5105239982,Keith Zengel,Keith Zengel,
A5105245152,A. L. Lyon,A. L. Lyon,
A5105248680,K. Zengel,K. Zengel,
A5105260728,J. R. Bensinger,J. R. Bensinger,
A5105277863,Christoph Amelung,Christoph Amelung,
A5105278822,Glenn Amundsen,Glenn Amundsen,
A5105305810,Serdar Gozpinar,Serdar Gozpinar,
A5105358444,Alessio Venturini,Alessio Venturini,
A5105366936,H. Niu,H. Niu,
A5105377395,Renee Bargman,Renee Bargman,
A5105378690,Harold A. Lancer,Harold A. Lancer,
A5105401357,James Bensinger,James Bensinger,
A5105416735,F. Parodi,F. Parodi,
A5105432152,Shawn Shimpach,Shawn Shimpach,
A5105468782,D. Pomeroy,D. Pomeroy,
A5105483187,Keith J. Bartelson,Keith J. Bartelson,
A5105502866,L. Bianchini,L. Bianchini,
A5105521042,H. Niu,H. Niu,
A5105526640,C. Amelung,C. Amelung,
A5105541560,G. Sciolla,G. Sciolla,
A5105543183,G. Sciolla,G. Sciolla,
A5105546451,Z. M. Schillaci,Z. M. Schillaci,
A5105569334,G. Sciolla,G. Sciolla,
A5105569590,D. Dodsworth,D. Dodsworth,
A5105572474,M Goblirsch-Kolb,M Goblirsch‐Kolb,
A5105574433,V. Smakhtin,V. Smakhtin,
A5105574561,V. Vladimirov,V. Vladimirov,
A5105574643,P. Zhang,P. Zhang,
A5105599958,C J Shonkoff,C J Shonkoff,
A5105618968,Heechung Yang,Heechung Yang,
A5105620718,H. Wellenstein,H. Wellenstein,
A5105624804,A Venturini,A Venturini,
A5105635979,M Goblirsch-Kolb,M Goblirsch‐Kolb,
A5105692158,D. Clark,D. Clark,
A5105695241,C. Amelung,C. Amelung,
A5105695875,R. Ishmukhametov,R. Ishmukhametov,
A5105696855,H. Niu,H. Niu,
A5105699354,J R Bensinger,J R Bensinger,
A5105699818,G Amundsen,G Amundsen,
A5105701198,D. Dodsworth,D. Dodsworth,
A5105702007,K O'Connor,K O'Connor,
A5105702441,S Dhaliwal,S Dhaliwal,
A5105702454,D Dodsworth,D Dodsworth,
A5105703350,K. O’Connor,K. O’Connor,
A5105706511,G. Sciolla,G. Sciolla,
A5105707034,M. Goblirsch-Kolb,M. Goblirsch‐Kolb,
A5105721069,E. R. Duden,E. R. Duden,
A5105721674,D. T. Zenger,D. T. Zenger,
A5105737614,R. Lynn Rardin,R. Lynn Rardin,
A5105742674,Joan E. Ruttenberg,Joan E. Ruttenberg,
A5105777698,James Bensinger,James Bensinger,
A5105782198,S. Aefsky,S. Aefsky,
A5105793103,J. I. Lamoureux,J. I. Lamoureux,
A5105804772,Joseph J Lacirignola,Joseph J Lacirignola,
A5105810895,Jenny Factor,Jenny Factor,
A5105835787,Saeid Shahraz,Saeid Shahraz,
A5105837559,F. Niedercorn,F. Niedercorn,
A5105838728,K. Zengel,K. Zengel,
A5105840416,K. M. Loew,K. M. Loew,
A5105851408,Lawrence I. Mortin,Lawrence I. Mortin,
A5105852297,Andrew G. Szent-Gy�rgyi,Andrew G. Szent‐Gy�rgyi,
A5105871894,E. R. Duden,E. R. Duden,
A5105898128,Diana E. Forsythe,Diana E. Forsythe,
A5105936602,G. Sciolla,G. Sciolla,
A5105989224,D Reich,D Reich,
A5106116107,Hengrui Zhu,Hengrui Zhu,
A5106130974,C. Chen,C. Chen,
A5106146217,Brian I. Labow,Brian I. Labow,
A5106161636,Olga Papemmanuil,Olga Papemmanuil,
A5106234042,Cheryl Eastman,Cheryl Eastman,
A5106279616,Ilias Bakri,Ilias Bakri,
A5106408006,F. Niedercorn,F. Niedercorn,
A5106414664,Y. Unno,Y. Unno,
A5106429480,F. Hirsch,F. Hirsch,
A5106429491,K. Murakami,K. Murakami,
A5106434192,Gillian Berglund,Gillian Berglund,
A5106447197,Albert Dayuan Yu,Albert Dayuan Yu,
A5106450619,Francine Blau,Francine Blau,
A5106458930,K. M. Loew,K. M. Loew,
A5106459312,G. Barone,G. Barone,
A5106459941,A. Venturini,A. Venturini,
A5106462210,Lisa Lynch,Lisa Lynch,
A5106469547,K. Zengel,K. Zengel,
A5106469973,G. Sciolla,G. Sciolla,
A5106575662,Craig Blocker,Craig Blocker,
A5106582681,Anna Vasaturo,Anna Vasaturo,https://orcid.org/0000-0002-0216-6931
A5106602179,Geoffrey T. Keane,Geoffrey T. Keane,https://orcid.org/0000-0002-5529-1170
A5106691180,Heike Lenz,Heike Lenz,
A5106748062,L.E. Kirsch,L.E. Kirsch,
A5106748109,F. Monticelli,F. Monticelli,
A5106748116,F. Niedercorn,F. Niedercorn,
A5106748218,H. Wellenstein,H. Wellenstein,
A5106748228,Y. Xie,Y. Xie,
A5106760347,S. Miscetti,S. Miscetti,
A5106824806,G. Sciolla,G. Sciolla,
A5106851418,D. Dodsworth,D. Dodsworth,
A5107106336,Sam H. Finkelstein,Sam H. Finkelstein,
A5107118599,S. Gozpinar,S. Gozpinar,
A5107195703,K. Zengel,K. Zengel,
A5107233786,Yanyi Jiang,Yanyi Jiang,
A5107251927,H. Niu,H. Niu,
A5107277305,E. Petit,E. Petit,
A5107277317,E. Sedykh,E. Sedykh,
A5107277341,F. Vannucci,F. Vannucci,
A5107311654,D. Dodsworth,D. Dodsworth,
A5107343821,K. Zengel,K. Zengel,
A5107346695,K. Zengel,K. Zengel,
A5107364361,F. Capocasa,F. Capocasa,
A5107364520,S. Higashino,S. Higashino,
A5107364545,P. Iengo,P. Iengo,
A5107364555,V. Izzo,V. Izzo,
A5107364556,P. Jacka,P. Jacka,
A5107364574,S. Kang,S. Kang,
A5107364596,P. Kluit,P. Kluit,
A5107364604,S. Koperny,S. Koperny,
A5107364606,S. Korn,S. Korn,
A5107364621,S. Krishnamurthy,S. Krishnamurthy,
A5107364629,S. Kuday,S. Kuday,
A5107364632,S. Kuehn,S. Kuehn,
A5107364634,V. Kukhtin,V. Kukhtin,
A5107364651,V. Latonova,V. Latonova,
A5107364658,L.L. Leeuw,L.L. Leeuw,
A5107364677,P.A. Love,P.A. Love,
A5107364687,V. Lyubushkin,V. Lyubushkin,
A5107364696,V. Magerl,V. Magerl,
A5107364702,S. Maltezos,S. Maltezos,
A5107364703,S. Malyukov,S. Malyukov,
A5107364715,P. Massarotti,P. Massarotti,
A5107364726,S. Mehlhase,S. Mehlhase,
A5107364759,S. Mobius,S. Mobius,
A5107364761,P. Moder,P. Moder,
A5107364773,P. Moschovakos,P. Moschovakos,
A5107364825,S. Odaka,S. Odaka,
A5107364826,S. Oerdek,S. Oerdek,
A5107364842,S. Ozturk,S. Ozturk,
A5107364846,S. Pagan Griso,S. Pagan Griso,
A5107364847,S. Batlamous,S. Batlamous,
A5107364911,S. Protopopescu,S. Protopopescu,
A5107364917,S. Rajagopalan,S. Rajagopalan,
A5107364920,S. Rave,S. Rave,
A5107364939,S. Roe,S. Roe,
A5107364981,P. Savard,P. Savard,
A5107364995,S. Schlenker,S. Schlenker,
A5107365026,S. Shirabe,S. Shirabe,
A5107365039,S. Sinha,S. Sinha,
A5107365040,S. Sinha,S. Sinha,
A5107365042,P. Skubic,P. Skubic,
A5107365045,V. Smakhtin,V. Smakhtin,
A5107365054,S. Solomon,S. Solomon,
A5107365071,P. Steinberg,P. Steinberg,
A5107365088,S. Sun,S. Sun,
A5107365126,S. Todt,S. Todt,
A5107365127,S. Tokár,S. Tokár,
A5107365138,V. Tsiskaridze,V. Tsiskaridze,
A5107365140,V. Tsulaia,V. Tsulaia,
A5107365154,S. Valentinetti,S. Valentinetti,
A5107365174,V. Vladimirov,V. Vladimirov,
A5107365177,V. Vorobel,V. Vorobel,
A5107365180,V. Vrba,V. Vrba,
A5107365182,S. Wada,S. Wada,
A5107365183,S. Wahdan,S. Wahdan,
A5107365215,S. Yan,S. Yan,
A5107365230,S. Zambito,S. Zambito,
A5107365231,S.V. Zeißner,S.V. Zeißner,
A5107365287,S. Darmora,S. Darmora,
A5107365352,V. Garonne,V. Garonne,
A5107365353,P. Gaspar,P. Gaspar,
A5107365357,S. Gentile,S. Gentile,
A5107382580,S. Hu,S. Hu,
A5107382593,V. Konstantinides,V. Konstantinides,
A5107382599,M. Li,M. Li,
A5107382615,S. Meehan,S. Meehan,
A5107382628,V. Nikolaenko,V. Nikolaenko,
A5107382660,S. Bentvelsen,S. Bentvelsen,
A5107382670,S. Sultansoy,S. Sultansoy,
A5107382709,S. Chekanov,S. Chekanov,
A5107382718,S. Falciano,S. Falciano,
A5107383071,M. Kolb,M. Kolb,
A5107383102,J. Chen,J. Chen,
A5107396967,G. Sciolla,G. Sciolla,
A5107397074,S. Harkusha,S. Harkusha,
A5107397077,S. Hayashida,S. Hayashida,
A5107397079,V. Hedberg,V. Hedberg,
A5107397081,S. Hellesund,S. Hellesund,
A5107397092,S. Lammers,S. Lammers,
A5107397097,C-Q. Li,C‐Q. Li,
A5107397098,H. Li,H. Li,
A5107397099,J. Li,J. Li,
A5107397146,P. Schacht,P. Schacht,
A5107397151,P. Sicho,P. Sicho,
A5107397156,A.L. Sopio,A.L. Sopio,
A5107397185,S. Ye,S. Ye,
A5107406429,S. Gurbuz,S. Gurbuz,
A5107413357,Y. Unno,Y. Unno,
A5107414950,S. Sottocornola,S. Sottocornola,
A5107439817,Candace Chang,Candace Chang,
A5107459235,J. R. Bensinger,J. R. Bensinger,
A5107459279,P.A. Atmasiddha,P.A. Atmasiddha,
A5107601798,G.D. Gasman,G.D. Gasman,
A5107719566,Jeremy Laprade,Jeremy Laprade,https://orcid.org/0009-0006-6464-1466
A5107719567,Gauri Gajeshwar,Gauri Gajeshwar,
A5107837938,Serdar Gozpinar,Serdar Gozpinar,
A5107851263,Gabriella Sciolla,Gabriella Sciolla,
A5107851372,Keith Zengel,Keith Zengel,
A5107851533,Alessio Venturini,Alessio Venturini,
A5107855954,F. Vannucci,F. Vannucci,
A5107857077,G. Amundsen,G. Amundsen,
A5107900500,Z.M. Schillaci,Z.M. Schillaci,
A5107910568,G. Sciolla,G. Sciolla,
A5107914198,K O'Connor,K O'Connor,
A5107919754,Z. M. Schillaci,Z. M. Schillaci,
A5107924581,D. T. Zenger,D. T. Zenger,
A5107931930,D Dodsworth,D Dodsworth,
A5107938743,J.J. Teoh,J.J. Teoh,
A5107940039,D. T. Zenger,D. T. Zenger,
A5108083415,Gabriella Sciolla,Gabriella Sciolla,
A5108092739,C. Amelung,C. Amelung,
A5108126385,G. Sciolla,G. Sciolla,
A5108160229,Sara María Landa Lizarralde,Sara María Landa Lizarralde,
A5108195600,J�rgen Kupper,J�rgen Kupper,
A5108199427,Mosato Koreeda,Mosato Koreeda,
A5108202746,Steven C. Carlson,Steven C. Carlson,
A5108248934,Silvam S Schweber,Silvam S Schweber,
A5108288233,Fre Adam,Fre Adam,
A5108302890,Robin Switzer,Robin Switzer,
A5108322710,Jolie Black,Jolie Black,
A5108373595,J A Brock,J A Brock,
A5108380857,DM Zerr,DM Zerr,
A5108397567,Neil H. Goldstein,Neil H. Goldstein,
A5108399865,Géza Sirokmán,Géza Sirokmán,
A5108463262,AlfredG. Redfield,AlfredG. Redfield,
A5108468134,KM Trybus,KM Trybus,
A5108493608,Iu Y. Chan,Iu Y. Chan,
A5108503142,DA Fadool,DA Fadool,
A5108508523,Partenskii,Partenskii,
A5108532215,A F de Araújo,A F de Araújo,
A5108652200,Shahab Khatibzadeh,Shahab Khatibzadeh,
A5108727353,Tiger Lu,Tiger Lu,
A5108780178,Bielefeld Herbert,Bielefeld Herbert,
A5108781210,Mimi Kramer,Mimi Kramer,
A5108781211,Erik Robinson,Erik Robinson,
A5108790799,Alkane-Oxidation Showalter,Alkane‐Oxidation Showalter,
A5108807599,Jo Ann Brock,Jo Ann Brock,
A5108809386,Chester Tripp,Chester Tripp,
A5108862681,Cat Gibson,Cat Gibson,
A5108926950,Traci C Green,Traci C Green,
A5108958619,Stephanie M. Tenney,Stephanie M. Tenney,
A5109039014,GregoryA Petsko,GregoryA Petsko,
A5109096018,L�szl� Nyitray,L�szl� Nyitray,
A5109099991,James R. Clifton,James R. Clifton,
A5109123918,F. Stamper Geoffrey,F. Stamper Geoffrey,
A5109225411,S. Gozpinar,S. Gozpinar,
A5109227487,Linda Lee,Linda Lee,
A5109232211,D. R. Perl,D. R. Perl,
A5109253285,JH Daskin,JH Daskin,
A5109268089,E. A. Fitzgerald,E. A. Fitzgerald,
A5109398497,Kaam Adrian L. Van,Kaam Adrian L. Van,
A5109402686,Geeth Kavya Minama Reddy,Geeth Kavya Minama Reddy,
A5109551015,Bruce Mcmanus,Bruce Mcmanus,
A5109637479,Jesse Chen,Jesse Chen,
A5109767181,Zhewen Yang,Zhewen Yang,
A5109771752,Traci G. Green,Traci G. Green,
A5109860487,Ö. Sario ̃glu,Ö. Sario ̃glu,
A5109893571,Rollin Terry J. Fairbanks,Rollin Terry J. Fairbanks,
A5109967535,Carylyn Cohen,Carylyn Cohen,
A5109982682,DonaldA. Gailey,DonaldA. Gailey,
A5109987089,Erlk Selsing,Erlk Selsing,
A5110011089,John Klock,John Klock,
A5110054411,J. G. Schiff,J. G. Schiff,
A5110061465,HermanT. Epstein,HermanT. Epstein,
A5110208143,Anurag S. Maskey,Anurag S. Maskey,
A5110216295,Gung-Wei Chirn,Gung‐Wei Chirn,
A5110227078,J. R. Bensinger,J. R. Bensinger,
A5110240564,Louis Bianchini,Louis Bianchini,
A5110325430,Thomas A Fry,Thomas A Fry,
A5110351492,Susan E. Bell,Susan E. Bell,
A5110357358,DanielA. Pomeranz Krummel,DanielA. Pomeranz Krummel,
A5110443024,Ronit S. Kaufman,Ronit S. Kaufman,
A5110641523,Christina Sormani,Christina Sormani,
A5110668000,M da Silva Pereira,M da Silva Pereira,
A5110726998,Bradley J. Morrison,Bradley J. Morrison,
A5110833560,Ya Le,Ya Le,
A5110851622,S. Timoshenko,S. Timoshenko,
A5110888068,Mrs Humphry Ward,Mrs Humphry Ward,
A5110889849,Matthias Ziegler,Matthias Ziegler,
A5110905046,Joseph Applegate,Joseph Applegate,
A5110980867,Stephen Rose,Stephen Rose,
A5111007507,Prakash Kaswhan,Prakash Kaswhan,
A5111028101,Kaicheng Gu,Kaicheng Gu,
A5111038136,Kevin A. Mani,Kevin A. Mani,
A5111071555,Ao Chan,Ao Chan,
A5111073546,Marc Hömberger,Marc Hömberger,
A5111080636,Camelia Zheng,Camelia Zheng,
A5111087718,Sammi Chen,Sammi Chen,
A5111135981,Rixin Su,Rixin Su,
A5111175433,Arne Jacobsen,Arne Jacobsen,
A5111232401,Kaiyue Yang,Kaiyue Yang,
A5111255935,Zachary Albert,Zachary Albert,
A5111279996,Isabel Xu,Isabel Xu,
A5111291281,Guangkai Tang,Guangkai Tang,
A5111300979,Chuxu Zha,Chuxu Zha,
A5111428963,M A Nugent,M A Nugent,
A5111470857,Alison Pearson,Alison Pearson,
A5111488508,EA Trautwein,EA Trautwein,
A5111503084,G. Sciolla,G. Sciolla,
A5111510152,JC Hall,JC Hall,
A5111563729,Piroskae Hüvös,Piroskae Hüvös,
A5111678264,Frangoise Stutz,Frangoise Stutz,
A5111716031,T. J. Gluckman,T. J. Gluckman,
A5111785495,F. Lacava,F. Lacava,
A5111799536,By A. Adler,By A. Adler,
A5111818852,Sara S. Bacbman,Sara S. Bacbman,
A5111860994,AlanS. Prince,AlanS. Prince,
A5111881148,Esta-Lee Stone,Esta‐Lee Stone,
A5111891230,J H Teem,J H Teem,
A5111903900,OH Siru,OH Siru,
A5112073744,IRVING R. ESPTEIN,IRVING R. ESPTEIN,
A5112104246,Jaya Gupta,Jaya Gupta,
A5112134739,Edward Zuroweste,Edward Zuroweste,
A5112195433,Mindy Lipson Lipson,Mindy Lipson Lipson,
A5112319276,George S. Yerganian,George S. Yerganian,
A5112340480,Bruce M. Foxman,Bruce M. Foxman,
A5112710642,Zhenzhen Qu,Zhenzhen Qu,
A5112751588,S. Kido,S. Kido,
A5112751590,S. Sen,S. Sen,
A5112771462,Albert Mclean,Albert Mclean,
A5112771641,Seda ̧o,Seda ̧o,
A5112771642,Kyung-Woon Kim,Kyung‐Woon Kim,
A5112777024,Andy Barto,Andy Barto,
A5112778072,Mr Joseph,Mr Joseph,
A5112813710,Philip Shea,Philip Shea,
A5112814977,Subfragments Margossian,Subfragments Margossian,
A5112822802,Lucie Colvin,Lucie Colvin,
A5112829580,David Newsom,David Newsom,
A5112832337,Chlamydomonas Goodenough,Chlamydomonas Goodenough,
A5112862936,Howard Bay,Howard Bay,
A5112894038,Davide Pettenuzzo,Davide Pettenuzzo,
A5112908662,Kee Huynh,Kee Huynh,
A5112908663,Shujiro Plummer,Shujiro Plummer,
A5112915014,Caroline Day,Caroline Day,
A5112962032,Alfred Bell,Alfred Bell,
A5112962033,Michel Orban,Michel Orban,
A5113096474,Susan Eaton,Susan Eaton,
A5113098511,V. Vladimirov,V. Vladimirov,
A5113104145,Abigail Gillman,Abigail Gillman,
A5113144083,Melina Perez Torres,Melina Perez Torres,
A5113161831,Ethan Crouse,Ethan Crouse,
A5113291400,Gess Kelly,Gess Kelly,
A5113399119,Katsu NISHIYAMA,Katsu NISHIYAMA,
A5113555219,Zi-Peng Fan,Zi‐Peng Fan,
A5113594306,Andraás Perczel,Andraás Perczel,
A5113610107,Hiramagalur N. Jayaram,Hiramagalur N. Jayaram,
A5113612595,ChristopherJ. Halkides,ChristopherJ. Halkides,
A5113630599,Jin Shan Hu,Jin Shan Hu,
A5113655342,Maya Jacob,Maya Jacob,
A5113655656,Tzu-Yang Lin,Tzu‐Yang Lin,
A5113656652,R. Ishmukhametov,R. Ishmukhametov,
A5113662990,Maksymillian Boratynski,Maksymillian Boratynski,
A5113671969,Y. G. Schlippe,Y. G. Schlippe,
A5113675975,DL Brautigan,DL Brautigan,
A5113742877,Laura Subramanian,Laura Subramanian,
A5113997178,Ii Todd,Ii Todd,
A5114003771,Bain Murray,Bain Murray,
A5114005974,Matthew Arnold To Arthur,Matthew Arnold To Arthur,
A5114018141,S Daniel Breslauer,S Daniel Breslauer,
A5114029742,Werner Moore,Werner Moore,
A5114029743,Jan Kessler,Jan Kessler,
A5114031364,Samuel Bates,Samuel Bates,
A5114047295,Adrian Kim,Adrian Kim,
A5114064438,Xiaolin Qiao,Xiaolin Qiao,
A5114150520,Lucien Kroll,Lucien Kroll,
A5114239049,Jason Olson,Jason Olson,
A5114382264,Krisztian Gado,Krisztian Gado,
A5114509345,Bailey Machek,Bailey Machek,
A5114607189,Charlie Cosnier-Horeau,Charlie Cosnier‐Horeau,
A5114668344,Mikayla Ferg,Mikayla Ferg,
A5114678569,Gerald W Bush,Gerald W Bush,
A5114781543,S. Daser,S. Daser,
A5114781836,David Seideman,David Seideman,
A5114840889,Dina Grossman And,Dina Grossman And,
A5114890182,M Huüfner,M Huüfner,
A5114890307,M Huüfner,M Huüfner,
A5114897427,Debra A. Titone Margaret M. Kjelgaard,Debra A. Titone Margaret M. Kjelgaard,
A5114911637,H D Kaloustian,H D Kaloustian,
A5114911796,H D Kaloustian,H D Kaloustian,
A5114931364,Petsko A Gregory,Petsko A Gregory,
A5114934943,Maria Pi�ango,Maria Pi�ango,
A5115003010,Hung Kwan Fok,Hung Kwan Fok,https://orcid.org/0009-0008-6833-7300
A5115610651,Marc Abelard,Marc Abelard,
A5115749915,Kerem Uşşaklı,Kerem Uşşaklı,https://orcid.org/0000-0002-7996-6590
A5115766166,Sophia C Denaro,Sophia C Denaro,
A5115775248,Isabela Ashton-Rickardt,Isabela Ashton‐Rickardt,
A5115829366,Sydney Pickern,Sydney Pickern,
A5115837071,Victoria Lesser,Victoria Lesser,
A5115867854,Kai Kibilko,Kai Kibilko,
A5115913900,Ben Lambright,Ben Lambright,
A5115988855,Taylor Ackley,Taylor Ackley,
A5116025125,Shafik Sekitto,Shafik Sekitto,
A5116484898,Alexandra Piñeros-Shields,Alexandra Piñeros‐Shields,
A5116490453,Olivia Zinn,Olivia Zinn,
A5116615585,Shijia Mao,Shijia Mao,
A5117166196,Tara P Azam,Tara P Azam,
A5117234686,Jessica Chaikof,Jessica Chaikof,
A5117354307,Gianna Everette,Gianna Everette,
A5117406728,Shanesha Christmas,Shanesha Christmas,
A5117406729,Karen A Alfaro,Karen A Alfaro,
A5117410180,Luci Swinford,Luci Swinford,
A5117736906,Sophia Balkovski,Sophia Balkovski,
A5117836249,Alena Lokhmanenko,Alena Lokhmanenko,
